team,date,elo
Albania,2015-03-29 00:00:00+00:00,1590.0
Albania,2015-06-13 00:00:00+00:00,1606.0
Albania,2015-09-04 00:00:00+00:00,1619.0
Albania,2015-09-07 00:00:00+00:00,1608.0
Albania,2015-10-08 00:00:00+00:00,1578.0
Albania,2015-10-11 00:00:00+00:00,1618.0
Albania,2015-11-13 00:00:00+00:00,1614.0
Albania,2015-11-16 00:00:00+00:00,1608.0
Albania,2016-03-26 00:00:00+00:00,1605.0
Albania,2016-03-29 00:00:00+00:00,1611.0
Albania,2016-05-29 00:00:00+00:00,1623.0
Albania,2016-06-03 00:00:00+00:00,1616.0
Albania,2016-06-11 00:00:00+00:00,1601.0
Albania,2016-06-15 00:00:00+00:00,1597.0
Albania,2016-06-19 00:00:00+00:00,1633.0
Albania,2016-08-31 00:00:00+00:00,1629.0
Albania,2016-09-06 00:00:00+00:00,1635.0
Albania,2016-10-06 00:00:00+00:00,1642.0
Albania,2016-10-09 00:00:00+00:00,1629.0
Albania,2016-11-12 00:00:00+00:00,1580.0
Albania,2017-03-24 00:00:00+00:00,1576.0
Albania,2017-03-28 00:00:00+00:00,1568.0
Albania,2017-06-04 00:00:00+00:00,1552.0
Albania,2017-06-11 00:00:00+00:00,1602.0
Albania,2017-09-02 00:00:00+00:00,1605.0
Albania,2017-09-05 00:00:00+00:00,1603.0
Albania,2017-10-06 00:00:00+00:00,1600.0
Albania,2017-10-09 00:00:00+00:00,1592.0
Albania,2017-11-13 00:00:00+00:00,1608.0
Albania,2018-03-26 00:00:00+00:00,1595.0
Albania,2018-05-29 00:00:00+00:00,1569.0
Albania,2018-06-03 00:00:00+00:00,1560.0
Albania,2018-09-07 00:00:00+00:00,1573.0
Albania,2018-09-10 00:00:00+00:00,1560.0
Albania,2018-10-10 00:00:00+00:00,1555.0
Albania,2018-10-14 00:00:00+00:00,1531.0
Albania,2018-11-17 00:00:00+00:00,1499.0
Albania,2018-11-20 00:00:00+00:00,1514.0
Albania,2019-03-22 00:00:00+00:00,1490.0
Albania,2019-03-25 00:00:00+00:00,1500.0
Albania,2019-06-08 00:00:00+00:00,1493.0
Albania,2019-06-11 00:00:00+00:00,1503.0
Albania,2019-09-07 00:00:00+00:00,1501.0
Albania,2019-09-10 00:00:00+00:00,1539.0
Albania,2019-10-11 00:00:00+00:00,1534.0
Albania,2019-10-14 00:00:00+00:00,1554.0
Albania,2019-11-14 00:00:00+00:00,1536.0
Albania,2019-11-17 00:00:00+00:00,1531.0
Albania,2020-09-04 00:00:00+00:00,1569.0
Albania,2020-09-07 00:00:00+00:00,1533.0
Albania,2020-10-11 00:00:00+00:00,1530.0
Albania,2020-10-14 00:00:00+00:00,1525.0
Albania,2020-11-11 00:00:00+00:00,1532.0
Albania,2020-11-15 00:00:00+00:00,1543.0
Albania,2020-11-18 00:00:00+00:00,1556.0
Albania,2021-03-25 00:00:00+00:00,1559.0
Albania,2021-03-28 00:00:00+00:00,1550.0
Albania,2021-03-31 00:00:00+00:00,1552.0
Albania,2021-06-05 00:00:00+00:00,1560.0
Albania,2021-06-08 00:00:00+00:00,1556.0
Albania,2021-09-02 00:00:00+00:00,1546.0
Albania,2021-09-05 00:00:00+00:00,1571.0
Albania,2021-09-08 00:00:00+00:00,1572.0
Albania,2021-10-09 00:00:00+00:00,1604.0
Albania,2021-10-12 00:00:00+00:00,1588.0
Albania,2021-11-12 00:00:00+00:00,1585.0
Albania,2021-11-15 00:00:00+00:00,1586.0
Albania,2022-03-26 00:00:00+00:00,1585.0
Albania,2022-03-29 00:00:00+00:00,1582.0
Albania,2022-06-06 00:00:00+00:00,1586.0
Albania,2022-06-10 00:00:00+00:00,1562.0
Albania,2022-06-13 00:00:00+00:00,1556.0
Albania,2022-09-24 00:00:00+00:00,1546.0
Albania,2022-09-27 00:00:00+00:00,1541.0
Albania,2022-10-26 00:00:00+00:00,1544.0
Albania,2022-11-09 00:00:00+00:00,1538.0
Albania,2022-11-16 00:00:00+00:00,1535.0
Albania,2022-11-19 00:00:00+00:00,1543.0
Albania,2023-03-27 00:00:00+00:00,1538.0
Albania,2023-06-17 00:00:00+00:00,1544.0
Albania,2023-06-20 00:00:00+00:00,1562.0
Albania,2023-09-07 00:00:00+00:00,1577.0
Albania,2023-09-10 00:00:00+00:00,1614.0
Albania,2023-10-12 00:00:00+00:00,1657.0
Albania,2023-10-17 00:00:00+00:00,1661.0
Albania,2023-11-17 00:00:00+00:00,1649.0
Albania,2023-11-20 00:00:00+00:00,1631.0
Albania,2024-03-22 00:00:00+00:00,1617.0
Albania,2024-03-25 00:00:00+00:00,1612.0
Albania,2024-06-03 00:00:00+00:00,1613.0
Albania,2024-06-07 00:00:00+00:00,1623.0
Albania,2024-06-15 00:00:00+00:00,1616.0
Albania,2024-06-19 00:00:00+00:00,1634.0
Albania,2024-06-24 00:00:00+00:00,1630.0
Albania,2024-09-07 00:00:00+00:00,1660.0
Albania,2024-09-10 00:00:00+00:00,1638.0
Albania,2024-10-11 00:00:00+00:00,1623.0
Albania,2024-10-14 00:00:00+00:00,1654.0
Albania,2024-11-16 00:00:00+00:00,1653.0
Albania,2024-11-19 00:00:00+00:00,1635.0
Albania,2025-03-21 00:00:00+00:00,1631.0
Albania,2025-03-24 00:00:00+00:00,1633.0
Albania,2025-06-07 00:00:00+00:00,1639.0
Albania,2025-06-10 00:00:00+00:00,1627.0
Albania,2025-09-04 00:00:00+00:00,1628.0
Albania,2025-09-09 00:00:00+00:00,1631.0
Albania,2025-10-11 00:00:00+00:00,1664.0
Albania,2025-10-14 00:00:00+00:00,1673.0
Albania,2025-11-13 00:00:00+00:00,1675.0
Albania,2025-11-16 00:00:00+00:00,1664.0
Albania,2026-03-26 00:00:00+00:00,1653.0
Albania,2026-03-31 00:00:00+00:00,1646.0
Albania,2026-06-03 00:00:00+00:00,1633.0
Albania,2026-06-06 00:00:00+00:00,1616.0
Andorra,2015-03-28 00:00:00+00:00,974.0
Andorra,2015-06-06 00:00:00+00:00,971.0
Andorra,2015-06-12 00:00:00+00:00,963.0
Andorra,2015-09-03 00:00:00+00:00,962.0
Andorra,2015-09-06 00:00:00+00:00,961.0
Andorra,2015-10-10 00:00:00+00:00,960.0
Andorra,2015-10-13 00:00:00+00:00,959.0
Andorra,2015-11-12 00:00:00+00:00,954.0
Andorra,2016-03-28 00:00:00+00:00,952.0
Andorra,2016-05-26 00:00:00+00:00,961.0
Andorra,2016-06-01 00:00:00+00:00,960.0
Andorra,2016-09-06 00:00:00+00:00,957.0
Andorra,2016-10-07 00:00:00+00:00,957.0
Andorra,2016-10-10 00:00:00+00:00,957.0
Andorra,2016-11-13 00:00:00+00:00,956.0
Andorra,2017-02-22 00:00:00+00:00,972.0
Andorra,2017-03-25 00:00:00+00:00,983.0
Andorra,2017-06-09 00:00:00+00:00,1022.0
Andorra,2017-08-16 00:00:00+00:00,1021.0
Andorra,2017-08-31 00:00:00+00:00,1021.0
Andorra,2017-09-03 00:00:00+00:00,1017.0
Andorra,2017-10-07 00:00:00+00:00,1017.0
Andorra,2017-10-10 00:00:00+00:00,1012.0
Andorra,2018-03-21 00:00:00+00:00,1026.0
Andorra,2018-06-03 00:00:00+00:00,1038.0
Andorra,2018-08-18 00:00:00+00:00,1047.0
Andorra,2018-09-06 00:00:00+00:00,1063.0
Andorra,2018-09-10 00:00:00+00:00,1072.0
Andorra,2018-10-13 00:00:00+00:00,1069.0
Andorra,2018-10-16 00:00:00+00:00,1061.0
Andorra,2018-11-15 00:00:00+00:00,1077.0
Andorra,2018-11-19 00:00:00+00:00,1084.0
Andorra,2019-03-22 00:00:00+00:00,1080.0
Andorra,2019-03-25 00:00:00+00:00,1070.0
Andorra,2019-06-08 00:00:00+00:00,1065.0
Andorra,2019-06-11 00:00:00+00:00,1065.0
Andorra,2019-09-07 00:00:00+00:00,1065.0
Andorra,2019-09-10 00:00:00+00:00,1065.0
Andorra,2019-10-11 00:00:00+00:00,1092.0
Andorra,2019-10-14 00:00:00+00:00,1091.0
Andorra,2019-11-14 00:00:00+00:00,1109.0
Andorra,2019-11-17 00:00:00+00:00,1107.0
Andorra,2020-09-03 00:00:00+00:00,1119.0
Andorra,2020-09-06 00:00:00+00:00,1100.0
Andorra,2020-10-07 00:00:00+00:00,1095.0
Andorra,2020-10-10 00:00:00+00:00,1093.0
Andorra,2020-10-13 00:00:00+00:00,1082.0
Andorra,2020-11-11 00:00:00+00:00,1082.0
Andorra,2020-11-14 00:00:00+00:00,1069.0
Andorra,2020-11-17 00:00:00+00:00,1036.0
Andorra,2021-03-25 00:00:00+00:00,1033.0
Andorra,2021-03-28 00:00:00+00:00,1033.0
Andorra,2021-03-31 00:00:00+00:00,1031.0
Andorra,2021-06-03 00:00:00+00:00,1029.0
Andorra,2021-06-07 00:00:00+00:00,1028.0
Andorra,2021-09-02 00:00:00+00:00,1037.0
Andorra,2021-09-05 00:00:00+00:00,1037.0
Andorra,2021-09-08 00:00:00+00:00,1037.0
Andorra,2021-10-09 00:00:00+00:00,1037.0
Andorra,2021-10-12 00:00:00+00:00,1060.0
Andorra,2021-11-12 00:00:00+00:00,1058.0
Andorra,2021-11-15 00:00:00+00:00,1057.0
Andorra,2022-03-25 00:00:00+00:00,1068.0
Andorra,2022-03-28 00:00:00+00:00,1077.0
Andorra,2022-06-03 00:00:00+00:00,1069.0
Andorra,2022-06-06 00:00:00+00:00,1073.0
Andorra,2022-06-10 00:00:00+00:00,1086.0
Andorra,2022-06-14 00:00:00+00:00,1077.0
Andorra,2022-09-22 00:00:00+00:00,1111.0
Andorra,2022-09-25 00:00:00+00:00,1119.0
Andorra,2022-11-16 00:00:00+00:00,1118.0
Andorra,2022-11-19 00:00:00+00:00,1109.0
Andorra,2023-03-25 00:00:00+00:00,1104.0
Andorra,2023-03-28 00:00:00+00:00,1122.0
Andorra,2023-06-16 00:00:00+00:00,1121.0
Andorra,2023-06-19 00:00:00+00:00,1120.0
Andorra,2023-09-09 00:00:00+00:00,1130.0
Andorra,2023-09-12 00:00:00+00:00,1129.0
Andorra,2023-10-12 00:00:00+00:00,1115.0
Andorra,2023-10-15 00:00:00+00:00,1113.0
Andorra,2023-11-18 00:00:00+00:00,1108.0
Andorra,2023-11-21 00:00:00+00:00,1102.0
Andorra,2024-03-21 00:00:00+00:00,1115.0
Andorra,2024-03-25 00:00:00+00:00,1113.0
Andorra,2024-06-05 00:00:00+00:00,1113.0
Andorra,2024-06-11 00:00:00+00:00,1110.0
Andorra,2024-09-04 00:00:00+00:00,1101.0
Andorra,2024-09-10 00:00:00+00:00,1083.0
Andorra,2024-10-10 00:00:00+00:00,1077.0
Andorra,2024-10-13 00:00:00+00:00,1080.0
Andorra,2024-11-16 00:00:00+00:00,1069.0
Andorra,2024-11-19 00:00:00+00:00,1083.0
Andorra,2025-03-21 00:00:00+00:00,1068.0
Andorra,2025-03-24 00:00:00+00:00,1066.0
Andorra,2025-06-07 00:00:00+00:00,1066.0
Andorra,2025-06-10 00:00:00+00:00,1066.0
Andorra,2025-09-06 00:00:00+00:00,1066.0
Andorra,2025-09-09 00:00:00+00:00,1074.0
Andorra,2025-10-11 00:00:00+00:00,1089.0
Andorra,2025-10-14 00:00:00+00:00,1087.0
Andorra,2025-11-13 00:00:00+00:00,1085.0
Andorra,2025-11-17 00:00:00+00:00,1083.0
Andorra,2026-03-27 00:00:00+00:00,1081.0
Andorra,2026-03-31 00:00:00+00:00,1077.0
Andorra,2026-05-29 00:00:00+00:00,1076.0
Andorra,2026-06-04 00:00:00+00:00,1081.0
Andorra,2026-06-07 00:00:00+00:00,1080.0
Armenia,2015-03-29 00:00:00+00:00,1536.0
Armenia,2015-06-13 00:00:00+00:00,1528.0
Armenia,2015-09-04 00:00:00+00:00,1518.0
Armenia,2015-09-07 00:00:00+00:00,1526.0
Armenia,2015-10-08 00:00:00+00:00,1524.0
Armenia,2015-10-11 00:00:00+00:00,1484.0
Armenia,2016-03-25 00:00:00+00:00,1484.0
Armenia,2016-05-28 00:00:00+00:00,1507.0
Armenia,2016-06-01 00:00:00+00:00,1522.0
Armenia,2016-08-31 00:00:00+00:00,1517.0
Armenia,2016-09-04 00:00:00+00:00,1512.0
Armenia,2016-10-08 00:00:00+00:00,1482.0
Armenia,2016-10-11 00:00:00+00:00,1479.0
Armenia,2016-11-11 00:00:00+00:00,1501.0
Armenia,2017-03-26 00:00:00+00:00,1515.0
Armenia,2017-06-04 00:00:00+00:00,1520.0
Armenia,2017-06-10 00:00:00+00:00,1500.0
Armenia,2017-09-01 00:00:00+00:00,1493.0
Armenia,2017-09-04 00:00:00+00:00,1475.0
Armenia,2017-10-05 00:00:00+00:00,1460.0
Armenia,2017-10-08 00:00:00+00:00,1459.0
Armenia,2017-11-09 00:00:00+00:00,1474.0
Armenia,2017-11-13 00:00:00+00:00,1480.0
Armenia,2018-03-24 00:00:00+00:00,1478.0
Armenia,2018-03-27 00:00:00+00:00,1463.0
Armenia,2018-05-29 00:00:00+00:00,1457.0
Armenia,2018-06-04 00:00:00+00:00,1453.0
Armenia,2018-09-06 00:00:00+00:00,1456.0
Armenia,2018-09-09 00:00:00+00:00,1440.0
Armenia,2018-10-13 00:00:00+00:00,1402.0
Armenia,2018-10-16 00:00:00+00:00,1444.0
Armenia,2018-11-16 00:00:00+00:00,1460.0
Armenia,2018-11-19 00:00:00+00:00,1448.0
Armenia,2019-03-23 00:00:00+00:00,1445.0
Armenia,2019-03-26 00:00:00+00:00,1421.0
Armenia,2019-06-08 00:00:00+00:00,1428.0
Armenia,2019-06-11 00:00:00+00:00,1461.0
Armenia,2019-09-05 00:00:00+00:00,1454.0
Armenia,2019-09-08 00:00:00+00:00,1499.0
Armenia,2019-10-12 00:00:00+00:00,1486.0
Armenia,2019-10-15 00:00:00+00:00,1473.0
Armenia,2019-11-15 00:00:00+00:00,1453.0
Armenia,2019-11-18 00:00:00+00:00,1450.0
Armenia,2020-09-05 00:00:00+00:00,1440.0
Armenia,2020-09-08 00:00:00+00:00,1460.0
Armenia,2020-10-11 00:00:00+00:00,1466.0
Armenia,2020-10-14 00:00:00+00:00,1467.0
Armenia,2020-11-15 00:00:00+00:00,1497.0
Armenia,2020-11-18 00:00:00+00:00,1522.0
Armenia,2021-03-25 00:00:00+00:00,1528.0
Armenia,2021-03-28 00:00:00+00:00,1558.0
Armenia,2021-03-31 00:00:00+00:00,1578.0
Armenia,2021-06-01 00:00:00+00:00,1586.0
Armenia,2021-06-05 00:00:00+00:00,1583.0
Armenia,2021-09-02 00:00:00+00:00,1588.0
Armenia,2021-09-05 00:00:00+00:00,1581.0
Armenia,2021-09-08 00:00:00+00:00,1562.0
Armenia,2021-10-08 00:00:00+00:00,1567.0
Armenia,2021-10-11 00:00:00+00:00,1557.0
Armenia,2021-11-11 00:00:00+00:00,1506.0
Armenia,2021-11-14 00:00:00+00:00,1498.0
Armenia,2022-03-24 00:00:00+00:00,1506.0
Armenia,2022-03-29 00:00:00+00:00,1500.0
Armenia,2022-06-04 00:00:00+00:00,1525.0
Armenia,2022-06-08 00:00:00+00:00,1515.0
Armenia,2022-06-11 00:00:00+00:00,1506.0
Armenia,2022-06-14 00:00:00+00:00,1478.0
Armenia,2022-09-24 00:00:00+00:00,1461.0
Armenia,2022-09-27 00:00:00+00:00,1455.0
Armenia,2022-11-16 00:00:00+00:00,1459.0
Armenia,2022-11-19 00:00:00+00:00,1451.0
Armenia,2023-03-25 00:00:00+00:00,1440.0
Armenia,2023-03-28 00:00:00+00:00,1435.0
Armenia,2023-06-16 00:00:00+00:00,1489.0
Armenia,2023-06-19 00:00:00+00:00,1497.0
Armenia,2023-09-08 00:00:00+00:00,1512.0
Armenia,2023-09-11 00:00:00+00:00,1508.0
Armenia,2023-10-12 00:00:00+00:00,1470.0
Armenia,2023-10-17 00:00:00+00:00,1462.0
Armenia,2023-11-18 00:00:00+00:00,1470.0
Armenia,2023-11-21 00:00:00+00:00,1469.0
Armenia,2024-03-22 00:00:00+00:00,1457.0
Armenia,2024-03-26 00:00:00+00:00,1455.0
Armenia,2024-06-04 00:00:00+00:00,1453.0
Armenia,2024-06-07 00:00:00+00:00,1461.0
Armenia,2024-09-07 00:00:00+00:00,1475.0
Armenia,2024-09-10 00:00:00+00:00,1458.0
Armenia,2024-10-10 00:00:00+00:00,1452.0
Armenia,2024-10-13 00:00:00+00:00,1424.0
Armenia,2024-11-14 00:00:00+00:00,1391.0
Armenia,2024-11-17 00:00:00+00:00,1411.0
Armenia,2025-03-20 00:00:00+00:00,1393.0
Armenia,2025-03-23 00:00:00+00:00,1386.0
Armenia,2025-06-06 00:00:00+00:00,1381.0
Armenia,2025-06-09 00:00:00+00:00,1387.0
Armenia,2025-09-06 00:00:00+00:00,1384.0
Armenia,2025-09-09 00:00:00+00:00,1412.0
Armenia,2025-10-11 00:00:00+00:00,1406.0
Armenia,2025-10-14 00:00:00+00:00,1400.0
Armenia,2025-11-13 00:00:00+00:00,1391.0
Armenia,2025-11-16 00:00:00+00:00,1389.0
Armenia,2026-03-29 00:00:00+00:00,1379.0
Armenia,2026-06-06 00:00:00+00:00,1378.0
Armenia,2026-06-09 00:00:00+00:00,1373.0
Austria,2015-03-27 00:00:00+00:00,1721.0
Austria,2015-03-31 00:00:00+00:00,1718.0
Austria,2015-06-14 00:00:00+00:00,1746.0
Austria,2015-09-05 00:00:00+00:00,1749.0
Austria,2015-09-08 00:00:00+00:00,1797.0
Austria,2015-10-09 00:00:00+00:00,1812.0
Austria,2015-10-12 00:00:00+00:00,1813.0
Austria,2015-11-17 00:00:00+00:00,1800.0
Austria,2016-03-26 00:00:00+00:00,1803.0
Austria,2016-03-29 00:00:00+00:00,1790.0
Austria,2016-05-31 00:00:00+00:00,1790.0
Austria,2016-06-04 00:00:00+00:00,1776.0
Austria,2016-06-14 00:00:00+00:00,1730.0
Austria,2016-06-18 00:00:00+00:00,1741.0
Austria,2016-06-22 00:00:00+00:00,1712.0
Austria,2016-09-05 00:00:00+00:00,1725.0
Austria,2016-10-06 00:00:00+00:00,1722.0
Austria,2016-10-09 00:00:00+00:00,1708.0
Austria,2016-11-12 00:00:00+00:00,1686.0
Austria,2016-11-15 00:00:00+00:00,1685.0
Austria,2017-03-24 00:00:00+00:00,1690.0
Austria,2017-03-28 00:00:00+00:00,1684.0
Austria,2017-06-11 00:00:00+00:00,1694.0
Austria,2017-09-02 00:00:00+00:00,1683.0
Austria,2017-09-05 00:00:00+00:00,1669.0
Austria,2017-10-06 00:00:00+00:00,1690.0
Austria,2017-10-09 00:00:00+00:00,1698.0
Austria,2017-11-14 00:00:00+00:00,1710.0
Austria,2018-03-23 00:00:00+00:00,1720.0
Austria,2018-03-27 00:00:00+00:00,1726.0
Austria,2018-05-30 00:00:00+00:00,1732.0
Austria,2018-06-02 00:00:00+00:00,1748.0
Austria,2018-06-10 00:00:00+00:00,1742.0
Austria,2018-09-06 00:00:00+00:00,1758.0
Austria,2018-09-11 00:00:00+00:00,1744.0
Austria,2018-10-12 00:00:00+00:00,1754.0
Austria,2018-10-16 00:00:00+00:00,1748.0
Austria,2018-11-15 00:00:00+00:00,1745.0
Austria,2018-11-18 00:00:00+00:00,1765.0
Austria,2019-03-21 00:00:00+00:00,1739.0
Austria,2019-03-24 00:00:00+00:00,1702.0
Austria,2019-06-07 00:00:00+00:00,1710.0
Austria,2019-06-10 00:00:00+00:00,1736.0
Austria,2019-09-06 00:00:00+00:00,1739.0
Austria,2019-09-09 00:00:00+00:00,1746.0
Austria,2019-10-10 00:00:00+00:00,1756.0
Austria,2019-10-13 00:00:00+00:00,1773.0
Austria,2019-11-16 00:00:00+00:00,1778.0
Austria,2019-11-19 00:00:00+00:00,1741.0
Austria,2020-09-04 00:00:00+00:00,1766.0
Austria,2020-09-07 00:00:00+00:00,1737.0
Austria,2020-10-07 00:00:00+00:00,1742.0
Austria,2020-10-11 00:00:00+00:00,1762.0
Austria,2020-10-14 00:00:00+00:00,1783.0
Austria,2020-11-11 00:00:00+00:00,1788.0
Austria,2020-11-15 00:00:00+00:00,1794.0
Austria,2020-11-18 00:00:00+00:00,1786.0
Austria,2021-03-25 00:00:00+00:00,1784.0
Austria,2021-03-28 00:00:00+00:00,1786.0
Austria,2021-03-31 00:00:00+00:00,1754.0
Austria,2021-06-02 00:00:00+00:00,1751.0
Austria,2021-06-06 00:00:00+00:00,1746.0
Austria,2021-06-13 00:00:00+00:00,1769.0
Austria,2021-06-17 00:00:00+00:00,1757.0
Austria,2021-06-21 00:00:00+00:00,1786.0
Austria,2021-06-26 00:00:00+00:00,1777.0
Austria,2021-09-01 00:00:00+00:00,1781.0
Austria,2021-09-04 00:00:00+00:00,1740.0
Austria,2021-09-07 00:00:00+00:00,1709.0
Austria,2021-10-09 00:00:00+00:00,1716.0
Austria,2021-10-12 00:00:00+00:00,1712.0
Austria,2021-11-12 00:00:00+00:00,1728.0
Austria,2021-11-15 00:00:00+00:00,1730.0
Austria,2022-03-24 00:00:00+00:00,1721.0
Austria,2022-03-29 00:00:00+00:00,1718.0
Austria,2022-06-03 00:00:00+00:00,1774.0
Austria,2022-06-06 00:00:00+00:00,1759.0
Austria,2022-06-10 00:00:00+00:00,1770.0
Austria,2022-06-13 00:00:00+00:00,1760.0
Austria,2022-09-22 00:00:00+00:00,1754.0
Austria,2022-09-25 00:00:00+00:00,1728.0
Austria,2022-11-16 00:00:00+00:00,1729.0
Austria,2022-11-20 00:00:00+00:00,1751.0
Austria,2023-03-24 00:00:00+00:00,1756.0
Austria,2023-03-27 00:00:00+00:00,1759.0
Austria,2023-06-17 00:00:00+00:00,1774.0
Austria,2023-06-20 00:00:00+00:00,1794.0
Austria,2023-09-07 00:00:00+00:00,1785.0
Austria,2023-09-12 00:00:00+00:00,1821.0
Austria,2023-10-13 00:00:00+00:00,1805.0
Austria,2023-10-16 00:00:00+00:00,1813.0
Austria,2023-11-16 00:00:00+00:00,1821.0
Austria,2023-11-21 00:00:00+00:00,1835.0
Austria,2024-03-23 00:00:00+00:00,1847.0
Austria,2024-03-26 00:00:00+00:00,1857.0
Austria,2024-06-04 00:00:00+00:00,1862.0
Austria,2024-06-08 00:00:00+00:00,1863.0
Austria,2024-06-17 00:00:00+00:00,1852.0
Austria,2024-06-21 00:00:00+00:00,1877.0
Austria,2024-06-25 00:00:00+00:00,1910.0
Austria,2024-07-02 00:00:00+00:00,1876.0
Austria,2024-09-06 00:00:00+00:00,1876.0
Austria,2024-09-09 00:00:00+00:00,1853.0
Austria,2024-10-10 00:00:00+00:00,1857.0
Austria,2024-10-13 00:00:00+00:00,1876.0
Austria,2024-11-14 00:00:00+00:00,1884.0
Austria,2024-11-17 00:00:00+00:00,1871.0
Austria,2025-03-20 00:00:00+00:00,1862.0
Austria,2025-03-23 00:00:00+00:00,1837.0
Austria,2025-06-07 00:00:00+00:00,1845.0
Austria,2025-06-10 00:00:00+00:00,1845.0
Austria,2025-09-06 00:00:00+00:00,1846.0
Austria,2025-09-09 00:00:00+00:00,1855.0
Austria,2025-10-09 00:00:00+00:00,1855.0
Austria,2025-10-12 00:00:00+00:00,1829.0
Austria,2025-11-15 00:00:00+00:00,1834.0
Austria,2025-11-18 00:00:00+00:00,1818.0
Austria,2026-03-27 00:00:00+00:00,1821.0
Austria,2026-03-31 00:00:00+00:00,1827.0
Austria,2026-06-01 00:00:00+00:00,1830.0
Austria,2026-06-16 00:00:00+00:00,1857.0
Austria,2026-06-22 00:00:00+00:00,1841.0
Austria,2026-06-27 00:00:00+00:00,1836.0
Austria,2026-07-02 00:00:00+00:00,1821.0
Azerbaijan,2015-03-28 00:00:00+00:00,1416.0
Azerbaijan,2015-06-07 00:00:00+00:00,1411.0
Azerbaijan,2015-06-12 00:00:00+00:00,1425.0
Azerbaijan,2015-09-03 00:00:00+00:00,1439.0
Azerbaijan,2015-09-06 00:00:00+00:00,1433.0
Azerbaijan,2015-10-10 00:00:00+00:00,1426.0
Azerbaijan,2015-10-13 00:00:00+00:00,1414.0
Azerbaijan,2015-11-17 00:00:00+00:00,1420.0
Azerbaijan,2016-03-26 00:00:00+00:00,1409.0
Azerbaijan,2016-05-26 00:00:00+00:00,1400.0
Azerbaijan,2016-05-29 00:00:00+00:00,1386.0
Azerbaijan,2016-06-03 00:00:00+00:00,1389.0
Azerbaijan,2016-09-04 00:00:00+00:00,1393.0
Azerbaijan,2016-10-08 00:00:00+00:00,1419.0
Azerbaijan,2016-10-11 00:00:00+00:00,1435.0
Azerbaijan,2016-11-11 00:00:00+00:00,1424.0
Azerbaijan,2017-03-09 00:00:00+00:00,1440.0
Azerbaijan,2017-03-26 00:00:00+00:00,1436.0
Azerbaijan,2017-06-10 00:00:00+00:00,1423.0
Azerbaijan,2017-09-01 00:00:00+00:00,1411.0
Azerbaijan,2017-09-04 00:00:00+00:00,1413.0
Azerbaijan,2017-10-05 00:00:00+00:00,1401.0
Azerbaijan,2017-10-08 00:00:00+00:00,1400.0
Azerbaijan,2018-01-30 00:00:00+00:00,1398.0
Azerbaijan,2018-03-23 00:00:00+00:00,1388.0
Azerbaijan,2018-03-27 00:00:00+00:00,1392.0
Azerbaijan,2018-05-29 00:00:00+00:00,1399.0
Azerbaijan,2018-06-05 00:00:00+00:00,1384.0
Azerbaijan,2018-06-09 00:00:00+00:00,1403.0
Azerbaijan,2018-09-07 00:00:00+00:00,1399.0
Azerbaijan,2018-09-10 00:00:00+00:00,1393.0
Azerbaijan,2018-10-11 00:00:00+00:00,1428.0
Azerbaijan,2018-10-14 00:00:00+00:00,1413.0
Azerbaijan,2018-11-17 00:00:00+00:00,1425.0
Azerbaijan,2018-11-20 00:00:00+00:00,1402.0
Azerbaijan,2019-03-21 00:00:00+00:00,1401.0
Azerbaijan,2019-03-25 00:00:00+00:00,1396.0
Azerbaijan,2019-06-08 00:00:00+00:00,1377.0
Azerbaijan,2019-06-11 00:00:00+00:00,1364.0
Azerbaijan,2019-09-06 00:00:00+00:00,1362.0
Azerbaijan,2019-09-09 00:00:00+00:00,1379.0
Azerbaijan,2019-10-09 00:00:00+00:00,1395.0
Azerbaijan,2019-10-13 00:00:00+00:00,1390.0
Azerbaijan,2019-11-16 00:00:00+00:00,1379.0
Azerbaijan,2019-11-19 00:00:00+00:00,1375.0
Azerbaijan,2020-09-05 00:00:00+00:00,1348.0
Azerbaijan,2020-09-08 00:00:00+00:00,1375.0
Azerbaijan,2020-10-10 00:00:00+00:00,1365.0
Azerbaijan,2020-10-13 00:00:00+00:00,1362.0
Azerbaijan,2020-11-11 00:00:00+00:00,1370.0
Azerbaijan,2020-11-14 00:00:00+00:00,1378.0
Azerbaijan,2020-11-17 00:00:00+00:00,1383.0
Azerbaijan,2021-03-24 00:00:00+00:00,1382.0
Azerbaijan,2021-03-27 00:00:00+00:00,1378.0
Azerbaijan,2021-03-30 00:00:00+00:00,1372.0
Azerbaijan,2021-05-27 00:00:00+00:00,1371.0
Azerbaijan,2021-06-02 00:00:00+00:00,1387.0
Azerbaijan,2021-06-06 00:00:00+00:00,1375.0
Azerbaijan,2021-09-01 00:00:00+00:00,1361.0
Azerbaijan,2021-09-04 00:00:00+00:00,1377.0
Azerbaijan,2021-09-07 00:00:00+00:00,1374.0
Azerbaijan,2021-10-09 00:00:00+00:00,1352.0
Azerbaijan,2021-10-12 00:00:00+00:00,1350.0
Azerbaijan,2021-11-11 00:00:00+00:00,1315.0
Azerbaijan,2021-11-14 00:00:00+00:00,1321.0
Azerbaijan,2022-03-25 00:00:00+00:00,1311.0
Azerbaijan,2022-03-29 00:00:00+00:00,1301.0
Azerbaijan,2022-06-03 00:00:00+00:00,1282.0
Azerbaijan,2022-06-06 00:00:00+00:00,1292.0
Azerbaijan,2022-06-10 00:00:00+00:00,1285.0
Azerbaijan,2022-06-13 00:00:00+00:00,1321.0
Azerbaijan,2022-09-22 00:00:00+00:00,1357.0
Azerbaijan,2022-09-25 00:00:00+00:00,1390.0
Azerbaijan,2022-11-16 00:00:00+00:00,1399.0
Azerbaijan,2022-11-20 00:00:00+00:00,1423.0
Azerbaijan,2023-03-24 00:00:00+00:00,1418.0
Azerbaijan,2023-03-27 00:00:00+00:00,1412.0
Azerbaijan,2023-06-17 00:00:00+00:00,1408.0
Azerbaijan,2023-09-09 00:00:00+00:00,1405.0
Azerbaijan,2023-09-12 00:00:00+00:00,1417.0
Azerbaijan,2023-10-13 00:00:00+00:00,1456.0
Azerbaijan,2023-10-16 00:00:00+00:00,1448.0
Azerbaijan,2023-11-16 00:00:00+00:00,1500.0
Azerbaijan,2023-11-19 00:00:00+00:00,1497.0
Azerbaijan,2024-03-22 00:00:00+00:00,1497.0
Azerbaijan,2024-03-25 00:00:00+00:00,1492.0
Azerbaijan,2024-06-07 00:00:00+00:00,1482.0
Azerbaijan,2024-06-11 00:00:00+00:00,1491.0
Azerbaijan,2024-09-05 00:00:00+00:00,1468.0
Azerbaijan,2024-09-08 00:00:00+00:00,1460.0
Azerbaijan,2024-10-11 00:00:00+00:00,1430.0
Azerbaijan,2024-10-14 00:00:00+00:00,1413.0
Azerbaijan,2024-11-16 00:00:00+00:00,1405.0
Azerbaijan,2024-11-19 00:00:00+00:00,1398.0
Azerbaijan,2025-03-22 00:00:00+00:00,1383.0
Azerbaijan,2025-03-25 00:00:00+00:00,1368.0
Azerbaijan,2025-06-07 00:00:00+00:00,1369.0
Azerbaijan,2025-06-10 00:00:00+00:00,1365.0
Azerbaijan,2025-09-05 00:00:00+00:00,1352.0
Azerbaijan,2025-09-09 00:00:00+00:00,1367.0
Azerbaijan,2025-10-10 00:00:00+00:00,1366.0
Azerbaijan,2025-10-13 00:00:00+00:00,1363.0
Azerbaijan,2025-11-13 00:00:00+00:00,1341.0
Azerbaijan,2025-11-16 00:00:00+00:00,1339.0
Azerbaijan,2026-03-27 00:00:00+00:00,1344.0
Azerbaijan,2026-03-30 00:00:00+00:00,1340.0
Azerbaijan,2026-06-05 00:00:00+00:00,1321.0
Azerbaijan,2026-06-09 00:00:00+00:00,1322.0
Belarus,2015-03-27 00:00:00+00:00,1570.0
Belarus,2015-03-30 00:00:00+00:00,1568.0
Belarus,2015-06-07 00:00:00+00:00,1563.0
Belarus,2015-06-14 00:00:00+00:00,1557.0
Belarus,2015-09-05 00:00:00+00:00,1550.0
Belarus,2015-09-08 00:00:00+00:00,1555.0
Belarus,2015-10-09 00:00:00+00:00,1589.0
Belarus,2015-10-12 00:00:00+00:00,1576.0
Belarus,2016-03-25 00:00:00+00:00,1576.0
Belarus,2016-03-29 00:00:00+00:00,1578.0
Belarus,2016-05-27 00:00:00+00:00,1567.0
Belarus,2016-05-31 00:00:00+00:00,1584.0
Belarus,2016-08-31 00:00:00+00:00,1598.0
Belarus,2016-09-06 00:00:00+00:00,1612.0
Belarus,2016-10-07 00:00:00+00:00,1605.0
Belarus,2016-10-10 00:00:00+00:00,1587.0
Belarus,2016-11-09 00:00:00+00:00,1602.0
Belarus,2016-11-13 00:00:00+00:00,1586.0
Belarus,2017-03-25 00:00:00+00:00,1573.0
Belarus,2017-03-28 00:00:00+00:00,1553.0
Belarus,2017-06-01 00:00:00+00:00,1551.0
Belarus,2017-06-09 00:00:00+00:00,1570.0
Belarus,2017-06-12 00:00:00+00:00,1577.0
Belarus,2017-08-31 00:00:00+00:00,1545.0
Belarus,2017-09-03 00:00:00+00:00,1522.0
Belarus,2017-10-07 00:00:00+00:00,1509.0
Belarus,2017-10-10 00:00:00+00:00,1508.0
Belarus,2017-11-09 00:00:00+00:00,1493.0
Belarus,2017-11-13 00:00:00+00:00,1496.0
Belarus,2018-03-23 00:00:00+00:00,1506.0
Belarus,2018-03-27 00:00:00+00:00,1529.0
Belarus,2018-06-06 00:00:00+00:00,1528.0
Belarus,2018-06-09 00:00:00+00:00,1520.0
Belarus,2018-09-08 00:00:00+00:00,1521.0
Belarus,2018-09-11 00:00:00+00:00,1514.0
Belarus,2018-10-12 00:00:00+00:00,1522.0
Belarus,2018-10-15 00:00:00+00:00,1508.0
Belarus,2018-11-15 00:00:00+00:00,1535.0
Belarus,2018-11-18 00:00:00+00:00,1537.0
Belarus,2019-03-21 00:00:00+00:00,1534.0
Belarus,2019-03-24 00:00:00+00:00,1524.0
Belarus,2019-06-08 00:00:00+00:00,1516.0
Belarus,2019-06-11 00:00:00+00:00,1499.0
Belarus,2019-09-06 00:00:00+00:00,1522.0
Belarus,2019-09-09 00:00:00+00:00,1519.0
Belarus,2019-10-10 00:00:00+00:00,1509.0
Belarus,2019-10-13 00:00:00+00:00,1506.0
Belarus,2019-11-16 00:00:00+00:00,1503.0
Belarus,2019-11-19 00:00:00+00:00,1493.0
Belarus,2020-02-23 00:00:00+00:00,1505.0
Belarus,2020-02-26 00:00:00+00:00,1520.0
Belarus,2020-09-04 00:00:00+00:00,1482.0
Belarus,2020-09-07 00:00:00+00:00,1503.0
Belarus,2020-10-08 00:00:00+00:00,1492.0
Belarus,2020-10-11 00:00:00+00:00,1489.0
Belarus,2020-10-14 00:00:00+00:00,1503.0
Belarus,2020-11-11 00:00:00+00:00,1497.0
Belarus,2020-11-15 00:00:00+00:00,1509.0
Belarus,2020-11-18 00:00:00+00:00,1496.0
Belarus,2021-03-24 00:00:00+00:00,1496.0
Belarus,2021-03-27 00:00:00+00:00,1509.0
Belarus,2021-03-30 00:00:00+00:00,1507.0
Belarus,2021-06-02 00:00:00+00:00,1491.0
Belarus,2021-09-02 00:00:00+00:00,1488.0
Belarus,2021-09-05 00:00:00+00:00,1483.0
Belarus,2021-09-08 00:00:00+00:00,1482.0
Belarus,2021-10-08 00:00:00+00:00,1455.0
Belarus,2021-10-11 00:00:00+00:00,1448.0
Belarus,2021-11-13 00:00:00+00:00,1443.0
Belarus,2021-11-16 00:00:00+00:00,1452.0
Belarus,2022-03-26 00:00:00+00:00,1459.0
Belarus,2022-03-29 00:00:00+00:00,1473.0
Belarus,2022-06-03 00:00:00+00:00,1464.0
Belarus,2022-06-06 00:00:00+00:00,1454.0
Belarus,2022-06-10 00:00:00+00:00,1450.0
Belarus,2022-06-13 00:00:00+00:00,1414.0
Belarus,2022-09-22 00:00:00+00:00,1400.0
Belarus,2022-09-25 00:00:00+00:00,1414.0
Belarus,2022-11-17 00:00:00+00:00,1425.0
Belarus,2022-11-20 00:00:00+00:00,1415.0
Belarus,2023-03-25 00:00:00+00:00,1410.0
Belarus,2023-03-28 00:00:00+00:00,1404.0
Belarus,2023-06-16 00:00:00+00:00,1394.0
Belarus,2023-06-19 00:00:00+00:00,1420.0
Belarus,2023-09-09 00:00:00+00:00,1410.0
Belarus,2023-09-12 00:00:00+00:00,1404.0
Belarus,2023-10-12 00:00:00+00:00,1416.0
Belarus,2023-10-15 00:00:00+00:00,1434.0
Belarus,2023-11-18 00:00:00+00:00,1439.0
Belarus,2023-11-21 00:00:00+00:00,1469.0
Belarus,2024-03-21 00:00:00+00:00,1457.0
Belarus,2024-03-26 00:00:00+00:00,1454.0
Belarus,2024-06-07 00:00:00+00:00,1446.0
Belarus,2024-06-11 00:00:00+00:00,1433.0
Belarus,2024-09-05 00:00:00+00:00,1436.0
Belarus,2024-09-08 00:00:00+00:00,1464.0
Belarus,2024-10-12 00:00:00+00:00,1467.0
Belarus,2024-10-15 00:00:00+00:00,1467.0
Belarus,2024-11-15 00:00:00+00:00,1451.0
Belarus,2024-11-18 00:00:00+00:00,1459.0
Belarus,2025-03-20 00:00:00+00:00,1476.0
Belarus,2025-03-25 00:00:00+00:00,1491.0
Belarus,2025-06-05 00:00:00+00:00,1501.0
Belarus,2025-06-10 00:00:00+00:00,1492.0
Belarus,2025-09-05 00:00:00+00:00,1487.0
Belarus,2025-09-08 00:00:00+00:00,1475.0
Belarus,2025-10-09 00:00:00+00:00,1468.0
Belarus,2025-10-12 00:00:00+00:00,1464.0
Belarus,2025-11-15 00:00:00+00:00,1482.0
Belarus,2025-11-18 00:00:00+00:00,1496.0
Belarus,2026-03-26 00:00:00+00:00,1503.0
Belarus,2026-03-29 00:00:00+00:00,1513.0
Belarus,2026-06-05 00:00:00+00:00,1525.0
Belarus,2026-06-09 00:00:00+00:00,1522.0
Belgium,2015-03-28 00:00:00+00:00,1901.0
Belgium,2015-03-31 00:00:00+00:00,1912.0
Belgium,2015-06-07 00:00:00+00:00,1926.0
Belgium,2015-06-12 00:00:00+00:00,1898.0
Belgium,2015-09-03 00:00:00+00:00,1909.0
Belgium,2015-09-06 00:00:00+00:00,1912.0
Belgium,2015-10-10 00:00:00+00:00,1913.0
Belgium,2015-10-13 00:00:00+00:00,1918.0
Belgium,2015-11-13 00:00:00+00:00,1928.0
Belgium,2016-03-29 00:00:00+00:00,1920.0
Belgium,2016-05-28 00:00:00+00:00,1929.0
Belgium,2016-06-01 00:00:00+00:00,1920.0
Belgium,2016-06-05 00:00:00+00:00,1922.0
Belgium,2016-06-13 00:00:00+00:00,1879.0
Belgium,2016-06-18 00:00:00+00:00,1908.0
Belgium,2016-06-22 00:00:00+00:00,1922.0
Belgium,2016-06-26 00:00:00+00:00,1947.0
Belgium,2016-07-01 00:00:00+00:00,1890.0
Belgium,2016-09-01 00:00:00+00:00,1873.0
Belgium,2016-09-06 00:00:00+00:00,1881.0
Belgium,2016-10-07 00:00:00+00:00,1898.0
Belgium,2016-10-10 00:00:00+00:00,1899.0
Belgium,2016-11-09 00:00:00+00:00,1902.0
Belgium,2016-11-13 00:00:00+00:00,1905.0
Belgium,2017-03-25 00:00:00+00:00,1890.0
Belgium,2017-03-28 00:00:00+00:00,1887.0
Belgium,2017-06-05 00:00:00+00:00,1890.0
Belgium,2017-06-09 00:00:00+00:00,1898.0
Belgium,2017-08-31 00:00:00+00:00,1899.0
Belgium,2017-09-03 00:00:00+00:00,1912.0
Belgium,2017-10-07 00:00:00+00:00,1927.0
Belgium,2017-10-10 00:00:00+00:00,1929.0
Belgium,2017-11-10 00:00:00+00:00,1924.0
Belgium,2017-11-14 00:00:00+00:00,1927.0
Belgium,2018-03-27 00:00:00+00:00,1929.0
Belgium,2018-06-02 00:00:00+00:00,1927.0
Belgium,2018-06-06 00:00:00+00:00,1930.0
Belgium,2018-06-11 00:00:00+00:00,1936.0
Belgium,2018-06-18 00:00:00+00:00,1954.0
Belgium,2018-06-23 00:00:00+00:00,1969.0
Belgium,2018-06-28 00:00:00+00:00,1999.0
Belgium,2018-07-02 00:00:00+00:00,2008.0
Belgium,2018-07-06 00:00:00+00:00,2050.0
Belgium,2018-07-10 00:00:00+00:00,2021.0
Belgium,2018-07-14 00:00:00+00:00,2057.0
Belgium,2018-09-07 00:00:00+00:00,2064.0
Belgium,2018-09-11 00:00:00+00:00,2076.0
Belgium,2018-10-12 00:00:00+00:00,2082.0
Belgium,2018-10-16 00:00:00+00:00,2076.0
Belgium,2018-11-15 00:00:00+00:00,2079.0
Belgium,2018-11-18 00:00:00+00:00,2034.0
Belgium,2019-03-21 00:00:00+00:00,2040.0
Belgium,2019-03-24 00:00:00+00:00,2043.0
Belgium,2019-06-08 00:00:00+00:00,2044.0
Belgium,2019-06-11 00:00:00+00:00,2048.0
Belgium,2019-09-06 00:00:00+00:00,2048.0
Belgium,2019-09-09 00:00:00+00:00,2059.0
Belgium,2019-10-10 00:00:00+00:00,2059.0
Belgium,2019-10-13 00:00:00+00:00,2061.0
Belgium,2019-11-16 00:00:00+00:00,2082.0
Belgium,2019-11-19 00:00:00+00:00,2083.0
Belgium,2020-09-05 00:00:00+00:00,2105.0
Belgium,2020-09-08 00:00:00+00:00,2108.0
Belgium,2020-10-08 00:00:00+00:00,2099.0
Belgium,2020-10-11 00:00:00+00:00,2077.0
Belgium,2020-10-14 00:00:00+00:00,2083.0
Belgium,2020-11-11 00:00:00+00:00,2086.0
Belgium,2020-11-15 00:00:00+00:00,2099.0
Belgium,2020-11-18 00:00:00+00:00,2110.0
Belgium,2021-03-24 00:00:00+00:00,2116.0
Belgium,2021-03-27 00:00:00+00:00,2104.0
Belgium,2021-03-30 00:00:00+00:00,2106.0
Belgium,2021-06-03 00:00:00+00:00,2097.0
Belgium,2021-06-06 00:00:00+00:00,2099.0
Belgium,2021-06-12 00:00:00+00:00,2115.0
Belgium,2021-06-17 00:00:00+00:00,2134.0
Belgium,2021-06-21 00:00:00+00:00,2140.0
Belgium,2021-06-27 00:00:00+00:00,2157.0
Belgium,2021-07-02 00:00:00+00:00,2125.0
Belgium,2021-09-02 00:00:00+00:00,2127.0
Belgium,2021-09-05 00:00:00+00:00,2134.0
Belgium,2021-09-08 00:00:00+00:00,2135.0
Belgium,2021-10-07 00:00:00+00:00,2104.0
Belgium,2021-10-10 00:00:00+00:00,2081.0
Belgium,2021-11-13 00:00:00+00:00,2082.0
Belgium,2021-11-16 00:00:00+00:00,2074.0
Belgium,2022-03-26 00:00:00+00:00,2067.0
Belgium,2022-03-29 00:00:00+00:00,2068.0
Belgium,2022-06-03 00:00:00+00:00,2013.0
Belgium,2022-06-08 00:00:00+00:00,2025.0
Belgium,2022-06-11 00:00:00+00:00,2019.0
Belgium,2022-06-14 00:00:00+00:00,2033.0
Belgium,2022-09-22 00:00:00+00:00,2039.0
Belgium,2022-09-25 00:00:00+00:00,2024.0
Belgium,2022-11-18 00:00:00+00:00,2006.0
Belgium,2022-11-23 00:00:00+00:00,2019.0
Belgium,2022-11-27 00:00:00+00:00,1947.0
Belgium,2022-12-01 00:00:00+00:00,1947.0
Belgium,2023-03-24 00:00:00+00:00,1975.0
Belgium,2023-03-28 00:00:00+00:00,1987.0
Belgium,2023-06-17 00:00:00+00:00,1972.0
Belgium,2023-06-20 00:00:00+00:00,1978.0
Belgium,2023-09-09 00:00:00+00:00,1981.0
Belgium,2023-09-12 00:00:00+00:00,1983.0
Belgium,2023-10-13 00:00:00+00:00,1999.0
Belgium,2023-10-16 00:00:00+00:00,1983.0
Belgium,2023-11-15 00:00:00+00:00,1987.0
Belgium,2023-11-19 00:00:00+00:00,1990.0
Belgium,2024-03-23 00:00:00+00:00,1983.0
Belgium,2024-03-26 00:00:00+00:00,1986.0
Belgium,2024-06-05 00:00:00+00:00,1987.0
Belgium,2024-06-08 00:00:00+00:00,1988.0
Belgium,2024-06-17 00:00:00+00:00,1945.0
Belgium,2024-06-22 00:00:00+00:00,1961.0
Belgium,2024-06-26 00:00:00+00:00,1951.0
Belgium,2024-07-01 00:00:00+00:00,1934.0
Belgium,2024-09-06 00:00:00+00:00,1940.0
Belgium,2024-09-09 00:00:00+00:00,1923.0
Belgium,2024-10-10 00:00:00+00:00,1930.0
Belgium,2024-10-14 00:00:00+00:00,1909.0
Belgium,2024-11-14 00:00:00+00:00,1885.0
Belgium,2024-11-17 00:00:00+00:00,1851.0
Belgium,2025-03-20 00:00:00+00:00,1817.0
Belgium,2025-03-23 00:00:00+00:00,1844.0
Belgium,2025-06-06 00:00:00+00:00,1837.0
Belgium,2025-06-09 00:00:00+00:00,1847.0
Belgium,2025-09-04 00:00:00+00:00,1848.0
Belgium,2025-09-07 00:00:00+00:00,1851.0
Belgium,2025-10-10 00:00:00+00:00,1836.0
Belgium,2025-10-13 00:00:00+00:00,1865.0
Belgium,2025-11-15 00:00:00+00:00,1849.0
Belgium,2025-11-18 00:00:00+00:00,1849.0
Belgium,2026-03-28 00:00:00+00:00,1866.0
Belgium,2026-03-31 00:00:00+00:00,1866.0
Belgium,2026-06-02 00:00:00+00:00,1888.0
Belgium,2026-06-06 00:00:00+00:00,1893.0
Belgium,2026-06-15 00:00:00+00:00,1878.0
Belgium,2026-06-21 00:00:00+00:00,1868.0
Belgium,2026-06-26 00:00:00+00:00,1883.0
Belgium,2026-07-01 00:00:00+00:00,1909.0
Belgium,2026-07-06 00:00:00+00:00,1960.0
Belgium,2026-07-10 00:00:00+00:00,1947.0
Bosnia & Herzegovina,2015-03-28 00:00:00+00:00,1711.0
Bosnia & Herzegovina,2015-03-31 00:00:00+00:00,1714.0
Bosnia & Herzegovina,2015-06-12 00:00:00+00:00,1729.0
Bosnia & Herzegovina,2015-09-03 00:00:00+00:00,1718.0
Bosnia & Herzegovina,2015-09-06 00:00:00+00:00,1719.0
Bosnia & Herzegovina,2015-10-10 00:00:00+00:00,1739.0
Bosnia & Herzegovina,2015-10-13 00:00:00+00:00,1748.0
Bosnia & Herzegovina,2015-11-13 00:00:00+00:00,1742.0
Bosnia & Herzegovina,2015-11-16 00:00:00+00:00,1721.0
Bosnia & Herzegovina,2016-03-25 00:00:00+00:00,1725.0
Bosnia & Herzegovina,2016-03-29 00:00:00+00:00,1747.0
Bosnia & Herzegovina,2016-05-29 00:00:00+00:00,1741.0
Bosnia & Herzegovina,2016-06-03 00:00:00+00:00,1740.0
Bosnia & Herzegovina,2016-06-07 00:00:00+00:00,1761.0
Bosnia & Herzegovina,2016-09-06 00:00:00+00:00,1768.0
Bosnia & Herzegovina,2016-10-07 00:00:00+00:00,1751.0
Bosnia & Herzegovina,2016-10-10 00:00:00+00:00,1755.0
Bosnia & Herzegovina,2016-11-13 00:00:00+00:00,1755.0
Bosnia & Herzegovina,2017-03-25 00:00:00+00:00,1756.0
Bosnia & Herzegovina,2017-03-28 00:00:00+00:00,1764.0
Bosnia & Herzegovina,2017-06-09 00:00:00+00:00,1754.0
Bosnia & Herzegovina,2017-08-31 00:00:00+00:00,1722.0
Bosnia & Herzegovina,2017-09-03 00:00:00+00:00,1724.0
Bosnia & Herzegovina,2017-10-07 00:00:00+00:00,1709.0
Bosnia & Herzegovina,2017-10-10 00:00:00+00:00,1723.0
Bosnia & Herzegovina,2018-01-28 00:00:00+00:00,1727.0
Bosnia & Herzegovina,2018-01-31 00:00:00+00:00,1720.0
Bosnia & Herzegovina,2018-03-23 00:00:00+00:00,1730.0
Bosnia & Herzegovina,2018-03-27 00:00:00+00:00,1730.0
Bosnia & Herzegovina,2018-05-28 00:00:00+00:00,1724.0
Bosnia & Herzegovina,2018-06-01 00:00:00+00:00,1744.0
Bosnia & Herzegovina,2018-09-08 00:00:00+00:00,1766.0
Bosnia & Herzegovina,2018-09-11 00:00:00+00:00,1780.0
Bosnia & Herzegovina,2018-10-11 00:00:00+00:00,1782.0
Bosnia & Herzegovina,2018-10-15 00:00:00+00:00,1795.0
Bosnia & Herzegovina,2018-11-15 00:00:00+00:00,1798.0
Bosnia & Herzegovina,2018-11-18 00:00:00+00:00,1795.0
Bosnia & Herzegovina,2019-03-23 00:00:00+00:00,1798.0
Bosnia & Herzegovina,2019-03-26 00:00:00+00:00,1785.0
Bosnia & Herzegovina,2019-06-08 00:00:00+00:00,1751.0
Bosnia & Herzegovina,2019-06-11 00:00:00+00:00,1744.0
Bosnia & Herzegovina,2019-09-05 00:00:00+00:00,1745.0
Bosnia & Herzegovina,2019-09-08 00:00:00+00:00,1700.0
Bosnia & Herzegovina,2019-10-12 00:00:00+00:00,1723.0
Bosnia & Herzegovina,2019-10-15 00:00:00+00:00,1699.0
Bosnia & Herzegovina,2019-11-15 00:00:00+00:00,1678.0
Bosnia & Herzegovina,2019-11-18 00:00:00+00:00,1683.0
Bosnia & Herzegovina,2020-09-04 00:00:00+00:00,1699.0
Bosnia & Herzegovina,2020-09-07 00:00:00+00:00,1678.0
Bosnia & Herzegovina,2020-10-08 00:00:00+00:00,1670.0
Bosnia & Herzegovina,2020-10-11 00:00:00+00:00,1681.0
Bosnia & Herzegovina,2020-10-14 00:00:00+00:00,1667.0
Bosnia & Herzegovina,2020-11-12 00:00:00+00:00,1651.0
Bosnia & Herzegovina,2020-11-15 00:00:00+00:00,1646.0
Bosnia & Herzegovina,2020-11-18 00:00:00+00:00,1634.0
Bosnia & Herzegovina,2021-03-24 00:00:00+00:00,1643.0
Bosnia & Herzegovina,2021-03-27 00:00:00+00:00,1640.0
Bosnia & Herzegovina,2021-03-31 00:00:00+00:00,1635.0
Bosnia & Herzegovina,2021-06-02 00:00:00+00:00,1630.0
Bosnia & Herzegovina,2021-06-06 00:00:00+00:00,1628.0
Bosnia & Herzegovina,2021-09-01 00:00:00+00:00,1646.0
Bosnia & Herzegovina,2021-09-04 00:00:00+00:00,1648.0
Bosnia & Herzegovina,2021-09-07 00:00:00+00:00,1632.0
Bosnia & Herzegovina,2021-10-09 00:00:00+00:00,1649.0
Bosnia & Herzegovina,2021-10-12 00:00:00+00:00,1662.0
Bosnia & Herzegovina,2021-11-13 00:00:00+00:00,1626.0
Bosnia & Herzegovina,2021-11-16 00:00:00+00:00,1602.0
Bosnia & Herzegovina,2021-12-18 00:00:00+00:00,1600.0
Bosnia & Herzegovina,2022-03-25 00:00:00+00:00,1586.0
Bosnia & Herzegovina,2022-03-29 00:00:00+00:00,1589.0
Bosnia & Herzegovina,2022-06-04 00:00:00+00:00,1600.0
Bosnia & Herzegovina,2022-06-07 00:00:00+00:00,1616.0
Bosnia & Herzegovina,2022-06-11 00:00:00+00:00,1617.0
Bosnia & Herzegovina,2022-06-14 00:00:00+00:00,1635.0
Bosnia & Herzegovina,2022-09-23 00:00:00+00:00,1647.0
Bosnia & Herzegovina,2022-09-26 00:00:00+00:00,1616.0
Bosnia & Herzegovina,2023-03-23 00:00:00+00:00,1634.0
Bosnia & Herzegovina,2023-03-26 00:00:00+00:00,1607.0
Bosnia & Herzegovina,2023-06-17 00:00:00+00:00,1603.0
Bosnia & Herzegovina,2023-06-20 00:00:00+00:00,1553.0
Bosnia & Herzegovina,2023-09-08 00:00:00+00:00,1554.0
Bosnia & Herzegovina,2023-09-11 00:00:00+00:00,1535.0
Bosnia & Herzegovina,2023-10-13 00:00:00+00:00,1539.0
Bosnia & Herzegovina,2023-10-16 00:00:00+00:00,1531.0
Bosnia & Herzegovina,2023-11-16 00:00:00+00:00,1502.0
Bosnia & Herzegovina,2023-11-19 00:00:00+00:00,1484.0
Bosnia & Herzegovina,2024-03-21 00:00:00+00:00,1477.0
Bosnia & Herzegovina,2024-06-03 00:00:00+00:00,1476.0
Bosnia & Herzegovina,2024-06-09 00:00:00+00:00,1475.0
Bosnia & Herzegovina,2024-09-07 00:00:00+00:00,1473.0
Bosnia & Herzegovina,2024-09-10 00:00:00+00:00,1490.0
Bosnia & Herzegovina,2024-10-11 00:00:00+00:00,1486.0
Bosnia & Herzegovina,2024-10-14 00:00:00+00:00,1471.0
Bosnia & Herzegovina,2024-11-16 00:00:00+00:00,1468.0
Bosnia & Herzegovina,2024-11-19 00:00:00+00:00,1484.0
Bosnia & Herzegovina,2025-03-21 00:00:00+00:00,1519.0
Bosnia & Herzegovina,2025-03-24 00:00:00+00:00,1525.0
Bosnia & Herzegovina,2025-06-07 00:00:00+00:00,1525.0
Bosnia & Herzegovina,2025-06-10 00:00:00+00:00,1522.0
Bosnia & Herzegovina,2025-09-06 00:00:00+00:00,1525.0
Bosnia & Herzegovina,2025-09-09 00:00:00+00:00,1516.0
Bosnia & Herzegovina,2025-10-09 00:00:00+00:00,1510.0
Bosnia & Herzegovina,2025-10-12 00:00:00+00:00,1520.0
Bosnia & Herzegovina,2025-11-15 00:00:00+00:00,1555.0
Bosnia & Herzegovina,2025-11-18 00:00:00+00:00,1571.0
Bosnia & Herzegovina,2026-03-26 00:00:00+00:00,1583.0
Bosnia & Herzegovina,2026-03-31 00:00:00+00:00,1593.0
Bosnia & Herzegovina,2026-05-29 00:00:00+00:00,1590.0
Bosnia & Herzegovina,2026-06-06 00:00:00+00:00,1594.0
Bosnia & Herzegovina,2026-06-12 00:00:00+00:00,1615.0
Bosnia & Herzegovina,2026-06-18 00:00:00+00:00,1595.0
Bosnia & Herzegovina,2026-06-24 00:00:00+00:00,1621.0
Bosnia & Herzegovina,2026-07-01 00:00:00+00:00,1605.0
Bulgaria,2015-03-28 00:00:00+00:00,1615.0
Bulgaria,2015-06-08 00:00:00+00:00,1606.0
Bulgaria,2015-06-12 00:00:00+00:00,1613.0
Bulgaria,2015-09-03 00:00:00+00:00,1587.0
Bulgaria,2015-09-06 00:00:00+00:00,1583.0
Bulgaria,2015-10-10 00:00:00+00:00,1572.0
Bulgaria,2015-10-13 00:00:00+00:00,1584.0
Bulgaria,2016-03-25 00:00:00+00:00,1602.0
Bulgaria,2016-03-29 00:00:00+00:00,1614.0
Bulgaria,2016-06-03 00:00:00+00:00,1602.0
Bulgaria,2016-06-07 00:00:00+00:00,1584.0
Bulgaria,2016-09-06 00:00:00+00:00,1587.0
Bulgaria,2016-10-07 00:00:00+00:00,1583.0
Bulgaria,2016-10-10 00:00:00+00:00,1570.0
Bulgaria,2016-11-13 00:00:00+00:00,1586.0
Bulgaria,2017-03-25 00:00:00+00:00,1632.0
Bulgaria,2017-06-09 00:00:00+00:00,1613.0
Bulgaria,2017-08-31 00:00:00+00:00,1638.0
Bulgaria,2017-09-03 00:00:00+00:00,1629.0
Bulgaria,2017-10-07 00:00:00+00:00,1621.0
Bulgaria,2017-10-10 00:00:00+00:00,1610.0
Bulgaria,2017-11-13 00:00:00+00:00,1620.0
Bulgaria,2018-03-23 00:00:00+00:00,1610.0
Bulgaria,2018-03-26 00:00:00+00:00,1614.0
Bulgaria,2018-09-06 00:00:00+00:00,1640.0
Bulgaria,2018-09-09 00:00:00+00:00,1655.0
Bulgaria,2018-10-13 00:00:00+00:00,1660.0
Bulgaria,2018-10-16 00:00:00+00:00,1645.0
Bulgaria,2018-11-16 00:00:00+00:00,1638.0
Bulgaria,2018-11-19 00:00:00+00:00,1628.0
Bulgaria,2019-03-22 00:00:00+00:00,1620.0
Bulgaria,2019-03-25 00:00:00+00:00,1619.0
Bulgaria,2019-06-07 00:00:00+00:00,1609.0
Bulgaria,2019-06-10 00:00:00+00:00,1579.0
Bulgaria,2019-09-07 00:00:00+00:00,1574.0
Bulgaria,2019-09-10 00:00:00+00:00,1568.0
Bulgaria,2019-10-11 00:00:00+00:00,1572.0
Bulgaria,2019-10-14 00:00:00+00:00,1556.0
Bulgaria,2019-11-14 00:00:00+00:00,1548.0
Bulgaria,2019-11-17 00:00:00+00:00,1574.0
Bulgaria,2020-02-26 00:00:00+00:00,1559.0
Bulgaria,2020-09-03 00:00:00+00:00,1563.0
Bulgaria,2020-09-06 00:00:00+00:00,1558.0
Bulgaria,2020-10-08 00:00:00+00:00,1526.0
Bulgaria,2020-10-11 00:00:00+00:00,1513.0
Bulgaria,2020-10-14 00:00:00+00:00,1503.0
Bulgaria,2020-11-11 00:00:00+00:00,1505.0
Bulgaria,2020-11-15 00:00:00+00:00,1491.0
Bulgaria,2020-11-18 00:00:00+00:00,1504.0
Bulgaria,2021-03-25 00:00:00+00:00,1493.0
Bulgaria,2021-03-28 00:00:00+00:00,1488.0
Bulgaria,2021-03-31 00:00:00+00:00,1498.0
Bulgaria,2021-06-01 00:00:00+00:00,1502.0
Bulgaria,2021-06-05 00:00:00+00:00,1500.0
Bulgaria,2021-06-08 00:00:00+00:00,1499.0
Bulgaria,2021-09-02 00:00:00+00:00,1518.0
Bulgaria,2021-09-05 00:00:00+00:00,1523.0
Bulgaria,2021-09-08 00:00:00+00:00,1534.0
Bulgaria,2021-10-09 00:00:00+00:00,1492.0
Bulgaria,2021-10-12 00:00:00+00:00,1513.0
Bulgaria,2021-11-11 00:00:00+00:00,1521.0
Bulgaria,2021-11-15 00:00:00+00:00,1517.0
Bulgaria,2022-03-26 00:00:00+00:00,1513.0
Bulgaria,2022-03-29 00:00:00+00:00,1511.0
Bulgaria,2022-06-02 00:00:00+00:00,1514.0
Bulgaria,2022-06-05 00:00:00+00:00,1474.0
Bulgaria,2022-06-09 00:00:00+00:00,1459.0
Bulgaria,2022-06-12 00:00:00+00:00,1473.0
Bulgaria,2022-09-23 00:00:00+00:00,1477.0
Bulgaria,2022-09-26 00:00:00+00:00,1508.0
Bulgaria,2022-11-16 00:00:00+00:00,1521.0
Bulgaria,2022-11-20 00:00:00+00:00,1522.0
Bulgaria,2023-03-24 00:00:00+00:00,1497.0
Bulgaria,2023-03-27 00:00:00+00:00,1492.0
Bulgaria,2023-06-17 00:00:00+00:00,1485.0
Bulgaria,2023-06-20 00:00:00+00:00,1498.0
Bulgaria,2023-09-07 00:00:00+00:00,1493.0
Bulgaria,2023-09-10 00:00:00+00:00,1481.0
Bulgaria,2023-10-14 00:00:00+00:00,1429.0
Bulgaria,2023-10-17 00:00:00+00:00,1425.0
Bulgaria,2023-11-16 00:00:00+00:00,1439.0
Bulgaria,2023-11-19 00:00:00+00:00,1457.0
Bulgaria,2024-03-22 00:00:00+00:00,1468.0
Bulgaria,2024-03-25 00:00:00+00:00,1473.0
Bulgaria,2024-06-04 00:00:00+00:00,1480.0
Bulgaria,2024-06-08 00:00:00+00:00,1488.0
Bulgaria,2024-09-05 00:00:00+00:00,1485.0
Bulgaria,2024-09-08 00:00:00+00:00,1502.0
Bulgaria,2024-10-12 00:00:00+00:00,1494.0
Bulgaria,2024-10-15 00:00:00+00:00,1468.0
Bulgaria,2024-11-15 00:00:00+00:00,1494.0
Bulgaria,2024-11-18 00:00:00+00:00,1486.0
Bulgaria,2025-03-20 00:00:00+00:00,1467.0
Bulgaria,2025-03-23 00:00:00+00:00,1460.0
Bulgaria,2025-06-06 00:00:00+00:00,1454.0
Bulgaria,2025-06-10 00:00:00+00:00,1452.0
Bulgaria,2025-09-04 00:00:00+00:00,1450.0
Bulgaria,2025-09-07 00:00:00+00:00,1441.0
Bulgaria,2025-10-11 00:00:00+00:00,1429.0
Bulgaria,2025-10-14 00:00:00+00:00,1428.0
Bulgaria,2025-11-15 00:00:00+00:00,1425.0
Bulgaria,2025-11-18 00:00:00+00:00,1453.0
Bulgaria,2026-03-27 00:00:00+00:00,1461.0
Bulgaria,2026-03-30 00:00:00+00:00,1475.0
Bulgaria,2026-06-01 00:00:00+00:00,1461.0
Bulgaria,2026-06-05 00:00:00+00:00,1458.0
Croatia,2015-03-28 00:00:00+00:00,1835.0
Croatia,2015-06-07 00:00:00+00:00,1835.0
Croatia,2015-06-12 00:00:00+00:00,1832.0
Croatia,2015-09-03 00:00:00+00:00,1818.0
Croatia,2015-09-06 00:00:00+00:00,1780.0
Croatia,2015-10-10 00:00:00+00:00,1791.0
Croatia,2015-10-13 00:00:00+00:00,1794.0
Croatia,2015-11-17 00:00:00+00:00,1813.0
Croatia,2016-03-23 00:00:00+00:00,1817.0
Croatia,2016-03-26 00:00:00+00:00,1817.0
Croatia,2016-05-27 00:00:00+00:00,1818.0
Croatia,2016-06-04 00:00:00+00:00,1818.0
Croatia,2016-06-12 00:00:00+00:00,1844.0
Croatia,2016-06-17 00:00:00+00:00,1837.0
Croatia,2016-06-21 00:00:00+00:00,1874.0
Croatia,2016-06-25 00:00:00+00:00,1849.0
Croatia,2016-09-05 00:00:00+00:00,1841.0
Croatia,2016-10-06 00:00:00+00:00,1848.0
Croatia,2016-10-09 00:00:00+00:00,1858.0
Croatia,2016-11-12 00:00:00+00:00,1874.0
Croatia,2016-11-15 00:00:00+00:00,1886.0
Croatia,2017-01-11 00:00:00+00:00,1890.0
Croatia,2017-01-14 00:00:00+00:00,1880.0
Croatia,2017-03-24 00:00:00+00:00,1889.0
Croatia,2017-03-28 00:00:00+00:00,1858.0
Croatia,2017-05-27 00:00:00+00:00,1870.0
Croatia,2017-06-11 00:00:00+00:00,1851.0
Croatia,2017-09-03 00:00:00+00:00,1852.0
Croatia,2017-09-05 00:00:00+00:00,1833.0
Croatia,2017-10-06 00:00:00+00:00,1817.0
Croatia,2017-10-09 00:00:00+00:00,1851.0
Croatia,2017-11-09 00:00:00+00:00,1862.0
Croatia,2017-11-12 00:00:00+00:00,1856.0
Croatia,2018-03-23 00:00:00+00:00,1842.0
Croatia,2018-03-27 00:00:00+00:00,1853.0
Croatia,2018-06-03 00:00:00+00:00,1848.0
Croatia,2018-06-08 00:00:00+00:00,1853.0
Croatia,2018-06-16 00:00:00+00:00,1877.0
Croatia,2018-06-21 00:00:00+00:00,1943.0
Croatia,2018-06-26 00:00:00+00:00,1956.0
Croatia,2018-07-01 00:00:00+00:00,1950.0
Croatia,2018-07-07 00:00:00+00:00,1938.0
Croatia,2018-07-11 00:00:00+00:00,1972.0
Croatia,2018-07-15 00:00:00+00:00,1942.0
Croatia,2018-09-06 00:00:00+00:00,1945.0
Croatia,2018-09-11 00:00:00+00:00,1923.0
Croatia,2018-10-12 00:00:00+00:00,1916.0
Croatia,2018-10-15 00:00:00+00:00,1917.0
Croatia,2018-11-15 00:00:00+00:00,1938.0
Croatia,2018-11-18 00:00:00+00:00,1924.0
Croatia,2019-03-21 00:00:00+00:00,1925.0
Croatia,2019-03-24 00:00:00+00:00,1894.0
Croatia,2019-06-08 00:00:00+00:00,1903.0
Croatia,2019-06-11 00:00:00+00:00,1885.0
Croatia,2019-09-06 00:00:00+00:00,1920.0
Croatia,2019-09-09 00:00:00+00:00,1903.0
Croatia,2019-10-10 00:00:00+00:00,1911.0
Croatia,2019-10-13 00:00:00+00:00,1908.0
Croatia,2019-11-16 00:00:00+00:00,1919.0
Croatia,2019-11-19 00:00:00+00:00,1920.0
Croatia,2020-09-05 00:00:00+00:00,1901.0
Croatia,2020-09-08 00:00:00+00:00,1890.0
Croatia,2020-10-07 00:00:00+00:00,1903.0
Croatia,2020-10-11 00:00:00+00:00,1914.0
Croatia,2020-10-14 00:00:00+00:00,1897.0
Croatia,2020-11-11 00:00:00+00:00,1896.0
Croatia,2020-11-14 00:00:00+00:00,1877.0
Croatia,2020-11-17 00:00:00+00:00,1860.0
Croatia,2021-03-24 00:00:00+00:00,1833.0
Croatia,2021-03-27 00:00:00+00:00,1834.0
Croatia,2021-03-30 00:00:00+00:00,1835.0
Croatia,2021-06-01 00:00:00+00:00,1827.0
Croatia,2021-06-06 00:00:00+00:00,1825.0
Croatia,2021-06-13 00:00:00+00:00,1816.0
Croatia,2021-06-18 00:00:00+00:00,1815.0
Croatia,2021-06-22 00:00:00+00:00,1847.0
Croatia,2021-06-28 00:00:00+00:00,1825.0
Croatia,2021-09-01 00:00:00+00:00,1825.0
Croatia,2021-09-04 00:00:00+00:00,1842.0
Croatia,2021-09-07 00:00:00+00:00,1851.0
Croatia,2021-10-08 00:00:00+00:00,1856.0
Croatia,2021-10-11 00:00:00+00:00,1842.0
Croatia,2021-11-11 00:00:00+00:00,1847.0
Croatia,2021-11-14 00:00:00+00:00,1858.0
Croatia,2022-03-26 00:00:00+00:00,1852.0
Croatia,2022-03-29 00:00:00+00:00,1854.0
Croatia,2022-06-03 00:00:00+00:00,1798.0
Croatia,2022-06-06 00:00:00+00:00,1808.0
Croatia,2022-06-10 00:00:00+00:00,1841.0
Croatia,2022-06-13 00:00:00+00:00,1876.0
Croatia,2022-09-22 00:00:00+00:00,1895.0
Croatia,2022-09-25 00:00:00+00:00,1921.0
Croatia,2022-11-16 00:00:00+00:00,1926.0
Croatia,2022-11-23 00:00:00+00:00,1913.0
Croatia,2022-11-27 00:00:00+00:00,1944.0
Croatia,2022-12-01 00:00:00+00:00,1944.0
Croatia,2022-12-05 00:00:00+00:00,1935.0
Croatia,2022-12-09 00:00:00+00:00,1952.0
Croatia,2022-12-13 00:00:00+00:00,1923.0
Croatia,2022-12-17 00:00:00+00:00,1950.0
Croatia,2023-03-25 00:00:00+00:00,1935.0
Croatia,2023-03-28 00:00:00+00:00,1956.0
Croatia,2023-06-14 00:00:00+00:00,2012.0
Croatia,2023-06-18 00:00:00+00:00,2010.0
Croatia,2023-09-08 00:00:00+00:00,2011.0
Croatia,2023-09-11 00:00:00+00:00,2015.0
Croatia,2023-10-12 00:00:00+00:00,1978.0
Croatia,2023-10-15 00:00:00+00:00,1947.0
Croatia,2023-11-18 00:00:00+00:00,1950.0
Croatia,2023-11-21 00:00:00+00:00,1951.0
Croatia,2024-03-23 00:00:00+00:00,1941.0
Croatia,2024-03-26 00:00:00+00:00,1952.0
Croatia,2024-06-03 00:00:00+00:00,1954.0
Croatia,2024-06-08 00:00:00+00:00,1968.0
Croatia,2024-06-15 00:00:00+00:00,1931.0
Croatia,2024-06-19 00:00:00+00:00,1913.0
Croatia,2024-06-24 00:00:00+00:00,1915.0
Croatia,2024-09-05 00:00:00+00:00,1903.0
Croatia,2024-09-08 00:00:00+00:00,1911.0
Croatia,2024-10-12 00:00:00+00:00,1917.0
Croatia,2024-10-15 00:00:00+00:00,1912.0
Croatia,2024-11-15 00:00:00+00:00,1886.0
Croatia,2024-11-18 00:00:00+00:00,1886.0
Croatia,2025-03-20 00:00:00+00:00,1931.0
Croatia,2025-03-23 00:00:00+00:00,1911.0
Croatia,2025-06-06 00:00:00+00:00,1912.0
Croatia,2025-06-09 00:00:00+00:00,1926.0
Croatia,2025-09-05 00:00:00+00:00,1928.0
Croatia,2025-09-08 00:00:00+00:00,1931.0
Croatia,2025-10-09 00:00:00+00:00,1927.0
Croatia,2025-10-12 00:00:00+00:00,1927.0
Croatia,2025-11-14 00:00:00+00:00,1928.0
Croatia,2025-11-17 00:00:00+00:00,1932.0
Croatia,2026-03-26 00:00:00+00:00,1944.0
Croatia,2026-03-31 00:00:00+00:00,1930.0
Croatia,2026-06-02 00:00:00+00:00,1908.0
Croatia,2026-06-07 00:00:00+00:00,1911.0
Croatia,2026-06-17 00:00:00+00:00,1880.0
Croatia,2026-06-23 00:00:00+00:00,1895.0
Croatia,2026-06-27 00:00:00+00:00,1904.0
Croatia,2026-07-02 00:00:00+00:00,1881.0
Cyprus,2015-03-28 00:00:00+00:00,1402.0
Cyprus,2015-06-12 00:00:00+00:00,1410.0
Cyprus,2015-09-03 00:00:00+00:00,1400.0
Cyprus,2015-09-06 00:00:00+00:00,1397.0
Cyprus,2015-10-10 00:00:00+00:00,1432.0
Cyprus,2015-10-13 00:00:00+00:00,1423.0
Cyprus,2016-03-24 00:00:00+00:00,1422.0
Cyprus,2016-05-25 00:00:00+00:00,1420.0
Cyprus,2016-09-06 00:00:00+00:00,1412.0
Cyprus,2016-10-07 00:00:00+00:00,1404.0
Cyprus,2016-10-10 00:00:00+00:00,1400.0
Cyprus,2016-11-13 00:00:00+00:00,1405.0
Cyprus,2017-03-22 00:00:00+00:00,1416.0
Cyprus,2017-03-25 00:00:00+00:00,1412.0
Cyprus,2017-06-03 00:00:00+00:00,1411.0
Cyprus,2017-06-09 00:00:00+00:00,1417.0
Cyprus,2017-08-31 00:00:00+00:00,1449.0
Cyprus,2017-09-03 00:00:00+00:00,1437.0
Cyprus,2017-10-07 00:00:00+00:00,1423.0
Cyprus,2017-10-10 00:00:00+00:00,1421.0
Cyprus,2017-11-10 00:00:00+00:00,1415.0
Cyprus,2017-11-13 00:00:00+00:00,1409.0
Cyprus,2018-03-23 00:00:00+00:00,1412.0
Cyprus,2018-05-20 00:00:00+00:00,1402.0
Cyprus,2018-09-06 00:00:00+00:00,1394.0
Cyprus,2018-09-09 00:00:00+00:00,1420.0
Cyprus,2018-10-13 00:00:00+00:00,1415.0
Cyprus,2018-10-16 00:00:00+00:00,1427.0
Cyprus,2018-11-16 00:00:00+00:00,1434.0
Cyprus,2018-11-19 00:00:00+00:00,1414.0
Cyprus,2019-03-21 00:00:00+00:00,1416.0
Cyprus,2019-03-24 00:00:00+00:00,1413.0
Cyprus,2019-06-08 00:00:00+00:00,1408.0
Cyprus,2019-06-11 00:00:00+00:00,1405.0
Cyprus,2019-09-06 00:00:00+00:00,1398.0
Cyprus,2019-09-09 00:00:00+00:00,1403.0
Cyprus,2019-10-10 00:00:00+00:00,1428.0
Cyprus,2019-10-13 00:00:00+00:00,1414.0
Cyprus,2019-11-16 00:00:00+00:00,1400.0
Cyprus,2019-11-19 00:00:00+00:00,1399.0
Cyprus,2020-09-05 00:00:00+00:00,1371.0
Cyprus,2020-09-08 00:00:00+00:00,1344.0
Cyprus,2020-10-07 00:00:00+00:00,1341.0
Cyprus,2020-10-10 00:00:00+00:00,1319.0
Cyprus,2020-10-13 00:00:00+00:00,1322.0
Cyprus,2020-11-11 00:00:00+00:00,1320.0
Cyprus,2020-11-14 00:00:00+00:00,1338.0
Cyprus,2020-11-17 00:00:00+00:00,1326.0
Cyprus,2021-03-24 00:00:00+00:00,1338.0
Cyprus,2021-03-27 00:00:00+00:00,1337.0
Cyprus,2021-03-30 00:00:00+00:00,1368.0
Cyprus,2021-06-04 00:00:00+00:00,1367.0
Cyprus,2021-06-07 00:00:00+00:00,1365.0
Cyprus,2021-09-01 00:00:00+00:00,1325.0
Cyprus,2021-09-04 00:00:00+00:00,1316.0
Cyprus,2021-09-07 00:00:00+00:00,1312.0
Cyprus,2021-10-08 00:00:00+00:00,1307.0
Cyprus,2021-10-11 00:00:00+00:00,1298.0
Cyprus,2021-11-11 00:00:00+00:00,1295.0
Cyprus,2021-11-14 00:00:00+00:00,1292.0
Cyprus,2022-03-24 00:00:00+00:00,1304.0
Cyprus,2022-03-29 00:00:00+00:00,1335.0
Cyprus,2022-06-02 00:00:00+00:00,1311.0
Cyprus,2022-06-05 00:00:00+00:00,1320.0
Cyprus,2022-06-09 00:00:00+00:00,1316.0
Cyprus,2022-06-12 00:00:00+00:00,1331.0
Cyprus,2022-09-24 00:00:00+00:00,1365.0
Cyprus,2022-09-27 00:00:00+00:00,1350.0
Cyprus,2022-11-16 00:00:00+00:00,1337.0
Cyprus,2022-11-20 00:00:00+00:00,1355.0
Cyprus,2023-03-25 00:00:00+00:00,1351.0
Cyprus,2023-03-28 00:00:00+00:00,1356.0
Cyprus,2023-06-17 00:00:00+00:00,1346.0
Cyprus,2023-06-20 00:00:00+00:00,1342.0
Cyprus,2023-09-08 00:00:00+00:00,1335.0
Cyprus,2023-09-12 00:00:00+00:00,1334.0
Cyprus,2023-10-12 00:00:00+00:00,1323.0
Cyprus,2023-10-15 00:00:00+00:00,1316.0
Cyprus,2023-11-16 00:00:00+00:00,1314.0
Cyprus,2023-11-19 00:00:00+00:00,1322.0
Cyprus,2024-03-21 00:00:00+00:00,1320.0
Cyprus,2024-03-25 00:00:00+00:00,1318.0
Cyprus,2024-06-08 00:00:00+00:00,1312.0
Cyprus,2024-06-11 00:00:00+00:00,1315.0
Cyprus,2024-09-06 00:00:00+00:00,1343.0
Cyprus,2024-09-09 00:00:00+00:00,1309.0
Cyprus,2024-10-12 00:00:00+00:00,1299.0
Cyprus,2024-10-15 00:00:00+00:00,1290.0
Cyprus,2024-11-15 00:00:00+00:00,1305.0
Cyprus,2024-11-18 00:00:00+00:00,1301.0
Cyprus,2025-03-21 00:00:00+00:00,1303.0
Cyprus,2025-03-24 00:00:00+00:00,1297.0
Cyprus,2025-06-06 00:00:00+00:00,1303.0
Cyprus,2025-06-10 00:00:00+00:00,1299.0
Cyprus,2025-09-06 00:00:00+00:00,1298.0
Cyprus,2025-09-09 00:00:00+00:00,1311.0
Cyprus,2025-10-09 00:00:00+00:00,1317.0
Cyprus,2025-10-12 00:00:00+00:00,1325.0
Cyprus,2025-11-15 00:00:00+00:00,1320.0
Cyprus,2025-11-18 00:00:00+00:00,1302.0
Cyprus,2026-03-26 00:00:00+00:00,1295.0
Cyprus,2026-03-30 00:00:00+00:00,1301.0
Cyprus,2026-06-04 00:00:00+00:00,1310.0
Cyprus,2026-06-07 00:00:00+00:00,1314.0
Czechia,2015-03-28 00:00:00+00:00,1787.0
Czechia,2015-03-31 00:00:00+00:00,1779.0
Czechia,2015-06-12 00:00:00+00:00,1759.0
Czechia,2015-09-03 00:00:00+00:00,1761.0
Czechia,2015-09-06 00:00:00+00:00,1771.0
Czechia,2015-10-10 00:00:00+00:00,1731.0
Czechia,2015-10-13 00:00:00+00:00,1765.0
Czechia,2015-11-13 00:00:00+00:00,1776.0
Czechia,2015-11-17 00:00:00+00:00,1765.0
Czechia,2016-03-24 00:00:00+00:00,1751.0
Czechia,2016-03-29 00:00:00+00:00,1754.0
Czechia,2016-05-27 00:00:00+00:00,1756.0
Czechia,2016-06-01 00:00:00+00:00,1766.0
Czechia,2016-06-05 00:00:00+00:00,1754.0
Czechia,2016-06-13 00:00:00+00:00,1744.0
Czechia,2016-06-17 00:00:00+00:00,1751.0
Czechia,2016-06-21 00:00:00+00:00,1717.0
Czechia,2016-08-31 00:00:00+00:00,1722.0
Czechia,2016-09-04 00:00:00+00:00,1712.0
Czechia,2016-10-08 00:00:00+00:00,1706.0
Czechia,2016-10-11 00:00:00+00:00,1690.0
Czechia,2016-11-11 00:00:00+00:00,1699.0
Czechia,2016-11-15 00:00:00+00:00,1697.0
Czechia,2017-03-22 00:00:00+00:00,1701.0
Czechia,2017-03-26 00:00:00+00:00,1702.0
Czechia,2017-06-05 00:00:00+00:00,1699.0
Czechia,2017-06-10 00:00:00+00:00,1697.0
Czechia,2017-09-01 00:00:00+00:00,1691.0
Czechia,2017-09-04 00:00:00+00:00,1669.0
Czechia,2017-10-05 00:00:00+00:00,1681.0
Czechia,2017-10-08 00:00:00+00:00,1681.0
Czechia,2017-11-08 00:00:00+00:00,1702.0
Czechia,2017-11-11 00:00:00+00:00,1712.0
Czechia,2018-03-23 00:00:00+00:00,1699.0
Czechia,2018-03-26 00:00:00+00:00,1721.0
Czechia,2018-06-01 00:00:00+00:00,1702.0
Czechia,2018-06-06 00:00:00+00:00,1712.0
Czechia,2018-09-06 00:00:00+00:00,1688.0
Czechia,2018-09-10 00:00:00+00:00,1677.0
Czechia,2018-10-13 00:00:00+00:00,1707.0
Czechia,2018-10-16 00:00:00+00:00,1697.0
Czechia,2018-11-15 00:00:00+00:00,1711.0
Czechia,2018-11-19 00:00:00+00:00,1728.0
Czechia,2019-03-22 00:00:00+00:00,1718.0
Czechia,2019-03-26 00:00:00+00:00,1714.0
Czechia,2019-06-07 00:00:00+00:00,1724.0
Czechia,2019-06-10 00:00:00+00:00,1737.0
Czechia,2019-09-07 00:00:00+00:00,1712.0
Czechia,2019-09-10 00:00:00+00:00,1743.0
Czechia,2019-10-11 00:00:00+00:00,1769.0
Czechia,2019-10-14 00:00:00+00:00,1754.0
Czechia,2019-11-14 00:00:00+00:00,1761.0
Czechia,2019-11-17 00:00:00+00:00,1735.0
Czechia,2020-09-04 00:00:00+00:00,1773.0
Czechia,2020-09-07 00:00:00+00:00,1741.0
Czechia,2020-10-07 00:00:00+00:00,1744.0
Czechia,2020-10-11 00:00:00+00:00,1759.0
Czechia,2020-10-14 00:00:00+00:00,1739.0
Czechia,2020-11-11 00:00:00+00:00,1736.0
Czechia,2020-11-15 00:00:00+00:00,1743.0
Czechia,2020-11-18 00:00:00+00:00,1760.0
Czechia,2021-03-24 00:00:00+00:00,1768.0
Czechia,2021-03-27 00:00:00+00:00,1780.0
Czechia,2021-03-30 00:00:00+00:00,1768.0
Czechia,2021-06-04 00:00:00+00:00,1763.0
Czechia,2021-06-08 00:00:00+00:00,1767.0
Czechia,2021-06-14 00:00:00+00:00,1806.0
Czechia,2021-06-18 00:00:00+00:00,1807.0
Czechia,2021-06-22 00:00:00+00:00,1798.0
Czechia,2021-06-27 00:00:00+00:00,1853.0
Czechia,2021-07-03 00:00:00+00:00,1836.0
Czechia,2021-09-02 00:00:00+00:00,1839.0
Czechia,2021-09-05 00:00:00+00:00,1832.0
Czechia,2021-09-08 00:00:00+00:00,1828.0
Czechia,2021-10-08 00:00:00+00:00,1821.0
Czechia,2021-10-11 00:00:00+00:00,1828.0
Czechia,2021-11-11 00:00:00+00:00,1830.0
Czechia,2021-11-16 00:00:00+00:00,1833.0
Czechia,2022-03-24 00:00:00+00:00,1818.0
Czechia,2022-03-29 00:00:00+00:00,1821.0
Czechia,2022-06-02 00:00:00+00:00,1841.0
Czechia,2022-06-05 00:00:00+00:00,1846.0
Czechia,2022-06-09 00:00:00+00:00,1835.0
Czechia,2022-06-12 00:00:00+00:00,1826.0
Czechia,2022-09-24 00:00:00+00:00,1796.0
Czechia,2022-09-27 00:00:00+00:00,1787.0
Czechia,2022-11-16 00:00:00+00:00,1788.0
Czechia,2022-11-19 00:00:00+00:00,1778.0
Czechia,2023-03-24 00:00:00+00:00,1801.0
Czechia,2023-03-27 00:00:00+00:00,1784.0
Czechia,2023-06-17 00:00:00+00:00,1791.0
Czechia,2023-06-20 00:00:00+00:00,1802.0
Czechia,2023-09-07 00:00:00+00:00,1787.0
Czechia,2023-09-10 00:00:00+00:00,1791.0
Czechia,2023-10-12 00:00:00+00:00,1748.0
Czechia,2023-10-15 00:00:00+00:00,1749.0
Czechia,2023-11-17 00:00:00+00:00,1753.0
Czechia,2023-11-20 00:00:00+00:00,1756.0
Czechia,2024-03-22 00:00:00+00:00,1769.0
Czechia,2024-03-26 00:00:00+00:00,1771.0
Czechia,2024-06-07 00:00:00+00:00,1773.0
Czechia,2024-06-10 00:00:00+00:00,1776.0
Czechia,2024-06-18 00:00:00+00:00,1765.0
Czechia,2024-06-22 00:00:00+00:00,1756.0
Czechia,2024-06-26 00:00:00+00:00,1731.0
Czechia,2024-09-07 00:00:00+00:00,1703.0
Czechia,2024-09-10 00:00:00+00:00,1722.0
Czechia,2024-10-11 00:00:00+00:00,1737.0
Czechia,2024-10-14 00:00:00+00:00,1740.0
Czechia,2024-11-16 00:00:00+00:00,1741.0
Czechia,2024-11-19 00:00:00+00:00,1753.0
Czechia,2025-03-22 00:00:00+00:00,1754.0
Czechia,2025-03-25 00:00:00+00:00,1755.0
Czechia,2025-06-06 00:00:00+00:00,1763.0
Czechia,2025-06-09 00:00:00+00:00,1749.0
Czechia,2025-09-05 00:00:00+00:00,1768.0
Czechia,2025-09-08 00:00:00+00:00,1761.0
Czechia,2025-10-09 00:00:00+00:00,1765.0
Czechia,2025-10-12 00:00:00+00:00,1730.0
Czechia,2025-11-13 00:00:00+00:00,1730.0
Czechia,2025-11-17 00:00:00+00:00,1731.0
Czechia,2026-03-26 00:00:00+00:00,1723.0
Czechia,2026-03-31 00:00:00+00:00,1726.0
Czechia,2026-05-31 00:00:00+00:00,1733.0
Czechia,2026-06-04 00:00:00+00:00,1740.0
Czechia,2026-06-11 00:00:00+00:00,1712.0
Czechia,2026-06-18 00:00:00+00:00,1696.0
Czechia,2026-06-24 00:00:00+00:00,1680.0
Denmark,2015-03-25 00:00:00+00:00,1763.0
Denmark,2015-03-29 00:00:00+00:00,1758.0
Denmark,2015-06-08 00:00:00+00:00,1762.0
Denmark,2015-06-13 00:00:00+00:00,1781.0
Denmark,2015-09-04 00:00:00+00:00,1768.0
Denmark,2015-09-07 00:00:00+00:00,1760.0
Denmark,2015-10-08 00:00:00+00:00,1752.0
Denmark,2015-10-11 00:00:00+00:00,1745.0
Denmark,2015-11-14 00:00:00+00:00,1731.0
Denmark,2015-11-17 00:00:00+00:00,1727.0
Denmark,2016-03-24 00:00:00+00:00,1733.0
Denmark,2016-03-29 00:00:00+00:00,1725.0
Denmark,2016-06-03 00:00:00+00:00,1726.0
Denmark,2016-06-07 00:00:00+00:00,1744.0
Denmark,2016-08-31 00:00:00+00:00,1745.0
Denmark,2016-09-04 00:00:00+00:00,1750.0
Denmark,2016-10-08 00:00:00+00:00,1739.0
Denmark,2016-10-11 00:00:00+00:00,1706.0
Denmark,2016-11-11 00:00:00+00:00,1713.0
Denmark,2016-11-15 00:00:00+00:00,1715.0
Denmark,2017-03-26 00:00:00+00:00,1719.0
Denmark,2017-06-06 00:00:00+00:00,1725.0
Denmark,2017-06-10 00:00:00+00:00,1737.0
Denmark,2017-09-01 00:00:00+00:00,1778.0
Denmark,2017-09-04 00:00:00+00:00,1796.0
Denmark,2017-10-05 00:00:00+00:00,1813.0
Denmark,2017-10-08 00:00:00+00:00,1801.0
Denmark,2017-11-11 00:00:00+00:00,1794.0
Denmark,2017-11-14 00:00:00+00:00,1840.0
Denmark,2018-03-22 00:00:00+00:00,1843.0
Denmark,2018-03-27 00:00:00+00:00,1841.0
Denmark,2018-06-02 00:00:00+00:00,1843.0
Denmark,2018-06-09 00:00:00+00:00,1854.0
Denmark,2018-06-16 00:00:00+00:00,1889.0
Denmark,2018-06-21 00:00:00+00:00,1876.0
Denmark,2018-06-26 00:00:00+00:00,1888.0
Denmark,2018-07-01 00:00:00+00:00,1894.0
Denmark,2018-09-05 00:00:00+00:00,1874.0
Denmark,2018-09-09 00:00:00+00:00,1890.0
Denmark,2018-10-13 00:00:00+00:00,1886.0
Denmark,2018-10-16 00:00:00+00:00,1892.0
Denmark,2018-11-16 00:00:00+00:00,1912.0
Denmark,2018-11-19 00:00:00+00:00,1897.0
Denmark,2019-03-21 00:00:00+00:00,1890.0
Denmark,2019-03-26 00:00:00+00:00,1898.0
Denmark,2019-06-07 00:00:00+00:00,1885.0
Denmark,2019-06-10 00:00:00+00:00,1890.0
Denmark,2019-09-05 00:00:00+00:00,1892.0
Denmark,2019-09-08 00:00:00+00:00,1879.0
Denmark,2019-10-12 00:00:00+00:00,1894.0
Denmark,2019-10-15 00:00:00+00:00,1895.0
Denmark,2019-11-15 00:00:00+00:00,1895.0
Denmark,2019-11-18 00:00:00+00:00,1891.0
Denmark,2020-09-05 00:00:00+00:00,1869.0
Denmark,2020-09-08 00:00:00+00:00,1869.0
Denmark,2020-10-07 00:00:00+00:00,1870.0
Denmark,2020-10-11 00:00:00+00:00,1897.0
Denmark,2020-10-14 00:00:00+00:00,1927.0
Denmark,2020-11-11 00:00:00+00:00,1934.0
Denmark,2020-11-15 00:00:00+00:00,1938.0
Denmark,2020-11-18 00:00:00+00:00,1927.0
Denmark,2021-03-25 00:00:00+00:00,1939.0
Denmark,2021-03-28 00:00:00+00:00,1940.0
Denmark,2021-03-31 00:00:00+00:00,1972.0
Denmark,2021-06-02 00:00:00+00:00,1971.0
Denmark,2021-06-06 00:00:00+00:00,1973.0
Denmark,2021-06-12 00:00:00+00:00,1928.0
Denmark,2021-06-17 00:00:00+00:00,1909.0
Denmark,2021-06-21 00:00:00+00:00,1925.0
Denmark,2021-06-26 00:00:00+00:00,1963.0
Denmark,2021-07-03 00:00:00+00:00,1980.0
Denmark,2021-07-07 00:00:00+00:00,1965.0
Denmark,2021-09-01 00:00:00+00:00,1970.0
Denmark,2021-09-04 00:00:00+00:00,1971.0
Denmark,2021-09-07 00:00:00+00:00,1978.0
Denmark,2021-10-09 00:00:00+00:00,1979.0
Denmark,2021-10-12 00:00:00+00:00,1983.0
Denmark,2021-11-12 00:00:00+00:00,1983.0
Denmark,2021-11-15 00:00:00+00:00,1937.0
Denmark,2022-03-26 00:00:00+00:00,1926.0
Denmark,2022-03-29 00:00:00+00:00,1936.0
Denmark,2022-06-03 00:00:00+00:00,1969.0
Denmark,2022-06-06 00:00:00+00:00,1984.0
Denmark,2022-06-10 00:00:00+00:00,1951.0
Denmark,2022-06-13 00:00:00+00:00,1961.0
Denmark,2022-09-22 00:00:00+00:00,1942.0
Denmark,2022-09-25 00:00:00+00:00,1971.0
Denmark,2022-11-22 00:00:00+00:00,1952.0
Denmark,2022-11-26 00:00:00+00:00,1928.0
Denmark,2022-11-30 00:00:00+00:00,1883.0
Denmark,2023-03-23 00:00:00+00:00,1891.0
Denmark,2023-03-26 00:00:00+00:00,1854.0
Denmark,2023-06-16 00:00:00+00:00,1857.0
Denmark,2023-06-19 00:00:00+00:00,1851.0
Denmark,2023-09-07 00:00:00+00:00,1851.0
Denmark,2023-09-10 00:00:00+00:00,1868.0
Denmark,2023-10-14 00:00:00+00:00,1871.0
Denmark,2023-10-17 00:00:00+00:00,1871.0
Denmark,2023-11-17 00:00:00+00:00,1878.0
Denmark,2023-11-20 00:00:00+00:00,1825.0
Denmark,2024-03-23 00:00:00+00:00,1821.0
Denmark,2024-03-26 00:00:00+00:00,1822.0
Denmark,2024-06-05 00:00:00+00:00,1826.0
Denmark,2024-06-08 00:00:00+00:00,1834.0
Denmark,2024-06-16 00:00:00+00:00,1827.0
Denmark,2024-06-20 00:00:00+00:00,1838.0
Denmark,2024-06-25 00:00:00+00:00,1834.0
Denmark,2024-06-29 00:00:00+00:00,1816.0
Denmark,2024-09-05 00:00:00+00:00,1845.0
Denmark,2024-09-08 00:00:00+00:00,1863.0
Denmark,2024-10-12 00:00:00+00:00,1859.0
Denmark,2024-10-15 00:00:00+00:00,1863.0
Denmark,2024-11-15 00:00:00+00:00,1854.0
Denmark,2024-11-18 00:00:00+00:00,1857.0
Denmark,2025-03-20 00:00:00+00:00,1885.0
Denmark,2025-03-23 00:00:00+00:00,1862.0
Denmark,2025-06-07 00:00:00+00:00,1864.0
Denmark,2025-06-10 00:00:00+00:00,1865.0
Denmark,2025-09-05 00:00:00+00:00,1853.0
Denmark,2025-09-08 00:00:00+00:00,1897.0
Denmark,2025-10-09 00:00:00+00:00,1904.0
Denmark,2025-10-12 00:00:00+00:00,1917.0
Denmark,2025-11-15 00:00:00+00:00,1899.0
Denmark,2025-11-18 00:00:00+00:00,1865.0
Denmark,2026-03-26 00:00:00+00:00,1873.0
Denmark,2026-03-31 00:00:00+00:00,1870.0
Denmark,2026-06-03 00:00:00+00:00,1864.0
Denmark,2026-06-07 00:00:00+00:00,1869.0
England,2015-03-27 00:00:00+00:00,1926.0
England,2015-03-31 00:00:00+00:00,1927.0
England,2015-06-07 00:00:00+00:00,1924.0
England,2015-06-14 00:00:00+00:00,1934.0
England,2015-09-05 00:00:00+00:00,1934.0
England,2015-09-08 00:00:00+00:00,1947.0
England,2015-10-09 00:00:00+00:00,1949.0
England,2015-10-12 00:00:00+00:00,1955.0
England,2015-11-13 00:00:00+00:00,1946.0
England,2015-11-17 00:00:00+00:00,1958.0
England,2016-03-26 00:00:00+00:00,1973.0
England,2016-03-29 00:00:00+00:00,1958.0
England,2016-05-22 00:00:00+00:00,1962.0
England,2016-05-27 00:00:00+00:00,1964.0
England,2016-06-02 00:00:00+00:00,1970.0
England,2016-06-11 00:00:00+00:00,1956.0
England,2016-06-16 00:00:00+00:00,1965.0
England,2016-06-20 00:00:00+00:00,1952.0
England,2016-06-27 00:00:00+00:00,1912.0
England,2016-09-04 00:00:00+00:00,1929.0
England,2016-10-08 00:00:00+00:00,1930.0
England,2016-10-11 00:00:00+00:00,1920.0
England,2016-11-11 00:00:00+00:00,1929.0
England,2016-11-15 00:00:00+00:00,1927.0
England,2017-03-22 00:00:00+00:00,1922.0
England,2017-03-26 00:00:00+00:00,1924.0
England,2017-06-10 00:00:00+00:00,1916.0
England,2017-06-13 00:00:00+00:00,1910.0
England,2017-09-01 00:00:00+00:00,1913.0
England,2017-09-04 00:00:00+00:00,1921.0
England,2017-10-05 00:00:00+00:00,1925.0
England,2017-10-08 00:00:00+00:00,1928.0
England,2017-11-10 00:00:00+00:00,1930.0
England,2017-11-14 00:00:00+00:00,1932.0
England,2018-03-23 00:00:00+00:00,1944.0
England,2018-03-27 00:00:00+00:00,1940.0
England,2018-06-02 00:00:00+00:00,1942.0
England,2018-06-07 00:00:00+00:00,1947.0
England,2018-06-18 00:00:00+00:00,1956.0
England,2018-06-24 00:00:00+00:00,1973.0
England,2018-06-28 00:00:00+00:00,1943.0
England,2018-07-03 00:00:00+00:00,1943.0
England,2018-07-07 00:00:00+00:00,1983.0
England,2018-07-11 00:00:00+00:00,1949.0
England,2018-07-14 00:00:00+00:00,1913.0
England,2018-09-08 00:00:00+00:00,1893.0
England,2018-09-11 00:00:00+00:00,1900.0
England,2018-10-12 00:00:00+00:00,1907.0
England,2018-10-15 00:00:00+00:00,1939.0
England,2018-11-15 00:00:00+00:00,1945.0
England,2018-11-18 00:00:00+00:00,1959.0
England,2019-03-22 00:00:00+00:00,1969.0
England,2019-03-25 00:00:00+00:00,1982.0
England,2019-06-06 00:00:00+00:00,1942.0
England,2019-06-09 00:00:00+00:00,1939.0
England,2019-09-07 00:00:00+00:00,1944.0
England,2019-09-10 00:00:00+00:00,1948.0
England,2019-10-11 00:00:00+00:00,1922.0
England,2019-10-14 00:00:00+00:00,1938.0
England,2019-11-14 00:00:00+00:00,1942.0
England,2019-11-17 00:00:00+00:00,1955.0
England,2020-09-05 00:00:00+00:00,1966.0
England,2020-09-08 00:00:00+00:00,1966.0
England,2020-10-08 00:00:00+00:00,1972.0
England,2020-10-11 00:00:00+00:00,1994.0
England,2020-10-14 00:00:00+00:00,1964.0
England,2020-11-12 00:00:00+00:00,1968.0
England,2020-11-15 00:00:00+00:00,1955.0
England,2020-11-18 00:00:00+00:00,1961.0
England,2021-03-25 00:00:00+00:00,1961.0
England,2021-03-28 00:00:00+00:00,1970.0
England,2021-03-31 00:00:00+00:00,1977.0
England,2021-06-02 00:00:00+00:00,1980.0
England,2021-06-06 00:00:00+00:00,1981.0
England,2021-06-13 00:00:00+00:00,1990.0
England,2021-06-18 00:00:00+00:00,1968.0
England,2021-06-22 00:00:00+00:00,1977.0
England,2021-06-29 00:00:00+00:00,2000.0
England,2021-07-03 00:00:00+00:00,2025.0
England,2021-07-07 00:00:00+00:00,2040.0
England,2021-07-11 00:00:00+00:00,2036.0
England,2021-09-02 00:00:00+00:00,2055.0
England,2021-09-05 00:00:00+00:00,2055.0
England,2021-09-08 00:00:00+00:00,2045.0
England,2021-10-09 00:00:00+00:00,2045.0
England,2021-10-12 00:00:00+00:00,2028.0
England,2021-11-12 00:00:00+00:00,2031.0
England,2021-11-15 00:00:00+00:00,2031.0
England,2022-03-26 00:00:00+00:00,2036.0
England,2022-03-29 00:00:00+00:00,2038.0
England,2022-06-04 00:00:00+00:00,2007.0
England,2022-06-07 00:00:00+00:00,2011.0
England,2022-06-11 00:00:00+00:00,2003.0
England,2022-06-14 00:00:00+00:00,1937.0
England,2022-09-23 00:00:00+00:00,1923.0
England,2022-09-26 00:00:00+00:00,1919.0
England,2022-11-21 00:00:00+00:00,1956.0
England,2022-11-25 00:00:00+00:00,1943.0
England,2022-11-29 00:00:00+00:00,1968.0
England,2022-12-04 00:00:00+00:00,1994.0
England,2022-12-10 00:00:00+00:00,1966.0
England,2023-03-23 00:00:00+00:00,1992.0
England,2023-03-26 00:00:00+00:00,2002.0
England,2023-06-16 00:00:00+00:00,2004.0
England,2023-06-19 00:00:00+00:00,2007.0
England,2023-09-09 00:00:00+00:00,1998.0
England,2023-09-12 00:00:00+00:00,2010.0
England,2023-10-13 00:00:00+00:00,2013.0
England,2023-10-17 00:00:00+00:00,2030.0
England,2023-11-17 00:00:00+00:00,2030.0
England,2023-11-20 00:00:00+00:00,2014.0
England,2024-03-23 00:00:00+00:00,2001.0
England,2024-03-26 00:00:00+00:00,1998.0
England,2024-06-03 00:00:00+00:00,1999.0
England,2024-06-07 00:00:00+00:00,1980.0
England,2024-06-16 00:00:00+00:00,1993.0
England,2024-06-20 00:00:00+00:00,1982.0
England,2024-06-25 00:00:00+00:00,1967.0
England,2024-06-30 00:00:00+00:00,1976.0
England,2024-07-06 00:00:00+00:00,1970.0
England,2024-07-10 00:00:00+00:00,1996.0
England,2024-07-14 00:00:00+00:00,1980.0
England,2024-09-07 00:00:00+00:00,1991.0
England,2024-09-10 00:00:00+00:00,1995.0
England,2024-10-10 00:00:00+00:00,1961.0
England,2024-10-13 00:00:00+00:00,1971.0
England,2024-11-14 00:00:00+00:00,2001.0
England,2024-11-17 00:00:00+00:00,2006.0
England,2025-03-21 00:00:00+00:00,2010.0
England,2025-03-24 00:00:00+00:00,2011.0
England,2025-06-07 00:00:00+00:00,2011.0
England,2025-06-10 00:00:00+00:00,1984.0
England,2025-09-06 00:00:00+00:00,1984.0
England,2025-09-09 00:00:00+00:00,2019.0
England,2025-10-09 00:00:00+00:00,2022.0
England,2025-10-14 00:00:00+00:00,2024.0
England,2025-11-13 00:00:00+00:00,2031.0
England,2025-11-16 00:00:00+00:00,2042.0
England,2026-03-27 00:00:00+00:00,2036.0
England,2026-03-31 00:00:00+00:00,2020.0
England,2026-06-06 00:00:00+00:00,2021.0
England,2026-06-10 00:00:00+00:00,2024.0
England,2026-06-17 00:00:00+00:00,2055.0
England,2026-06-23 00:00:00+00:00,2028.0
England,2026-06-27 00:00:00+00:00,2038.0
England,2026-07-01 00:00:00+00:00,2046.0
England,2026-07-05 00:00:00+00:00,2076.0
England,2026-07-11 00:00:00+00:00,2097.0
England,2026-07-15 00:00:00+00:00,2074.0
England,2026-07-18 00:00:00+00:00,2125.0
Estonia,2015-03-27 00:00:00+00:00,1454.0
Estonia,2015-03-31 00:00:00+00:00,1457.0
Estonia,2015-06-09 00:00:00+00:00,1481.0
Estonia,2015-06-14 00:00:00+00:00,1482.0
Estonia,2015-09-05 00:00:00+00:00,1494.0
Estonia,2015-09-08 00:00:00+00:00,1486.0
Estonia,2015-10-09 00:00:00+00:00,1484.0
Estonia,2015-10-12 00:00:00+00:00,1475.0
Estonia,2015-11-11 00:00:00+00:00,1488.0
Estonia,2015-11-17 00:00:00+00:00,1492.0
Estonia,2016-01-06 00:00:00+00:00,1499.0
Estonia,2016-03-24 00:00:00+00:00,1500.0
Estonia,2016-03-29 00:00:00+00:00,1493.0
Estonia,2016-05-29 00:00:00+00:00,1472.0
Estonia,2016-06-01 00:00:00+00:00,1473.0
Estonia,2016-06-04 00:00:00+00:00,1469.0
Estonia,2016-06-08 00:00:00+00:00,1467.0
Estonia,2016-08-31 00:00:00+00:00,1460.0
Estonia,2016-09-06 00:00:00+00:00,1453.0
Estonia,2016-10-07 00:00:00+00:00,1458.0
Estonia,2016-10-10 00:00:00+00:00,1435.0
Estonia,2016-11-13 00:00:00+00:00,1432.0
Estonia,2016-11-19 00:00:00+00:00,1430.0
Estonia,2016-11-22 00:00:00+00:00,1437.0
Estonia,2017-03-25 00:00:00+00:00,1441.0
Estonia,2017-03-28 00:00:00+00:00,1472.0
Estonia,2017-06-09 00:00:00+00:00,1464.0
Estonia,2017-06-12 00:00:00+00:00,1475.0
Estonia,2017-08-31 00:00:00+00:00,1489.0
Estonia,2017-09-03 00:00:00+00:00,1501.0
Estonia,2017-10-07 00:00:00+00:00,1508.0
Estonia,2017-10-10 00:00:00+00:00,1494.0
Estonia,2017-11-09 00:00:00+00:00,1485.0
Estonia,2017-11-12 00:00:00+00:00,1495.0
Estonia,2017-11-19 00:00:00+00:00,1503.0
Estonia,2017-11-23 00:00:00+00:00,1508.0
Estonia,2017-11-26 00:00:00+00:00,1506.0
Estonia,2018-01-07 00:00:00+00:00,1513.0
Estonia,2018-03-24 00:00:00+00:00,1515.0
Estonia,2018-03-27 00:00:00+00:00,1503.0
Estonia,2018-05-30 00:00:00+00:00,1514.0
Estonia,2018-06-02 00:00:00+00:00,1496.0
Estonia,2018-06-09 00:00:00+00:00,1486.0
Estonia,2018-09-08 00:00:00+00:00,1469.0
Estonia,2018-09-11 00:00:00+00:00,1461.0
Estonia,2018-10-12 00:00:00+00:00,1445.0
Estonia,2018-10-15 00:00:00+00:00,1446.0
Estonia,2018-11-15 00:00:00+00:00,1433.0
Estonia,2018-11-18 00:00:00+00:00,1467.0
Estonia,2019-01-11 00:00:00+00:00,1482.0
Estonia,2019-01-15 00:00:00+00:00,1487.0
Estonia,2019-03-21 00:00:00+00:00,1475.0
Estonia,2019-03-26 00:00:00+00:00,1478.0
Estonia,2019-06-08 00:00:00+00:00,1462.0
Estonia,2019-06-11 00:00:00+00:00,1459.0
Estonia,2019-09-06 00:00:00+00:00,1436.0
Estonia,2019-09-09 00:00:00+00:00,1432.0
Estonia,2019-10-10 00:00:00+00:00,1442.0
Estonia,2019-10-13 00:00:00+00:00,1436.0
Estonia,2019-11-14 00:00:00+00:00,1435.0
Estonia,2019-11-19 00:00:00+00:00,1433.0
Estonia,2020-09-05 00:00:00+00:00,1414.0
Estonia,2020-09-08 00:00:00+00:00,1394.0
Estonia,2020-10-07 00:00:00+00:00,1372.0
Estonia,2020-10-11 00:00:00+00:00,1378.0
Estonia,2020-10-14 00:00:00+00:00,1377.0
Estonia,2020-11-11 00:00:00+00:00,1376.0
Estonia,2020-11-15 00:00:00+00:00,1370.0
Estonia,2020-11-18 00:00:00+00:00,1382.0
Estonia,2021-03-24 00:00:00+00:00,1374.0
Estonia,2021-03-27 00:00:00+00:00,1361.0
Estonia,2021-03-31 00:00:00+00:00,1360.0
Estonia,2021-06-01 00:00:00+00:00,1379.0
Estonia,2021-06-04 00:00:00+00:00,1397.0
Estonia,2021-06-10 00:00:00+00:00,1404.0
Estonia,2021-09-02 00:00:00+00:00,1402.0
Estonia,2021-09-05 00:00:00+00:00,1394.0
Estonia,2021-09-08 00:00:00+00:00,1412.0
Estonia,2021-10-08 00:00:00+00:00,1439.0
Estonia,2021-10-11 00:00:00+00:00,1432.0
Estonia,2021-11-13 00:00:00+00:00,1431.0
Estonia,2021-11-16 00:00:00+00:00,1428.0
Estonia,2022-03-24 00:00:00+00:00,1416.0
Estonia,2022-03-29 00:00:00+00:00,1385.0
Estonia,2022-06-02 00:00:00+00:00,1386.0
Estonia,2022-06-05 00:00:00+00:00,1385.0
Estonia,2022-06-09 00:00:00+00:00,1404.0
Estonia,2022-06-13 00:00:00+00:00,1410.0
Estonia,2022-09-23 00:00:00+00:00,1417.0
Estonia,2022-09-26 00:00:00+00:00,1420.0
Estonia,2022-11-16 00:00:00+00:00,1421.0
Estonia,2022-11-19 00:00:00+00:00,1429.0
Estonia,2023-01-08 00:00:00+00:00,1432.0
Estonia,2023-01-12 00:00:00+00:00,1448.0
Estonia,2023-03-23 00:00:00+00:00,1447.0
Estonia,2023-03-27 00:00:00+00:00,1444.0
Estonia,2023-06-17 00:00:00+00:00,1448.0
Estonia,2023-06-20 00:00:00+00:00,1442.0
Estonia,2023-09-09 00:00:00+00:00,1422.0
Estonia,2023-09-12 00:00:00+00:00,1420.0
Estonia,2023-10-13 00:00:00+00:00,1381.0
Estonia,2023-10-17 00:00:00+00:00,1378.0
Estonia,2023-11-16 00:00:00+00:00,1370.0
Estonia,2023-11-19 00:00:00+00:00,1365.0
Estonia,2024-01-12 00:00:00+00:00,1362.0
Estonia,2024-03-21 00:00:00+00:00,1357.0
Estonia,2024-03-26 00:00:00+00:00,1355.0
Estonia,2024-06-04 00:00:00+00:00,1353.0
Estonia,2024-06-08 00:00:00+00:00,1366.0
Estonia,2024-06-11 00:00:00+00:00,1370.0
Estonia,2024-09-05 00:00:00+00:00,1361.0
Estonia,2024-09-08 00:00:00+00:00,1356.0
Estonia,2024-10-11 00:00:00+00:00,1386.0
Estonia,2024-10-14 00:00:00+00:00,1371.0
Estonia,2024-11-16 00:00:00+00:00,1379.0
Estonia,2024-11-19 00:00:00+00:00,1376.0
Estonia,2025-03-22 00:00:00+00:00,1367.0
Estonia,2025-03-25 00:00:00+00:00,1391.0
Estonia,2025-06-06 00:00:00+00:00,1370.0
Estonia,2025-06-09 00:00:00+00:00,1366.0
Estonia,2025-09-05 00:00:00+00:00,1364.0
Estonia,2025-09-09 00:00:00+00:00,1356.0
Estonia,2025-10-11 00:00:00+00:00,1351.0
Estonia,2025-10-14 00:00:00+00:00,1343.0
Estonia,2025-11-13 00:00:00+00:00,1341.0
Estonia,2025-11-18 00:00:00+00:00,1359.0
Estonia,2026-03-27 00:00:00+00:00,1358.0
Estonia,2026-03-30 00:00:00+00:00,1339.0
Estonia,2026-06-06 00:00:00+00:00,1352.0
Estonia,2026-06-09 00:00:00+00:00,1360.0
Faroe Islands,2015-03-29 00:00:00+00:00,1224.0
Faroe Islands,2015-06-13 00:00:00+00:00,1259.0
Faroe Islands,2015-09-04 00:00:00+00:00,1243.0
Faroe Islands,2015-09-07 00:00:00+00:00,1240.0
Faroe Islands,2015-10-08 00:00:00+00:00,1238.0
Faroe Islands,2015-10-11 00:00:00+00:00,1232.0
Faroe Islands,2016-03-28 00:00:00+00:00,1241.0
Faroe Islands,2016-06-03 00:00:00+00:00,1232.0
Faroe Islands,2016-09-06 00:00:00+00:00,1248.0
Faroe Islands,2016-10-07 00:00:00+00:00,1301.0
Faroe Islands,2016-10-10 00:00:00+00:00,1297.0
Faroe Islands,2016-11-13 00:00:00+00:00,1296.0
Faroe Islands,2017-03-25 00:00:00+00:00,1285.0
Faroe Islands,2017-06-09 00:00:00+00:00,1281.0
Faroe Islands,2017-08-31 00:00:00+00:00,1280.0
Faroe Islands,2017-09-03 00:00:00+00:00,1284.0
Faroe Islands,2017-10-07 00:00:00+00:00,1283.0
Faroe Islands,2017-10-10 00:00:00+00:00,1280.0
Faroe Islands,2018-03-22 00:00:00+00:00,1282.0
Faroe Islands,2018-03-25 00:00:00+00:00,1293.0
Faroe Islands,2018-09-07 00:00:00+00:00,1308.0
Faroe Islands,2018-09-10 00:00:00+00:00,1295.0
Faroe Islands,2018-10-11 00:00:00+00:00,1260.0
Faroe Islands,2018-10-14 00:00:00+00:00,1265.0
Faroe Islands,2018-11-17 00:00:00+00:00,1253.0
Faroe Islands,2018-11-20 00:00:00+00:00,1254.0
Faroe Islands,2019-03-23 00:00:00+00:00,1235.0
Faroe Islands,2019-03-26 00:00:00+00:00,1233.0
Faroe Islands,2019-06-07 00:00:00+00:00,1232.0
Faroe Islands,2019-06-10 00:00:00+00:00,1225.0
Faroe Islands,2019-09-05 00:00:00+00:00,1221.0
Faroe Islands,2019-09-08 00:00:00+00:00,1221.0
Faroe Islands,2019-10-12 00:00:00+00:00,1215.0
Faroe Islands,2019-10-15 00:00:00+00:00,1228.0
Faroe Islands,2019-11-15 00:00:00+00:00,1226.0
Faroe Islands,2019-11-18 00:00:00+00:00,1225.0
Faroe Islands,2020-09-03 00:00:00+00:00,1236.0
Faroe Islands,2020-09-06 00:00:00+00:00,1255.0
Faroe Islands,2020-10-07 00:00:00+00:00,1254.0
Faroe Islands,2020-10-10 00:00:00+00:00,1248.0
Faroe Islands,2020-10-13 00:00:00+00:00,1259.0
Faroe Islands,2020-11-11 00:00:00+00:00,1254.0
Faroe Islands,2020-11-14 00:00:00+00:00,1258.0
Faroe Islands,2020-11-17 00:00:00+00:00,1261.0
Faroe Islands,2021-03-25 00:00:00+00:00,1265.0
Faroe Islands,2021-03-28 00:00:00+00:00,1263.0
Faroe Islands,2021-03-31 00:00:00+00:00,1259.0
Faroe Islands,2021-06-04 00:00:00+00:00,1255.0
Faroe Islands,2021-06-07 00:00:00+00:00,1262.0
Faroe Islands,2021-09-01 00:00:00+00:00,1247.0
Faroe Islands,2021-09-04 00:00:00+00:00,1246.0
Faroe Islands,2021-09-07 00:00:00+00:00,1259.0
Faroe Islands,2021-10-09 00:00:00+00:00,1252.0
Faroe Islands,2021-10-12 00:00:00+00:00,1247.0
Faroe Islands,2021-11-12 00:00:00+00:00,1247.0
Faroe Islands,2021-11-15 00:00:00+00:00,1245.0
Faroe Islands,2022-03-26 00:00:00+00:00,1242.0
Faroe Islands,2022-03-29 00:00:00+00:00,1248.0
Faroe Islands,2022-06-04 00:00:00+00:00,1245.0
Faroe Islands,2022-06-07 00:00:00+00:00,1230.0
Faroe Islands,2022-06-11 00:00:00+00:00,1247.0
Faroe Islands,2022-06-14 00:00:00+00:00,1260.0
Faroe Islands,2022-09-22 00:00:00+00:00,1266.0
Faroe Islands,2022-09-25 00:00:00+00:00,1302.0
Faroe Islands,2022-11-16 00:00:00+00:00,1301.0
Faroe Islands,2022-11-19 00:00:00+00:00,1308.0
Faroe Islands,2023-03-24 00:00:00+00:00,1309.0
Faroe Islands,2023-03-27 00:00:00+00:00,1306.0
Faroe Islands,2023-06-17 00:00:00+00:00,1299.0
Faroe Islands,2023-06-20 00:00:00+00:00,1281.0
Faroe Islands,2023-09-07 00:00:00+00:00,1279.0
Faroe Islands,2023-09-10 00:00:00+00:00,1254.0
Faroe Islands,2023-10-12 00:00:00+00:00,1248.0
Faroe Islands,2023-10-15 00:00:00+00:00,1247.0
Faroe Islands,2023-11-16 00:00:00+00:00,1246.0
Faroe Islands,2023-11-20 00:00:00+00:00,1264.0
Faroe Islands,2024-03-22 00:00:00+00:00,1269.0
Faroe Islands,2024-03-26 00:00:00+00:00,1268.0
Faroe Islands,2024-06-08 00:00:00+00:00,1255.0
Faroe Islands,2024-06-11 00:00:00+00:00,1246.0
Faroe Islands,2024-09-07 00:00:00+00:00,1256.0
Faroe Islands,2024-09-10 00:00:00+00:00,1244.0
Faroe Islands,2024-10-10 00:00:00+00:00,1250.0
Faroe Islands,2024-10-13 00:00:00+00:00,1247.0
Faroe Islands,2024-11-14 00:00:00+00:00,1280.0
Faroe Islands,2024-11-17 00:00:00+00:00,1277.0
Faroe Islands,2025-03-22 00:00:00+00:00,1276.0
Faroe Islands,2025-03-25 00:00:00+00:00,1271.0
Faroe Islands,2025-06-05 00:00:00+00:00,1270.0
Faroe Islands,2025-06-09 00:00:00+00:00,1275.0
Faroe Islands,2025-09-05 00:00:00+00:00,1273.0
Faroe Islands,2025-09-08 00:00:00+00:00,1286.0
Faroe Islands,2025-10-09 00:00:00+00:00,1335.0
Faroe Islands,2025-10-12 00:00:00+00:00,1370.0
Faroe Islands,2025-11-14 00:00:00+00:00,1369.0
Faroe Islands,2025-11-18 00:00:00+00:00,1381.0
Faroe Islands,2026-03-28 00:00:00+00:00,1382.0
Faroe Islands,2026-06-06 00:00:00+00:00,1369.0
Faroe Islands,2026-06-09 00:00:00+00:00,1386.0
Finland,2015-01-19 00:00:00+00:00,1640.0
Finland,2015-01-22 00:00:00+00:00,1631.0
Finland,2015-03-29 00:00:00+00:00,1609.0
Finland,2015-06-09 00:00:00+00:00,1585.0
Finland,2015-06-13 00:00:00+00:00,1563.0
Finland,2015-09-04 00:00:00+00:00,1593.0
Finland,2015-09-07 00:00:00+00:00,1596.0
Finland,2015-10-08 00:00:00+00:00,1609.0
Finland,2015-10-11 00:00:00+00:00,1602.0
Finland,2016-01-10 00:00:00+00:00,1592.0
Finland,2016-01-13 00:00:00+00:00,1584.0
Finland,2016-03-26 00:00:00+00:00,1578.0
Finland,2016-03-29 00:00:00+00:00,1569.0
Finland,2016-06-01 00:00:00+00:00,1578.0
Finland,2016-06-06 00:00:00+00:00,1575.0
Finland,2016-08-31 00:00:00+00:00,1574.0
Finland,2016-09-05 00:00:00+00:00,1561.0
Finland,2016-10-06 00:00:00+00:00,1555.0
Finland,2016-10-09 00:00:00+00:00,1545.0
Finland,2016-11-12 00:00:00+00:00,1539.0
Finland,2017-01-09 00:00:00+00:00,1551.0
Finland,2017-03-24 00:00:00+00:00,1543.0
Finland,2017-03-28 00:00:00+00:00,1549.0
Finland,2017-06-07 00:00:00+00:00,1540.0
Finland,2017-06-11 00:00:00+00:00,1526.0
Finland,2017-09-02 00:00:00+00:00,1555.0
Finland,2017-09-05 00:00:00+00:00,1566.0
Finland,2017-10-06 00:00:00+00:00,1582.0
Finland,2017-10-09 00:00:00+00:00,1585.0
Finland,2017-11-09 00:00:00+00:00,1594.0
Finland,2018-01-11 00:00:00+00:00,1601.0
Finland,2018-03-23 00:00:00+00:00,1599.0
Finland,2018-03-26 00:00:00+00:00,1603.0
Finland,2018-06-05 00:00:00+00:00,1596.0
Finland,2018-06-09 00:00:00+00:00,1604.0
Finland,2018-09-08 00:00:00+00:00,1617.0
Finland,2018-09-11 00:00:00+00:00,1625.0
Finland,2018-10-12 00:00:00+00:00,1641.0
Finland,2018-10-15 00:00:00+00:00,1663.0
Finland,2018-11-15 00:00:00+00:00,1647.0
Finland,2018-11-18 00:00:00+00:00,1620.0
Finland,2019-01-08 00:00:00+00:00,1636.0
Finland,2019-01-11 00:00:00+00:00,1621.0
Finland,2019-03-23 00:00:00+00:00,1615.0
Finland,2019-03-26 00:00:00+00:00,1639.0
Finland,2019-06-08 00:00:00+00:00,1673.0
Finland,2019-06-11 00:00:00+00:00,1677.0
Finland,2019-09-05 00:00:00+00:00,1686.0
Finland,2019-09-08 00:00:00+00:00,1674.0
Finland,2019-10-12 00:00:00+00:00,1651.0
Finland,2019-10-15 00:00:00+00:00,1664.0
Finland,2019-11-15 00:00:00+00:00,1666.0
Finland,2019-11-18 00:00:00+00:00,1647.0
Finland,2020-09-03 00:00:00+00:00,1629.0
Finland,2020-09-06 00:00:00+00:00,1659.0
Finland,2020-10-07 00:00:00+00:00,1652.0
Finland,2020-10-11 00:00:00+00:00,1665.0
Finland,2020-10-14 00:00:00+00:00,1681.0
Finland,2020-11-11 00:00:00+00:00,1709.0
Finland,2020-11-15 00:00:00+00:00,1723.0
Finland,2020-11-18 00:00:00+00:00,1708.0
Finland,2021-03-24 00:00:00+00:00,1699.0
Finland,2021-03-28 00:00:00+00:00,1711.0
Finland,2021-03-31 00:00:00+00:00,1708.0
Finland,2021-05-29 00:00:00+00:00,1702.0
Finland,2021-06-04 00:00:00+00:00,1684.0
Finland,2021-06-12 00:00:00+00:00,1729.0
Finland,2021-06-16 00:00:00+00:00,1711.0
Finland,2021-06-21 00:00:00+00:00,1705.0
Finland,2021-09-01 00:00:00+00:00,1705.0
Finland,2021-09-04 00:00:00+00:00,1708.0
Finland,2021-09-07 00:00:00+00:00,1704.0
Finland,2021-10-09 00:00:00+00:00,1683.0
Finland,2021-10-12 00:00:00+00:00,1696.0
Finland,2021-11-13 00:00:00+00:00,1732.0
Finland,2021-11-16 00:00:00+00:00,1722.0
Finland,2022-03-26 00:00:00+00:00,1717.0
Finland,2022-03-29 00:00:00+00:00,1700.0
Finland,2022-06-04 00:00:00+00:00,1689.0
Finland,2022-06-07 00:00:00+00:00,1701.0
Finland,2022-06-11 00:00:00+00:00,1681.0
Finland,2022-06-14 00:00:00+00:00,1663.0
Finland,2022-09-23 00:00:00+00:00,1653.0
Finland,2022-09-26 00:00:00+00:00,1685.0
Finland,2022-11-17 00:00:00+00:00,1684.0
Finland,2022-11-20 00:00:00+00:00,1689.0
Finland,2023-01-09 00:00:00+00:00,1677.0
Finland,2023-01-12 00:00:00+00:00,1661.0
Finland,2023-03-23 00:00:00+00:00,1653.0
Finland,2023-03-26 00:00:00+00:00,1672.0
Finland,2023-06-16 00:00:00+00:00,1694.0
Finland,2023-06-19 00:00:00+00:00,1694.0
Finland,2023-09-07 00:00:00+00:00,1706.0
Finland,2023-09-10 00:00:00+00:00,1689.0
Finland,2023-10-14 00:00:00+00:00,1662.0
Finland,2023-10-17 00:00:00+00:00,1628.0
Finland,2023-11-17 00:00:00+00:00,1641.0
Finland,2023-11-20 00:00:00+00:00,1641.0
Finland,2024-03-21 00:00:00+00:00,1621.0
Finland,2024-03-26 00:00:00+00:00,1623.0
Finland,2024-06-04 00:00:00+00:00,1621.0
Finland,2024-06-07 00:00:00+00:00,1627.0
Finland,2024-09-07 00:00:00+00:00,1611.0
Finland,2024-09-10 00:00:00+00:00,1607.0
Finland,2024-10-10 00:00:00+00:00,1580.0
Finland,2024-10-13 00:00:00+00:00,1570.0
Finland,2024-11-14 00:00:00+00:00,1557.0
Finland,2024-11-17 00:00:00+00:00,1538.0
Finland,2025-03-21 00:00:00+00:00,1549.0
Finland,2025-03-24 00:00:00+00:00,1540.0
Finland,2025-06-07 00:00:00+00:00,1532.0
Finland,2025-06-10 00:00:00+00:00,1556.0
Finland,2025-09-04 00:00:00+00:00,1554.0
Finland,2025-09-07 00:00:00+00:00,1542.0
Finland,2025-10-09 00:00:00+00:00,1547.0
Finland,2025-10-12 00:00:00+00:00,1543.0
Finland,2025-11-14 00:00:00+00:00,1507.0
Finland,2025-11-17 00:00:00+00:00,1509.0
Finland,2026-03-27 00:00:00+00:00,1542.0
Finland,2026-03-30 00:00:00+00:00,1542.0
Finland,2026-05-31 00:00:00+00:00,1540.0
Finland,2026-06-05 00:00:00+00:00,1536.0
France,2015-03-26 00:00:00+00:00,1949.0
France,2015-03-29 00:00:00+00:00,1954.0
France,2015-06-07 00:00:00+00:00,1940.0
France,2015-06-13 00:00:00+00:00,1924.0
France,2015-09-04 00:00:00+00:00,1936.0
France,2015-09-07 00:00:00+00:00,1939.0
France,2015-10-08 00:00:00+00:00,1941.0
France,2015-10-11 00:00:00+00:00,1948.0
France,2015-11-13 00:00:00+00:00,1965.0
France,2015-11-17 00:00:00+00:00,1953.0
France,2016-03-25 00:00:00+00:00,1964.0
France,2016-03-29 00:00:00+00:00,1969.0
France,2016-05-30 00:00:00+00:00,1970.0
France,2016-06-04 00:00:00+00:00,1974.0
France,2016-06-10 00:00:00+00:00,1981.0
France,2016-06-15 00:00:00+00:00,1985.0
France,2016-06-19 00:00:00+00:00,1967.0
France,2016-06-26 00:00:00+00:00,1975.0
France,2016-07-03 00:00:00+00:00,1987.0
France,2016-07-07 00:00:00+00:00,2020.0
France,2016-07-10 00:00:00+00:00,1982.0
France,2016-09-01 00:00:00+00:00,2000.0
France,2016-09-06 00:00:00+00:00,1986.0
France,2016-10-07 00:00:00+00:00,1990.0
France,2016-10-10 00:00:00+00:00,2011.0
France,2016-11-11 00:00:00+00:00,2016.0
France,2016-11-15 00:00:00+00:00,2008.0
France,2017-03-25 00:00:00+00:00,2009.0
France,2017-03-28 00:00:00+00:00,1989.0
France,2017-06-02 00:00:00+00:00,1993.0
France,2017-06-09 00:00:00+00:00,1967.0
France,2017-06-13 00:00:00+00:00,1973.0
France,2017-08-31 00:00:00+00:00,1989.0
France,2017-09-03 00:00:00+00:00,1969.0
France,2017-10-07 00:00:00+00:00,1977.0
France,2017-10-10 00:00:00+00:00,1978.0
France,2017-11-10 00:00:00+00:00,1982.0
France,2017-11-14 00:00:00+00:00,1988.0
France,2018-03-23 00:00:00+00:00,1974.0
France,2018-03-27 00:00:00+00:00,1982.0
France,2018-05-28 00:00:00+00:00,1985.0
France,2018-06-01 00:00:00+00:00,1993.0
France,2018-06-09 00:00:00+00:00,1986.0
France,2018-06-16 00:00:00+00:00,1998.0
France,2018-06-21 00:00:00+00:00,2018.0
France,2018-06-26 00:00:00+00:00,2006.0
France,2018-06-30 00:00:00+00:00,2028.0
France,2018-07-06 00:00:00+00:00,2067.0
France,2018-07-10 00:00:00+00:00,2096.0
France,2018-07-15 00:00:00+00:00,2126.0
France,2018-09-06 00:00:00+00:00,2122.0
France,2018-09-09 00:00:00+00:00,2128.0
France,2018-10-11 00:00:00+00:00,2119.0
France,2018-10-16 00:00:00+00:00,2126.0
France,2018-11-16 00:00:00+00:00,2089.0
France,2018-11-20 00:00:00+00:00,2093.0
France,2019-03-22 00:00:00+00:00,2094.0
France,2019-03-25 00:00:00+00:00,2098.0
France,2019-06-02 00:00:00+00:00,2099.0
France,2019-06-08 00:00:00+00:00,2050.0
France,2019-06-11 00:00:00+00:00,2050.0
France,2019-09-07 00:00:00+00:00,2052.0
France,2019-09-10 00:00:00+00:00,2052.0
France,2019-10-11 00:00:00+00:00,2058.0
France,2019-10-14 00:00:00+00:00,2042.0
France,2019-11-14 00:00:00+00:00,2042.0
France,2019-11-17 00:00:00+00:00,2047.0
France,2020-09-05 00:00:00+00:00,2062.0
France,2020-09-08 00:00:00+00:00,2073.0
France,2020-10-07 00:00:00+00:00,2079.0
France,2020-10-11 00:00:00+00:00,2071.0
France,2020-10-14 00:00:00+00:00,2088.0
France,2020-11-11 00:00:00+00:00,2060.0
France,2020-11-14 00:00:00+00:00,2085.0
France,2020-11-17 00:00:00+00:00,2092.0
France,2021-03-24 00:00:00+00:00,2077.0
France,2021-03-28 00:00:00+00:00,2078.0
France,2021-03-31 00:00:00+00:00,2083.0
France,2021-06-02 00:00:00+00:00,2087.0
France,2021-06-08 00:00:00+00:00,2088.0
France,2021-06-15 00:00:00+00:00,2109.0
France,2021-06-19 00:00:00+00:00,2092.0
France,2021-06-23 00:00:00+00:00,2087.0
France,2021-06-28 00:00:00+00:00,2074.0
France,2021-09-01 00:00:00+00:00,2056.0
France,2021-09-04 00:00:00+00:00,2047.0
France,2021-09-07 00:00:00+00:00,2051.0
France,2021-10-07 00:00:00+00:00,2082.0
France,2021-10-10 00:00:00+00:00,2104.0
France,2021-11-13 00:00:00+00:00,2105.0
France,2021-11-16 00:00:00+00:00,2115.0
France,2022-03-25 00:00:00+00:00,2116.0
France,2022-03-29 00:00:00+00:00,2117.0
France,2022-06-03 00:00:00+00:00,2084.0
France,2022-06-06 00:00:00+00:00,2074.0
France,2022-06-10 00:00:00+00:00,2063.0
France,2022-06-13 00:00:00+00:00,2028.0
France,2022-09-22 00:00:00+00:00,2034.0
France,2022-09-25 00:00:00+00:00,2005.0
France,2022-11-22 00:00:00+00:00,2022.0
France,2022-11-26 00:00:00+00:00,2046.0
France,2022-11-30 00:00:00+00:00,1993.0
France,2022-12-04 00:00:00+00:00,2018.0
France,2022-12-10 00:00:00+00:00,2046.0
France,2022-12-14 00:00:00+00:00,2076.0
France,2022-12-18 00:00:00+00:00,2082.0
France,2023-03-24 00:00:00+00:00,2108.0
France,2023-03-27 00:00:00+00:00,2113.0
France,2023-06-16 00:00:00+00:00,2113.0
France,2023-06-19 00:00:00+00:00,2115.0
France,2023-09-07 00:00:00+00:00,2117.0
France,2023-09-12 00:00:00+00:00,2103.0
France,2023-10-13 00:00:00+00:00,2121.0
France,2023-10-17 00:00:00+00:00,2124.0
France,2023-11-18 00:00:00+00:00,2124.0
France,2023-11-21 00:00:00+00:00,2110.0
France,2024-03-23 00:00:00+00:00,2084.0
France,2024-03-26 00:00:00+00:00,2085.0
France,2024-06-05 00:00:00+00:00,2086.0
France,2024-06-09 00:00:00+00:00,2077.0
France,2024-06-17 00:00:00+00:00,2088.0
France,2024-06-21 00:00:00+00:00,2081.0
France,2024-06-25 00:00:00+00:00,2061.0
France,2024-07-01 00:00:00+00:00,2078.0
France,2024-07-05 00:00:00+00:00,2069.0
France,2024-07-09 00:00:00+00:00,2047.0
France,2024-09-06 00:00:00+00:00,1998.0
France,2024-09-09 00:00:00+00:00,2015.0
France,2024-10-10 00:00:00+00:00,2020.0
France,2024-10-14 00:00:00+00:00,2041.0
France,2024-11-14 00:00:00+00:00,2022.0
France,2024-11-17 00:00:00+00:00,2056.0
France,2025-03-20 00:00:00+00:00,2011.0
France,2025-03-23 00:00:00+00:00,2031.0
France,2025-06-05 00:00:00+00:00,2014.0
France,2025-06-08 00:00:00+00:00,2056.0
France,2025-09-05 00:00:00+00:00,2067.0
France,2025-09-09 00:00:00+00:00,2068.0
France,2025-10-10 00:00:00+00:00,2069.0
France,2025-10-13 00:00:00+00:00,2052.0
France,2025-11-13 00:00:00+00:00,2061.0
France,2025-11-16 00:00:00+00:00,2063.0
France,2026-03-26 00:00:00+00:00,2071.0
France,2026-03-29 00:00:00+00:00,2082.0
France,2026-06-04 00:00:00+00:00,2063.0
France,2026-06-08 00:00:00+00:00,2064.0
France,2026-06-16 00:00:00+00:00,2085.0
France,2026-06-22 00:00:00+00:00,2091.0
France,2026-06-26 00:00:00+00:00,2123.0
France,2026-06-30 00:00:00+00:00,2134.0
France,2026-07-04 00:00:00+00:00,2143.0
France,2026-07-09 00:00:00+00:00,2163.0
France,2026-07-14 00:00:00+00:00,2121.0
France,2026-07-18 00:00:00+00:00,2070.0
Georgia,2015-03-25 00:00:00+00:00,1470.0
Georgia,2015-03-29 00:00:00+00:00,1468.0
Georgia,2015-06-09 00:00:00+00:00,1465.0
Georgia,2015-06-13 00:00:00+00:00,1457.0
Georgia,2015-09-04 00:00:00+00:00,1486.0
Georgia,2015-09-07 00:00:00+00:00,1481.0
Georgia,2015-10-08 00:00:00+00:00,1486.0
Georgia,2015-10-11 00:00:00+00:00,1485.0
Georgia,2015-11-11 00:00:00+00:00,1472.0
Georgia,2015-11-16 00:00:00+00:00,1478.0
Georgia,2016-03-29 00:00:00+00:00,1473.0
Georgia,2016-05-27 00:00:00+00:00,1468.0
Georgia,2016-06-03 00:00:00+00:00,1464.0
Georgia,2016-06-07 00:00:00+00:00,1484.0
Georgia,2016-09-05 00:00:00+00:00,1471.0
Georgia,2016-10-06 00:00:00+00:00,1467.0
Georgia,2016-10-09 00:00:00+00:00,1484.0
Georgia,2016-11-12 00:00:00+00:00,1471.0
Georgia,2017-01-23 00:00:00+00:00,1476.0
Georgia,2017-01-25 00:00:00+00:00,1467.0
Georgia,2017-03-24 00:00:00+00:00,1451.0
Georgia,2017-03-28 00:00:00+00:00,1463.0
Georgia,2017-06-07 00:00:00+00:00,1468.0
Georgia,2017-06-11 00:00:00+00:00,1467.0
Georgia,2017-09-02 00:00:00+00:00,1478.0
Georgia,2017-09-05 00:00:00+00:00,1492.0
Georgia,2017-10-06 00:00:00+00:00,1482.0
Georgia,2017-10-09 00:00:00+00:00,1478.0
Georgia,2017-11-10 00:00:00+00:00,1484.0
Georgia,2017-11-13 00:00:00+00:00,1481.0
Georgia,2018-03-24 00:00:00+00:00,1491.0
Georgia,2018-03-27 00:00:00+00:00,1503.0
Georgia,2018-06-01 00:00:00+00:00,1506.0
Georgia,2018-06-05 00:00:00+00:00,1494.0
Georgia,2018-09-06 00:00:00+00:00,1522.0
Georgia,2018-09-09 00:00:00+00:00,1528.0
Georgia,2018-10-13 00:00:00+00:00,1531.0
Georgia,2018-10-16 00:00:00+00:00,1555.0
Georgia,2018-11-15 00:00:00+00:00,1539.0
Georgia,2018-11-19 00:00:00+00:00,1545.0
Georgia,2019-03-23 00:00:00+00:00,1535.0
Georgia,2019-03-26 00:00:00+00:00,1528.0
Georgia,2019-06-07 00:00:00+00:00,1531.0
Georgia,2019-06-10 00:00:00+00:00,1526.0
Georgia,2019-09-05 00:00:00+00:00,1532.0
Georgia,2019-09-08 00:00:00+00:00,1545.0
Georgia,2019-10-12 00:00:00+00:00,1550.0
Georgia,2019-10-15 00:00:00+00:00,1554.0
Georgia,2019-11-15 00:00:00+00:00,1551.0
Georgia,2019-11-19 00:00:00+00:00,1550.0
Georgia,2020-09-05 00:00:00+00:00,1569.0
Georgia,2020-09-08 00:00:00+00:00,1563.0
Georgia,2020-10-08 00:00:00+00:00,1574.0
Georgia,2020-10-11 00:00:00+00:00,1568.0
Georgia,2020-10-14 00:00:00+00:00,1574.0
Georgia,2020-11-12 00:00:00+00:00,1548.0
Georgia,2020-11-15 00:00:00+00:00,1518.0
Georgia,2020-11-18 00:00:00+00:00,1506.0
Georgia,2021-03-25 00:00:00+00:00,1503.0
Georgia,2021-03-28 00:00:00+00:00,1500.0
Georgia,2021-03-31 00:00:00+00:00,1512.0
Georgia,2021-06-02 00:00:00+00:00,1528.0
Georgia,2021-06-06 00:00:00+00:00,1526.0
Georgia,2021-09-02 00:00:00+00:00,1498.0
Georgia,2021-09-05 00:00:00+00:00,1496.0
Georgia,2021-09-08 00:00:00+00:00,1485.0
Georgia,2021-10-09 00:00:00+00:00,1463.0
Georgia,2021-10-12 00:00:00+00:00,1491.0
Georgia,2021-11-11 00:00:00+00:00,1541.0
Georgia,2021-11-15 00:00:00+00:00,1548.0
Georgia,2022-03-25 00:00:00+00:00,1562.0
Georgia,2022-03-29 00:00:00+00:00,1565.0
Georgia,2022-06-02 00:00:00+00:00,1567.0
Georgia,2022-06-05 00:00:00+00:00,1607.0
Georgia,2022-06-09 00:00:00+00:00,1657.0
Georgia,2022-06-12 00:00:00+00:00,1643.0
Georgia,2022-09-23 00:00:00+00:00,1662.0
Georgia,2022-09-26 00:00:00+00:00,1664.0
Georgia,2022-11-17 00:00:00+00:00,1651.0
Georgia,2023-03-25 00:00:00+00:00,1651.0
Georgia,2023-03-28 00:00:00+00:00,1651.0
Georgia,2023-06-17 00:00:00+00:00,1661.0
Georgia,2023-06-20 00:00:00+00:00,1650.0
Georgia,2023-09-08 00:00:00+00:00,1633.0
Georgia,2023-09-12 00:00:00+00:00,1623.0
Georgia,2023-10-12 00:00:00+00:00,1629.0
Georgia,2023-10-15 00:00:00+00:00,1636.0
Georgia,2023-11-16 00:00:00+00:00,1640.0
Georgia,2023-11-19 00:00:00+00:00,1637.0
Georgia,2024-03-21 00:00:00+00:00,1650.0
Georgia,2024-03-26 00:00:00+00:00,1649.0
Georgia,2024-06-09 00:00:00+00:00,1665.0
Georgia,2024-06-18 00:00:00+00:00,1636.0
Georgia,2024-06-22 00:00:00+00:00,1645.0
Georgia,2024-06-26 00:00:00+00:00,1713.0
Georgia,2024-06-30 00:00:00+00:00,1704.0
Georgia,2024-09-07 00:00:00+00:00,1732.0
Georgia,2024-09-10 00:00:00+00:00,1754.0
Georgia,2024-10-11 00:00:00+00:00,1735.0
Georgia,2024-10-14 00:00:00+00:00,1704.0
Georgia,2024-11-16 00:00:00+00:00,1703.0
Georgia,2024-11-19 00:00:00+00:00,1691.0
Georgia,2025-03-20 00:00:00+00:00,1709.0
Georgia,2025-03-23 00:00:00+00:00,1716.0
Georgia,2025-06-05 00:00:00+00:00,1717.0
Georgia,2025-06-08 00:00:00+00:00,1710.0
Georgia,2025-09-04 00:00:00+00:00,1691.0
Georgia,2025-09-07 00:00:00+00:00,1700.0
Georgia,2025-10-11 00:00:00+00:00,1698.0
Georgia,2025-10-14 00:00:00+00:00,1685.0
Georgia,2025-11-15 00:00:00+00:00,1678.0
Georgia,2025-11-18 00:00:00+00:00,1650.0
Georgia,2026-03-26 00:00:00+00:00,1647.0
Georgia,2026-03-29 00:00:00+00:00,1653.0
Georgia,2026-06-02 00:00:00+00:00,1650.0
Georgia,2026-06-05 00:00:00+00:00,1654.0
Germany,2015-03-25 00:00:00+00:00,2124.0
Germany,2015-03-29 00:00:00+00:00,2126.0
Germany,2015-06-10 00:00:00+00:00,2108.0
Germany,2015-06-13 00:00:00+00:00,2108.0
Germany,2015-09-04 00:00:00+00:00,2112.0
Germany,2015-09-07 00:00:00+00:00,2118.0
Germany,2015-10-08 00:00:00+00:00,2084.0
Germany,2015-10-11 00:00:00+00:00,2085.0
Germany,2015-11-13 00:00:00+00:00,2068.0
Germany,2016-03-26 00:00:00+00:00,2053.0
Germany,2016-03-29 00:00:00+00:00,2059.0
Germany,2016-05-29 00:00:00+00:00,2032.0
Germany,2016-06-04 00:00:00+00:00,2034.0
Germany,2016-06-12 00:00:00+00:00,2052.0
Germany,2016-06-16 00:00:00+00:00,2036.0
Germany,2016-06-21 00:00:00+00:00,2041.0
Germany,2016-06-26 00:00:00+00:00,2056.0
Germany,2016-07-02 00:00:00+00:00,2048.0
Germany,2016-07-07 00:00:00+00:00,2015.0
Germany,2016-08-31 00:00:00+00:00,2016.0
Germany,2016-09-04 00:00:00+00:00,2027.0
Germany,2016-10-08 00:00:00+00:00,2033.0
Germany,2016-10-11 00:00:00+00:00,2037.0
Germany,2016-11-11 00:00:00+00:00,2037.0
Germany,2016-11-15 00:00:00+00:00,2037.0
Germany,2017-03-22 00:00:00+00:00,2042.0
Germany,2017-03-26 00:00:00+00:00,2046.0
Germany,2017-06-06 00:00:00+00:00,2040.0
Germany,2017-06-10 00:00:00+00:00,2040.0
Germany,2017-06-19 00:00:00+00:00,2047.0
Germany,2017-06-22 00:00:00+00:00,2042.0
Germany,2017-06-25 00:00:00+00:00,2050.0
Germany,2017-06-29 00:00:00+00:00,2081.0
Germany,2017-07-02 00:00:00+00:00,2098.0
Germany,2017-09-01 00:00:00+00:00,2104.0
Germany,2017-09-04 00:00:00+00:00,2106.0
Germany,2017-10-05 00:00:00+00:00,2115.0
Germany,2017-10-08 00:00:00+00:00,2116.0
Germany,2017-11-10 00:00:00+00:00,2114.0
Germany,2017-11-14 00:00:00+00:00,2108.0
Germany,2018-03-23 00:00:00+00:00,2103.0
Germany,2018-03-27 00:00:00+00:00,2091.0
Germany,2018-06-02 00:00:00+00:00,2075.0
Germany,2018-06-08 00:00:00+00:00,2076.0
Germany,2018-06-17 00:00:00+00:00,2029.0
Germany,2018-06-23 00:00:00+00:00,2043.0
Germany,2018-06-27 00:00:00+00:00,1963.0
Germany,2018-09-06 00:00:00+00:00,1967.0
Germany,2018-09-09 00:00:00+00:00,1972.0
Germany,2018-10-13 00:00:00+00:00,1941.0
Germany,2018-10-16 00:00:00+00:00,1934.0
Germany,2018-11-15 00:00:00+00:00,1940.0
Germany,2018-11-19 00:00:00+00:00,1937.0
Germany,2019-03-20 00:00:00+00:00,1931.0
Germany,2019-03-24 00:00:00+00:00,1959.0
Germany,2019-06-08 00:00:00+00:00,1967.0
Germany,2019-06-11 00:00:00+00:00,1970.0
Germany,2019-09-06 00:00:00+00:00,1932.0
Germany,2019-09-09 00:00:00+00:00,1950.0
Germany,2019-10-09 00:00:00+00:00,1947.0
Germany,2019-10-13 00:00:00+00:00,1953.0
Germany,2019-11-16 00:00:00+00:00,1956.0
Germany,2019-11-19 00:00:00+00:00,1964.0
Germany,2020-09-03 00:00:00+00:00,1962.0
Germany,2020-09-06 00:00:00+00:00,1963.0
Germany,2020-10-07 00:00:00+00:00,1956.0
Germany,2020-10-10 00:00:00+00:00,1976.0
Germany,2020-10-13 00:00:00+00:00,1965.0
Germany,2020-11-11 00:00:00+00:00,1968.0
Germany,2020-11-14 00:00:00+00:00,1981.0
Germany,2020-11-17 00:00:00+00:00,1955.0
Germany,2021-03-25 00:00:00+00:00,1961.0
Germany,2021-03-28 00:00:00+00:00,1971.0
Germany,2021-03-31 00:00:00+00:00,1933.0
Germany,2021-06-02 00:00:00+00:00,1934.0
Germany,2021-06-07 00:00:00+00:00,1935.0
Germany,2021-06-15 00:00:00+00:00,1914.0
Germany,2021-06-19 00:00:00+00:00,1956.0
Germany,2021-06-23 00:00:00+00:00,1938.0
Germany,2021-06-29 00:00:00+00:00,1915.0
Germany,2021-09-02 00:00:00+00:00,1916.0
Germany,2021-09-05 00:00:00+00:00,1923.0
Germany,2021-09-08 00:00:00+00:00,1937.0
Germany,2021-10-08 00:00:00+00:00,1941.0
Germany,2021-10-11 00:00:00+00:00,1954.0
Germany,2021-11-11 00:00:00+00:00,1954.0
Germany,2021-11-14 00:00:00+00:00,1962.0
Germany,2022-03-26 00:00:00+00:00,1964.0
Germany,2022-03-29 00:00:00+00:00,1966.0
Germany,2022-06-04 00:00:00+00:00,1972.0
Germany,2022-06-07 00:00:00+00:00,1968.0
Germany,2022-06-11 00:00:00+00:00,1962.0
Germany,2022-06-14 00:00:00+00:00,1988.0
Germany,2022-09-23 00:00:00+00:00,1955.0
Germany,2022-09-26 00:00:00+00:00,1959.0
Germany,2022-11-16 00:00:00+00:00,1962.0
Germany,2022-11-23 00:00:00+00:00,1918.0
Germany,2022-11-27 00:00:00+00:00,1930.0
Germany,2022-12-01 00:00:00+00:00,1955.0
Germany,2023-03-25 00:00:00+00:00,1962.0
Germany,2023-03-28 00:00:00+00:00,1950.0
Germany,2023-06-12 00:00:00+00:00,1944.0
Germany,2023-06-16 00:00:00+00:00,1932.0
Germany,2023-06-20 00:00:00+00:00,1913.0
Germany,2023-09-09 00:00:00+00:00,1888.0
Germany,2023-09-12 00:00:00+00:00,1902.0
Germany,2023-10-14 00:00:00+00:00,1918.0
Germany,2023-10-17 00:00:00+00:00,1916.0
Germany,2023-11-18 00:00:00+00:00,1899.0
Germany,2023-11-21 00:00:00+00:00,1885.0
Germany,2024-03-23 00:00:00+00:00,1911.0
Germany,2024-03-26 00:00:00+00:00,1920.0
Germany,2024-06-03 00:00:00+00:00,1916.0
Germany,2024-06-07 00:00:00+00:00,1919.0
Germany,2024-06-14 00:00:00+00:00,1937.0
Germany,2024-06-19 00:00:00+00:00,1952.0
Germany,2024-06-23 00:00:00+00:00,1938.0
Germany,2024-06-29 00:00:00+00:00,1956.0
Germany,2024-07-05 00:00:00+00:00,1933.0
Germany,2024-09-07 00:00:00+00:00,1950.0
Germany,2024-09-10 00:00:00+00:00,1956.0
Germany,2024-10-11 00:00:00+00:00,1960.0
Germany,2024-10-14 00:00:00+00:00,1974.0
Germany,2024-11-16 00:00:00+00:00,1977.0
Germany,2024-11-19 00:00:00+00:00,1971.0
Germany,2025-03-20 00:00:00+00:00,2000.0
Germany,2025-03-23 00:00:00+00:00,1987.0
Germany,2025-06-04 00:00:00+00:00,1955.0
Germany,2025-06-08 00:00:00+00:00,1913.0
Germany,2025-09-04 00:00:00+00:00,1871.0
Germany,2025-09-07 00:00:00+00:00,1877.0
Germany,2025-10-10 00:00:00+00:00,1880.0
Germany,2025-10-13 00:00:00+00:00,1891.0
Germany,2025-11-14 00:00:00+00:00,1897.0
Germany,2025-11-17 00:00:00+00:00,1910.0
Germany,2026-03-27 00:00:00+00:00,1922.0
Germany,2026-03-30 00:00:00+00:00,1923.0
Germany,2026-05-31 00:00:00+00:00,1925.0
Germany,2026-06-06 00:00:00+00:00,1932.0
Germany,2026-06-14 00:00:00+00:00,1939.0
Germany,2026-06-20 00:00:00+00:00,1954.0
Germany,2026-06-25 00:00:00+00:00,1916.0
Germany,2026-06-29 00:00:00+00:00,1907.0
Gibraltar,2015-03-29 00:00:00+00:00,1130.0
Gibraltar,2015-06-07 00:00:00+00:00,1130.0
Gibraltar,2015-06-13 00:00:00+00:00,1130.0
Gibraltar,2015-09-04 00:00:00+00:00,1128.0
Gibraltar,2015-09-07 00:00:00+00:00,1126.0
Gibraltar,2015-10-08 00:00:00+00:00,1121.0
Gibraltar,2015-10-11 00:00:00+00:00,1118.0
Gibraltar,2016-03-23 00:00:00+00:00,1118.0
Gibraltar,2016-03-29 00:00:00+00:00,1110.0
Gibraltar,2016-09-01 00:00:00+00:00,1110.0
Gibraltar,2016-09-06 00:00:00+00:00,1107.0
Gibraltar,2016-10-07 00:00:00+00:00,1102.0
Gibraltar,2016-10-10 00:00:00+00:00,1101.0
Gibraltar,2016-11-13 00:00:00+00:00,1096.0
Gibraltar,2017-03-25 00:00:00+00:00,1095.0
Gibraltar,2017-06-09 00:00:00+00:00,1089.0
Gibraltar,2017-08-31 00:00:00+00:00,1088.0
Gibraltar,2017-09-03 00:00:00+00:00,1086.0
Gibraltar,2017-10-07 00:00:00+00:00,1079.0
Gibraltar,2017-10-10 00:00:00+00:00,1078.0
Gibraltar,2018-03-25 00:00:00+00:00,1093.0
Gibraltar,2018-09-06 00:00:00+00:00,1085.0
Gibraltar,2018-09-09 00:00:00+00:00,1067.0
Gibraltar,2018-10-13 00:00:00+00:00,1105.0
Gibraltar,2018-10-16 00:00:00+00:00,1122.0
Gibraltar,2018-11-16 00:00:00+00:00,1106.0
Gibraltar,2018-11-19 00:00:00+00:00,1102.0
Gibraltar,2019-03-23 00:00:00+00:00,1100.0
Gibraltar,2019-03-26 00:00:00+00:00,1097.0
Gibraltar,2019-06-07 00:00:00+00:00,1094.0
Gibraltar,2019-06-10 00:00:00+00:00,1093.0
Gibraltar,2019-09-05 00:00:00+00:00,1091.0
Gibraltar,2019-09-08 00:00:00+00:00,1091.0
Gibraltar,2019-10-10 00:00:00+00:00,1090.0
Gibraltar,2019-10-15 00:00:00+00:00,1086.0
Gibraltar,2019-11-15 00:00:00+00:00,1086.0
Gibraltar,2019-11-18 00:00:00+00:00,1085.0
Gibraltar,2020-09-05 00:00:00+00:00,1089.0
Gibraltar,2020-10-07 00:00:00+00:00,1081.0
Gibraltar,2020-10-10 00:00:00+00:00,1111.0
Gibraltar,2020-11-11 00:00:00+00:00,1109.0
Gibraltar,2020-11-14 00:00:00+00:00,1099.0
Gibraltar,2020-11-17 00:00:00+00:00,1094.0
Gibraltar,2021-03-24 00:00:00+00:00,1091.0
Gibraltar,2021-03-27 00:00:00+00:00,1088.0
Gibraltar,2021-03-30 00:00:00+00:00,1087.0
Gibraltar,2021-06-04 00:00:00+00:00,1086.0
Gibraltar,2021-06-07 00:00:00+00:00,1087.0
Gibraltar,2021-09-01 00:00:00+00:00,1078.0
Gibraltar,2021-09-04 00:00:00+00:00,1075.0
Gibraltar,2021-09-07 00:00:00+00:00,1074.0
Gibraltar,2021-10-08 00:00:00+00:00,1065.0
Gibraltar,2021-10-11 00:00:00+00:00,1065.0
Gibraltar,2021-11-13 00:00:00+00:00,1064.0
Gibraltar,2021-11-16 00:00:00+00:00,1046.0
Gibraltar,2022-03-23 00:00:00+00:00,1046.0
Gibraltar,2022-03-26 00:00:00+00:00,1049.0
Gibraltar,2022-06-02 00:00:00+00:00,1047.0
Gibraltar,2022-06-05 00:00:00+00:00,1044.0
Gibraltar,2022-06-09 00:00:00+00:00,1059.0
Gibraltar,2022-06-12 00:00:00+00:00,1057.0
Gibraltar,2022-09-23 00:00:00+00:00,1053.0
Gibraltar,2022-09-26 00:00:00+00:00,1051.0
Gibraltar,2022-11-16 00:00:00+00:00,1059.0
Gibraltar,2022-11-19 00:00:00+00:00,1068.0
Gibraltar,2023-03-24 00:00:00+00:00,1066.0
Gibraltar,2023-03-27 00:00:00+00:00,1066.0
Gibraltar,2023-06-16 00:00:00+00:00,1066.0
Gibraltar,2023-06-19 00:00:00+00:00,1065.0
Gibraltar,2023-09-06 00:00:00+00:00,1062.0
Gibraltar,2023-09-10 00:00:00+00:00,1061.0
Gibraltar,2023-10-11 00:00:00+00:00,1060.0
Gibraltar,2023-10-16 00:00:00+00:00,1057.0
Gibraltar,2023-11-18 00:00:00+00:00,1057.0
Gibraltar,2023-11-21 00:00:00+00:00,1057.0
Gibraltar,2024-03-21 00:00:00+00:00,1050.0
Gibraltar,2024-03-26 00:00:00+00:00,1046.0
Gibraltar,2024-06-03 00:00:00+00:00,1046.0
Gibraltar,2024-06-06 00:00:00+00:00,1056.0
Gibraltar,2024-09-04 00:00:00+00:00,1065.0
Gibraltar,2024-09-08 00:00:00+00:00,1054.0
Gibraltar,2024-10-10 00:00:00+00:00,1059.0
Gibraltar,2024-10-13 00:00:00+00:00,1059.0
Gibraltar,2024-11-15 00:00:00+00:00,1050.0
Gibraltar,2024-11-19 00:00:00+00:00,1055.0
Gibraltar,2025-03-22 00:00:00+00:00,1053.0
Gibraltar,2025-03-25 00:00:00+00:00,1052.0
Gibraltar,2025-06-06 00:00:00+00:00,1051.0
Gibraltar,2025-06-09 00:00:00+00:00,1046.0
Gibraltar,2025-09-04 00:00:00+00:00,1045.0
Gibraltar,2025-09-08 00:00:00+00:00,1032.0
Gibraltar,2025-10-08 00:00:00+00:00,1023.0
Gibraltar,2025-10-12 00:00:00+00:00,1023.0
Gibraltar,2025-11-14 00:00:00+00:00,1018.0
Gibraltar,2025-11-17 00:00:00+00:00,1017.0
Gibraltar,2026-03-26 00:00:00+00:00,1006.0
Gibraltar,2026-03-31 00:00:00+00:00,1002.0
Gibraltar,2026-06-03 00:00:00+00:00,1006.0
Gibraltar,2026-06-06 00:00:00+00:00,1011.0
Greece,2015-03-29 00:00:00+00:00,1676.0
Greece,2015-06-13 00:00:00+00:00,1641.0
Greece,2015-06-16 00:00:00+00:00,1646.0
Greece,2015-09-04 00:00:00+00:00,1616.0
Greece,2015-09-07 00:00:00+00:00,1629.0
Greece,2015-10-08 00:00:00+00:00,1601.0
Greece,2015-10-11 00:00:00+00:00,1620.0
Greece,2015-11-13 00:00:00+00:00,1603.0
Greece,2015-11-17 00:00:00+00:00,1610.0
Greece,2016-03-24 00:00:00+00:00,1616.0
Greece,2016-03-29 00:00:00+00:00,1604.0
Greece,2016-06-04 00:00:00+00:00,1599.0
Greece,2016-06-07 00:00:00+00:00,1615.0
Greece,2016-09-01 00:00:00+00:00,1633.0
Greece,2016-09-06 00:00:00+00:00,1636.0
Greece,2016-10-07 00:00:00+00:00,1644.0
Greece,2016-10-10 00:00:00+00:00,1667.0
Greece,2016-11-09 00:00:00+00:00,1652.0
Greece,2016-11-13 00:00:00+00:00,1652.0
Greece,2017-03-25 00:00:00+00:00,1667.0
Greece,2017-06-09 00:00:00+00:00,1677.0
Greece,2017-08-31 00:00:00+00:00,1663.0
Greece,2017-09-03 00:00:00+00:00,1650.0
Greece,2017-10-07 00:00:00+00:00,1664.0
Greece,2017-10-10 00:00:00+00:00,1665.0
Greece,2017-11-09 00:00:00+00:00,1654.0
Greece,2017-11-12 00:00:00+00:00,1660.0
Greece,2018-03-23 00:00:00+00:00,1653.0
Greece,2018-03-27 00:00:00+00:00,1663.0
Greece,2018-05-15 00:00:00+00:00,1644.0
Greece,2018-09-08 00:00:00+00:00,1661.0
Greece,2018-09-11 00:00:00+00:00,1641.0
Greece,2018-10-12 00:00:00+00:00,1652.0
Greece,2018-10-15 00:00:00+00:00,1630.0
Greece,2018-11-15 00:00:00+00:00,1646.0
Greece,2018-11-18 00:00:00+00:00,1612.0
Greece,2019-03-23 00:00:00+00:00,1618.0
Greece,2019-03-26 00:00:00+00:00,1631.0
Greece,2019-05-30 00:00:00+00:00,1626.0
Greece,2019-06-08 00:00:00+00:00,1607.0
Greece,2019-06-11 00:00:00+00:00,1574.0
Greece,2019-09-05 00:00:00+00:00,1565.0
Greece,2019-09-08 00:00:00+00:00,1547.0
Greece,2019-10-12 00:00:00+00:00,1544.0
Greece,2019-10-15 00:00:00+00:00,1568.0
Greece,2019-11-15 00:00:00+00:00,1588.0
Greece,2019-11-18 00:00:00+00:00,1607.0
Greece,2020-09-03 00:00:00+00:00,1611.0
Greece,2020-09-06 00:00:00+00:00,1633.0
Greece,2020-10-07 00:00:00+00:00,1628.0
Greece,2020-10-11 00:00:00+00:00,1632.0
Greece,2020-10-14 00:00:00+00:00,1620.0
Greece,2020-11-11 00:00:00+00:00,1622.0
Greece,2020-11-15 00:00:00+00:00,1632.0
Greece,2020-11-18 00:00:00+00:00,1626.0
Greece,2021-03-25 00:00:00+00:00,1644.0
Greece,2021-03-28 00:00:00+00:00,1650.0
Greece,2021-03-31 00:00:00+00:00,1638.0
Greece,2021-06-03 00:00:00+00:00,1647.0
Greece,2021-06-06 00:00:00+00:00,1660.0
Greece,2021-09-01 00:00:00+00:00,1658.0
Greece,2021-09-05 00:00:00+00:00,1655.0
Greece,2021-09-08 00:00:00+00:00,1682.0
Greece,2021-10-09 00:00:00+00:00,1704.0
Greece,2021-10-12 00:00:00+00:00,1693.0
Greece,2021-11-11 00:00:00+00:00,1685.0
Greece,2021-11-14 00:00:00+00:00,1670.0
Greece,2022-03-25 00:00:00+00:00,1683.0
Greece,2022-03-28 00:00:00+00:00,1671.0
Greece,2022-06-02 00:00:00+00:00,1693.0
Greece,2022-06-05 00:00:00+00:00,1709.0
Greece,2022-06-09 00:00:00+00:00,1713.0
Greece,2022-06-12 00:00:00+00:00,1723.0
Greece,2022-09-24 00:00:00+00:00,1689.0
Greece,2022-09-27 00:00:00+00:00,1701.0
Greece,2022-11-17 00:00:00+00:00,1693.0
Greece,2022-11-20 00:00:00+00:00,1689.0
Greece,2023-03-24 00:00:00+00:00,1691.0
Greece,2023-03-27 00:00:00+00:00,1682.0
Greece,2023-06-16 00:00:00+00:00,1696.0
Greece,2023-06-19 00:00:00+00:00,1694.0
Greece,2023-09-07 00:00:00+00:00,1686.0
Greece,2023-09-10 00:00:00+00:00,1687.0
Greece,2023-10-13 00:00:00+00:00,1722.0
Greece,2023-10-16 00:00:00+00:00,1709.0
Greece,2023-11-17 00:00:00+00:00,1714.0
Greece,2023-11-21 00:00:00+00:00,1728.0
Greece,2024-03-21 00:00:00+00:00,1738.0
Greece,2024-03-26 00:00:00+00:00,1739.0
Greece,2024-06-07 00:00:00+00:00,1736.0
Greece,2024-06-11 00:00:00+00:00,1738.0
Greece,2024-09-07 00:00:00+00:00,1754.0
Greece,2024-09-10 00:00:00+00:00,1780.0
Greece,2024-10-10 00:00:00+00:00,1814.0
Greece,2024-10-13 00:00:00+00:00,1823.0
Greece,2024-11-14 00:00:00+00:00,1793.0
Greece,2024-11-17 00:00:00+00:00,1812.0
Greece,2025-03-20 00:00:00+00:00,1784.0
Greece,2025-03-23 00:00:00+00:00,1829.0
Greece,2025-06-07 00:00:00+00:00,1836.0
Greece,2025-06-10 00:00:00+00:00,1838.0
Greece,2025-09-05 00:00:00+00:00,1843.0
Greece,2025-09-08 00:00:00+00:00,1799.0
Greece,2025-10-09 00:00:00+00:00,1773.0
Greece,2025-10-12 00:00:00+00:00,1760.0
Greece,2025-11-15 00:00:00+00:00,1775.0
Greece,2025-11-18 00:00:00+00:00,1761.0
Greece,2026-03-27 00:00:00+00:00,1750.0
Greece,2026-03-31 00:00:00+00:00,1752.0
Greece,2026-06-04 00:00:00+00:00,1754.0
Greece,2026-06-07 00:00:00+00:00,1744.0
Hungary,2015-03-29 00:00:00+00:00,1652.0
Hungary,2015-06-05 00:00:00+00:00,1658.0
Hungary,2015-06-13 00:00:00+00:00,1680.0
Hungary,2015-09-04 00:00:00+00:00,1680.0
Hungary,2015-09-07 00:00:00+00:00,1679.0
Hungary,2015-10-08 00:00:00+00:00,1681.0
Hungary,2015-10-11 00:00:00+00:00,1662.0
Hungary,2015-11-12 00:00:00+00:00,1688.0
Hungary,2015-11-15 00:00:00+00:00,1700.0
Hungary,2016-03-26 00:00:00+00:00,1700.0
Hungary,2016-05-20 00:00:00+00:00,1698.0
Hungary,2016-06-04 00:00:00+00:00,1696.0
Hungary,2016-06-14 00:00:00+00:00,1742.0
Hungary,2016-06-18 00:00:00+00:00,1738.0
Hungary,2016-06-22 00:00:00+00:00,1748.0
Hungary,2016-06-26 00:00:00+00:00,1723.0
Hungary,2016-09-06 00:00:00+00:00,1707.0
Hungary,2016-10-07 00:00:00+00:00,1689.0
Hungary,2016-10-10 00:00:00+00:00,1706.0
Hungary,2016-11-13 00:00:00+00:00,1707.0
Hungary,2016-11-15 00:00:00+00:00,1690.0
Hungary,2017-03-25 00:00:00+00:00,1681.0
Hungary,2017-06-05 00:00:00+00:00,1658.0
Hungary,2017-06-09 00:00:00+00:00,1619.0
Hungary,2017-08-31 00:00:00+00:00,1627.0
Hungary,2017-09-03 00:00:00+00:00,1619.0
Hungary,2017-10-07 00:00:00+00:00,1611.0
Hungary,2017-10-10 00:00:00+00:00,1614.0
Hungary,2017-11-09 00:00:00+00:00,1599.0
Hungary,2017-11-14 00:00:00+00:00,1611.0
Hungary,2018-03-23 00:00:00+00:00,1593.0
Hungary,2018-03-27 00:00:00+00:00,1583.0
Hungary,2018-06-06 00:00:00+00:00,1584.0
Hungary,2018-06-09 00:00:00+00:00,1575.0
Hungary,2018-09-08 00:00:00+00:00,1562.0
Hungary,2018-09-11 00:00:00+00:00,1582.0
Hungary,2018-10-12 00:00:00+00:00,1571.0
Hungary,2018-10-15 00:00:00+00:00,1570.0
Hungary,2018-11-15 00:00:00+00:00,1583.0
Hungary,2018-11-18 00:00:00+00:00,1610.0
Hungary,2019-03-21 00:00:00+00:00,1598.0
Hungary,2019-03-24 00:00:00+00:00,1629.0
Hungary,2019-06-08 00:00:00+00:00,1648.0
Hungary,2019-06-11 00:00:00+00:00,1669.0
Hungary,2019-09-05 00:00:00+00:00,1659.0
Hungary,2019-09-09 00:00:00+00:00,1637.0
Hungary,2019-10-10 00:00:00+00:00,1629.0
Hungary,2019-10-13 00:00:00+00:00,1634.0
Hungary,2019-11-15 00:00:00+00:00,1630.0
Hungary,2019-11-19 00:00:00+00:00,1618.0
Hungary,2020-09-03 00:00:00+00:00,1651.0
Hungary,2020-09-06 00:00:00+00:00,1635.0
Hungary,2020-10-08 00:00:00+00:00,1667.0
Hungary,2020-10-11 00:00:00+00:00,1698.0
Hungary,2020-10-14 00:00:00+00:00,1709.0
Hungary,2020-11-12 00:00:00+00:00,1721.0
Hungary,2020-11-15 00:00:00+00:00,1717.0
Hungary,2020-11-18 00:00:00+00:00,1744.0
Hungary,2021-03-25 00:00:00+00:00,1742.0
Hungary,2021-03-28 00:00:00+00:00,1743.0
Hungary,2021-03-31 00:00:00+00:00,1745.0
Hungary,2021-06-04 00:00:00+00:00,1746.0
Hungary,2021-06-08 00:00:00+00:00,1740.0
Hungary,2021-06-15 00:00:00+00:00,1719.0
Hungary,2021-06-19 00:00:00+00:00,1736.0
Hungary,2021-06-23 00:00:00+00:00,1754.0
Hungary,2021-09-02 00:00:00+00:00,1735.0
Hungary,2021-09-05 00:00:00+00:00,1710.0
Hungary,2021-09-08 00:00:00+00:00,1710.0
Hungary,2021-10-09 00:00:00+00:00,1678.0
Hungary,2021-10-12 00:00:00+00:00,1695.0
Hungary,2021-11-12 00:00:00+00:00,1695.0
Hungary,2021-11-15 00:00:00+00:00,1726.0
Hungary,2022-03-24 00:00:00+00:00,1717.0
Hungary,2022-03-29 00:00:00+00:00,1727.0
Hungary,2022-06-04 00:00:00+00:00,1758.0
Hungary,2022-06-07 00:00:00+00:00,1752.0
Hungary,2022-06-11 00:00:00+00:00,1758.0
Hungary,2022-06-14 00:00:00+00:00,1824.0
Hungary,2022-09-23 00:00:00+00:00,1857.0
Hungary,2022-09-26 00:00:00+00:00,1828.0
Hungary,2022-11-17 00:00:00+00:00,1821.0
Hungary,2022-11-20 00:00:00+00:00,1825.0
Hungary,2023-03-23 00:00:00+00:00,1826.0
Hungary,2023-03-27 00:00:00+00:00,1831.0
Hungary,2023-06-17 00:00:00+00:00,1821.0
Hungary,2023-06-20 00:00:00+00:00,1822.0
Hungary,2023-09-07 00:00:00+00:00,1849.0
Hungary,2023-09-10 00:00:00+00:00,1845.0
Hungary,2023-10-14 00:00:00+00:00,1859.0
Hungary,2023-10-17 00:00:00+00:00,1842.0
Hungary,2023-11-16 00:00:00+00:00,1828.0
Hungary,2023-11-19 00:00:00+00:00,1834.0
Hungary,2024-03-22 00:00:00+00:00,1839.0
Hungary,2024-03-26 00:00:00+00:00,1841.0
Hungary,2024-06-04 00:00:00+00:00,1827.0
Hungary,2024-06-08 00:00:00+00:00,1831.0
Hungary,2024-06-15 00:00:00+00:00,1791.0
Hungary,2024-06-19 00:00:00+00:00,1776.0
Hungary,2024-06-23 00:00:00+00:00,1800.0
Hungary,2024-09-07 00:00:00+00:00,1783.0
Hungary,2024-09-10 00:00:00+00:00,1766.0
Hungary,2024-10-11 00:00:00+00:00,1771.0
Hungary,2024-10-14 00:00:00+00:00,1786.0
Hungary,2024-11-16 00:00:00+00:00,1772.0
Hungary,2024-11-19 00:00:00+00:00,1778.0
Hungary,2025-03-20 00:00:00+00:00,1756.0
Hungary,2025-03-23 00:00:00+00:00,1715.0
Hungary,2025-06-06 00:00:00+00:00,1697.0
Hungary,2025-06-10 00:00:00+00:00,1701.0
Hungary,2025-09-06 00:00:00+00:00,1703.0
Hungary,2025-09-09 00:00:00+00:00,1695.0
Hungary,2025-10-11 00:00:00+00:00,1701.0
Hungary,2025-10-14 00:00:00+00:00,1718.0
Hungary,2025-11-13 00:00:00+00:00,1727.0
Hungary,2025-11-16 00:00:00+00:00,1698.0
Hungary,2026-03-28 00:00:00+00:00,1705.0
Hungary,2026-03-31 00:00:00+00:00,1703.0
Hungary,2026-06-05 00:00:00+00:00,1707.0
Hungary,2026-06-09 00:00:00+00:00,1710.0
Iceland,2015-01-16 00:00:00+00:00,1667.0
Iceland,2015-01-19 00:00:00+00:00,1663.0
Iceland,2015-03-28 00:00:00+00:00,1679.0
Iceland,2015-03-31 00:00:00+00:00,1676.0
Iceland,2015-06-12 00:00:00+00:00,1696.0
Iceland,2015-09-03 00:00:00+00:00,1733.0
Iceland,2015-09-06 00:00:00+00:00,1715.0
Iceland,2015-10-10 00:00:00+00:00,1700.0
Iceland,2015-10-13 00:00:00+00:00,1690.0
Iceland,2015-11-13 00:00:00+00:00,1682.0
Iceland,2015-11-17 00:00:00+00:00,1673.0
Iceland,2016-01-13 00:00:00+00:00,1681.0
Iceland,2016-01-16 00:00:00+00:00,1672.0
Iceland,2016-01-31 00:00:00+00:00,1667.0
Iceland,2016-03-24 00:00:00+00:00,1661.0
Iceland,2016-03-29 00:00:00+00:00,1673.0
Iceland,2016-06-01 00:00:00+00:00,1665.0
Iceland,2016-06-06 00:00:00+00:00,1666.0
Iceland,2016-06-14 00:00:00+00:00,1681.0
Iceland,2016-06-18 00:00:00+00:00,1685.0
Iceland,2016-06-22 00:00:00+00:00,1714.0
Iceland,2016-06-27 00:00:00+00:00,1754.0
Iceland,2016-07-03 00:00:00+00:00,1742.0
Iceland,2016-09-05 00:00:00+00:00,1747.0
Iceland,2016-10-06 00:00:00+00:00,1753.0
Iceland,2016-10-09 00:00:00+00:00,1779.0
Iceland,2016-11-12 00:00:00+00:00,1763.0
Iceland,2016-11-15 00:00:00+00:00,1765.0
Iceland,2017-01-10 00:00:00+00:00,1779.0
Iceland,2017-01-15 00:00:00+00:00,1772.0
Iceland,2017-02-08 00:00:00+00:00,1766.0
Iceland,2017-03-24 00:00:00+00:00,1770.0
Iceland,2017-03-28 00:00:00+00:00,1783.0
Iceland,2017-06-11 00:00:00+00:00,1802.0
Iceland,2017-09-02 00:00:00+00:00,1773.0
Iceland,2017-09-05 00:00:00+00:00,1795.0
Iceland,2017-10-06 00:00:00+00:00,1839.0
Iceland,2017-10-09 00:00:00+00:00,1841.0
Iceland,2017-11-08 00:00:00+00:00,1820.0
Iceland,2017-11-14 00:00:00+00:00,1811.0
Iceland,2018-01-14 00:00:00+00:00,1813.0
Iceland,2018-03-23 00:00:00+00:00,1798.0
Iceland,2018-03-27 00:00:00+00:00,1787.0
Iceland,2018-06-02 00:00:00+00:00,1770.0
Iceland,2018-06-07 00:00:00+00:00,1764.0
Iceland,2018-06-16 00:00:00+00:00,1781.0
Iceland,2018-06-22 00:00:00+00:00,1721.0
Iceland,2018-06-26 00:00:00+00:00,1708.0
Iceland,2018-09-08 00:00:00+00:00,1693.0
Iceland,2018-09-11 00:00:00+00:00,1681.0
Iceland,2018-10-11 00:00:00+00:00,1690.0
Iceland,2018-10-15 00:00:00+00:00,1675.0
Iceland,2018-11-15 00:00:00+00:00,1672.0
Iceland,2018-11-19 00:00:00+00:00,1668.0
Iceland,2019-01-11 00:00:00+00:00,1672.0
Iceland,2019-01-15 00:00:00+00:00,1667.0
Iceland,2019-03-22 00:00:00+00:00,1671.0
Iceland,2019-03-25 00:00:00+00:00,1667.0
Iceland,2019-06-08 00:00:00+00:00,1674.0
Iceland,2019-06-11 00:00:00+00:00,1694.0
Iceland,2019-09-07 00:00:00+00:00,1698.0
Iceland,2019-09-10 00:00:00+00:00,1660.0
Iceland,2019-10-11 00:00:00+00:00,1654.0
Iceland,2019-10-14 00:00:00+00:00,1655.0
Iceland,2019-11-14 00:00:00+00:00,1667.0
Iceland,2019-11-17 00:00:00+00:00,1672.0
Iceland,2020-01-15 00:00:00+00:00,1680.0
Iceland,2020-01-19 00:00:00+00:00,1685.0
Iceland,2020-09-05 00:00:00+00:00,1674.0
Iceland,2020-09-08 00:00:00+00:00,1671.0
Iceland,2020-10-08 00:00:00+00:00,1688.0
Iceland,2020-10-11 00:00:00+00:00,1661.0
Iceland,2020-10-14 00:00:00+00:00,1655.0
Iceland,2020-11-12 00:00:00+00:00,1643.0
Iceland,2020-11-15 00:00:00+00:00,1639.0
Iceland,2020-11-18 00:00:00+00:00,1633.0
Iceland,2021-03-25 00:00:00+00:00,1627.0
Iceland,2021-03-28 00:00:00+00:00,1597.0
Iceland,2021-03-31 00:00:00+00:00,1604.0
Iceland,2021-05-29 00:00:00+00:00,1601.0
Iceland,2021-06-04 00:00:00+00:00,1605.0
Iceland,2021-06-08 00:00:00+00:00,1612.0
Iceland,2021-09-02 00:00:00+00:00,1575.0
Iceland,2021-09-05 00:00:00+00:00,1569.0
Iceland,2021-09-08 00:00:00+00:00,1555.0
Iceland,2021-10-08 00:00:00+00:00,1550.0
Iceland,2021-10-11 00:00:00+00:00,1553.0
Iceland,2021-11-11 00:00:00+00:00,1564.0
Iceland,2021-11-14 00:00:00+00:00,1546.0
Iceland,2022-01-12 00:00:00+00:00,1544.0
Iceland,2022-01-15 00:00:00+00:00,1537.0
Iceland,2022-03-26 00:00:00+00:00,1542.0
Iceland,2022-03-29 00:00:00+00:00,1541.0
Iceland,2022-06-02 00:00:00+00:00,1551.0
Iceland,2022-06-06 00:00:00+00:00,1547.0
Iceland,2022-06-09 00:00:00+00:00,1547.0
Iceland,2022-06-13 00:00:00+00:00,1547.0
Iceland,2022-09-22 00:00:00+00:00,1561.0
Iceland,2022-09-27 00:00:00+00:00,1566.0
Iceland,2022-11-06 00:00:00+00:00,1558.0
Iceland,2022-11-11 00:00:00+00:00,1555.0
Iceland,2022-11-16 00:00:00+00:00,1547.0
Iceland,2022-11-19 00:00:00+00:00,1543.0
Iceland,2023-01-08 00:00:00+00:00,1540.0
Iceland,2023-01-12 00:00:00+00:00,1536.0
Iceland,2023-03-23 00:00:00+00:00,1518.0
Iceland,2023-03-26 00:00:00+00:00,1525.0
Iceland,2023-06-17 00:00:00+00:00,1503.0
Iceland,2023-06-20 00:00:00+00:00,1499.0
Iceland,2023-09-08 00:00:00+00:00,1476.0
Iceland,2023-09-11 00:00:00+00:00,1495.0
Iceland,2023-10-13 00:00:00+00:00,1490.0
Iceland,2023-10-16 00:00:00+00:00,1492.0
Iceland,2023-11-16 00:00:00+00:00,1480.0
Iceland,2023-11-19 00:00:00+00:00,1479.0
Iceland,2024-01-13 00:00:00+00:00,1489.0
Iceland,2024-01-17 00:00:00+00:00,1506.0
Iceland,2024-03-21 00:00:00+00:00,1550.0
Iceland,2024-03-26 00:00:00+00:00,1544.0
Iceland,2024-06-07 00:00:00+00:00,1563.0
Iceland,2024-06-10 00:00:00+00:00,1561.0
Iceland,2024-09-06 00:00:00+00:00,1582.0
Iceland,2024-09-09 00:00:00+00:00,1574.0
Iceland,2024-10-11 00:00:00+00:00,1576.0
Iceland,2024-10-14 00:00:00+00:00,1557.0
Iceland,2024-11-16 00:00:00+00:00,1591.0
Iceland,2024-11-19 00:00:00+00:00,1576.0
Iceland,2025-03-20 00:00:00+00:00,1560.0
Iceland,2025-03-23 00:00:00+00:00,1531.0
Iceland,2025-06-06 00:00:00+00:00,1557.0
Iceland,2025-06-10 00:00:00+00:00,1550.0
Iceland,2025-09-05 00:00:00+00:00,1563.0
Iceland,2025-09-09 00:00:00+00:00,1562.0
Iceland,2025-10-10 00:00:00+00:00,1541.0
Iceland,2025-10-13 00:00:00+00:00,1558.0
Iceland,2025-11-13 00:00:00+00:00,1580.0
Iceland,2025-11-16 00:00:00+00:00,1566.0
Iceland,2026-02-25 00:00:00+00:00,1562.0
Iceland,2026-03-28 00:00:00+00:00,1573.0
Iceland,2026-03-31 00:00:00+00:00,1571.0
Iceland,2026-05-31 00:00:00+00:00,1569.0
Iceland,2026-06-09 00:00:00+00:00,1568.0
Ireland,2015-03-29 00:00:00+00:00,1726.0
Ireland,2015-06-04 00:00:00+00:00,1719.0
Ireland,2015-06-07 00:00:00+00:00,1722.0
Ireland,2015-06-13 00:00:00+00:00,1717.0
Ireland,2015-09-04 00:00:00+00:00,1719.0
Ireland,2015-09-07 00:00:00+00:00,1724.0
Ireland,2015-10-08 00:00:00+00:00,1758.0
Ireland,2015-10-11 00:00:00+00:00,1742.0
Ireland,2015-11-13 00:00:00+00:00,1748.0
Ireland,2015-11-16 00:00:00+00:00,1769.0
Ireland,2016-03-25 00:00:00+00:00,1777.0
Ireland,2016-03-29 00:00:00+00:00,1773.0
Ireland,2016-05-27 00:00:00+00:00,1774.0
Ireland,2016-05-31 00:00:00+00:00,1757.0
Ireland,2016-06-13 00:00:00+00:00,1757.0
Ireland,2016-06-18 00:00:00+00:00,1728.0
Ireland,2016-06-22 00:00:00+00:00,1766.0
Ireland,2016-06-26 00:00:00+00:00,1758.0
Ireland,2016-08-31 00:00:00+00:00,1762.0
Ireland,2016-09-05 00:00:00+00:00,1766.0
Ireland,2016-10-06 00:00:00+00:00,1770.0
Ireland,2016-10-09 00:00:00+00:00,1778.0
Ireland,2016-11-12 00:00:00+00:00,1800.0
Ireland,2017-03-24 00:00:00+00:00,1792.0
Ireland,2017-03-28 00:00:00+00:00,1779.0
Ireland,2017-06-01 00:00:00+00:00,1770.0
Ireland,2017-06-04 00:00:00+00:00,1785.0
Ireland,2017-06-11 00:00:00+00:00,1775.0
Ireland,2017-09-02 00:00:00+00:00,1764.0
Ireland,2017-09-05 00:00:00+00:00,1738.0
Ireland,2017-10-06 00:00:00+00:00,1741.0
Ireland,2017-10-09 00:00:00+00:00,1770.0
Ireland,2017-11-11 00:00:00+00:00,1777.0
Ireland,2017-11-14 00:00:00+00:00,1731.0
Ireland,2018-03-23 00:00:00+00:00,1723.0
Ireland,2018-05-28 00:00:00+00:00,1720.0
Ireland,2018-06-02 00:00:00+00:00,1728.0
Ireland,2018-09-06 00:00:00+00:00,1707.0
Ireland,2018-09-11 00:00:00+00:00,1712.0
Ireland,2018-10-13 00:00:00+00:00,1716.0
Ireland,2018-10-16 00:00:00+00:00,1694.0
Ireland,2018-11-15 00:00:00+00:00,1690.0
Ireland,2018-11-19 00:00:00+00:00,1705.0
Ireland,2019-03-23 00:00:00+00:00,1707.0
Ireland,2019-03-26 00:00:00+00:00,1714.0
Ireland,2019-06-07 00:00:00+00:00,1727.0
Ireland,2019-06-10 00:00:00+00:00,1728.0
Ireland,2019-09-05 00:00:00+00:00,1732.0
Ireland,2019-09-10 00:00:00+00:00,1738.0
Ireland,2019-10-12 00:00:00+00:00,1733.0
Ireland,2019-10-15 00:00:00+00:00,1721.0
Ireland,2019-11-14 00:00:00+00:00,1725.0
Ireland,2019-11-18 00:00:00+00:00,1729.0
Ireland,2020-09-03 00:00:00+00:00,1725.0
Ireland,2020-09-06 00:00:00+00:00,1695.0
Ireland,2020-10-08 00:00:00+00:00,1700.0
Ireland,2020-10-11 00:00:00+00:00,1700.0
Ireland,2020-10-14 00:00:00+00:00,1684.0
Ireland,2020-11-12 00:00:00+00:00,1680.0
Ireland,2020-11-15 00:00:00+00:00,1671.0
Ireland,2020-11-18 00:00:00+00:00,1658.0
Ireland,2021-03-24 00:00:00+00:00,1649.0
Ireland,2021-03-27 00:00:00+00:00,1613.0
Ireland,2021-03-30 00:00:00+00:00,1614.0
Ireland,2021-06-03 00:00:00+00:00,1616.0
Ireland,2021-06-08 00:00:00+00:00,1622.0
Ireland,2021-09-01 00:00:00+00:00,1620.0
Ireland,2021-09-04 00:00:00+00:00,1604.0
Ireland,2021-09-07 00:00:00+00:00,1610.0
Ireland,2021-10-09 00:00:00+00:00,1632.0
Ireland,2021-10-12 00:00:00+00:00,1647.0
Ireland,2021-11-11 00:00:00+00:00,1660.0
Ireland,2021-11-14 00:00:00+00:00,1682.0
Ireland,2022-03-26 00:00:00+00:00,1689.0
Ireland,2022-03-29 00:00:00+00:00,1690.0
Ireland,2022-06-04 00:00:00+00:00,1665.0
Ireland,2022-06-08 00:00:00+00:00,1649.0
Ireland,2022-06-11 00:00:00+00:00,1680.0
Ireland,2022-06-14 00:00:00+00:00,1689.0
Ireland,2022-09-24 00:00:00+00:00,1677.0
Ireland,2022-09-27 00:00:00+00:00,1683.0
Ireland,2022-11-17 00:00:00+00:00,1672.0
Ireland,2022-11-20 00:00:00+00:00,1675.0
Ireland,2023-03-22 00:00:00+00:00,1677.0
Ireland,2023-03-27 00:00:00+00:00,1672.0
Ireland,2023-06-16 00:00:00+00:00,1658.0
Ireland,2023-06-19 00:00:00+00:00,1659.0
Ireland,2023-09-07 00:00:00+00:00,1657.0
Ireland,2023-09-10 00:00:00+00:00,1648.0
Ireland,2023-10-13 00:00:00+00:00,1613.0
Ireland,2023-10-16 00:00:00+00:00,1616.0
Ireland,2023-11-18 00:00:00+00:00,1613.0
Ireland,2023-11-21 00:00:00+00:00,1608.0
Ireland,2024-03-23 00:00:00+00:00,1615.0
Ireland,2024-03-26 00:00:00+00:00,1607.0
Ireland,2024-06-04 00:00:00+00:00,1621.0
Ireland,2024-06-11 00:00:00+00:00,1619.0
Ireland,2024-09-07 00:00:00+00:00,1608.0
Ireland,2024-09-10 00:00:00+00:00,1582.0
Ireland,2024-10-10 00:00:00+00:00,1609.0
Ireland,2024-10-13 00:00:00+00:00,1600.0
Ireland,2024-11-14 00:00:00+00:00,1613.0
Ireland,2024-11-17 00:00:00+00:00,1608.0
Ireland,2025-03-20 00:00:00+00:00,1627.0
Ireland,2025-03-23 00:00:00+00:00,1634.0
Ireland,2025-06-06 00:00:00+00:00,1635.0
Ireland,2025-06-10 00:00:00+00:00,1633.0
Ireland,2025-09-06 00:00:00+00:00,1631.0
Ireland,2025-09-09 00:00:00+00:00,1603.0
Ireland,2025-10-11 00:00:00+00:00,1601.0
Ireland,2025-10-14 00:00:00+00:00,1607.0
Ireland,2025-11-13 00:00:00+00:00,1659.0
Ireland,2025-11-16 00:00:00+00:00,1688.0
Ireland,2026-03-26 00:00:00+00:00,1696.0
Ireland,2026-03-31 00:00:00+00:00,1691.0
Ireland,2026-05-16 00:00:00+00:00,1692.0
Ireland,2026-05-28 00:00:00+00:00,1694.0
Ireland,2026-06-05 00:00:00+00:00,1699.0
Israel,2015-03-28 00:00:00+00:00,1633.0
Israel,2015-03-31 00:00:00+00:00,1622.0
Israel,2015-06-12 00:00:00+00:00,1607.0
Israel,2015-09-03 00:00:00+00:00,1608.0
Israel,2015-09-06 00:00:00+00:00,1618.0
Israel,2015-10-10 00:00:00+00:00,1583.0
Israel,2015-10-13 00:00:00+00:00,1578.0
Israel,2016-03-23 00:00:00+00:00,1574.0
Israel,2016-05-31 00:00:00+00:00,1568.0
Israel,2016-09-05 00:00:00+00:00,1557.0
Israel,2016-10-06 00:00:00+00:00,1575.0
Israel,2016-10-09 00:00:00+00:00,1577.0
Israel,2016-11-12 00:00:00+00:00,1626.0
Israel,2017-03-24 00:00:00+00:00,1621.0
Israel,2017-06-06 00:00:00+00:00,1613.0
Israel,2017-06-11 00:00:00+00:00,1563.0
Israel,2017-09-02 00:00:00+00:00,1532.0
Israel,2017-09-05 00:00:00+00:00,1530.0
Israel,2017-10-06 00:00:00+00:00,1537.0
Israel,2017-10-09 00:00:00+00:00,1533.0
Israel,2018-03-24 00:00:00+00:00,1525.0
Israel,2018-09-07 00:00:00+00:00,1512.0
Israel,2018-09-11 00:00:00+00:00,1505.0
Israel,2018-10-11 00:00:00+00:00,1531.0
Israel,2018-10-14 00:00:00+00:00,1555.0
Israel,2018-11-15 00:00:00+00:00,1569.0
Israel,2018-11-20 00:00:00+00:00,1561.0
Israel,2019-03-21 00:00:00+00:00,1555.0
Israel,2019-03-24 00:00:00+00:00,1592.0
Israel,2019-06-07 00:00:00+00:00,1609.0
Israel,2019-06-10 00:00:00+00:00,1597.0
Israel,2019-09-05 00:00:00+00:00,1587.0
Israel,2019-09-09 00:00:00+00:00,1574.0
Israel,2019-10-10 00:00:00+00:00,1564.0
Israel,2019-10-15 00:00:00+00:00,1568.0
Israel,2019-11-16 00:00:00+00:00,1554.0
Israel,2019-11-19 00:00:00+00:00,1538.0
Israel,2020-09-04 00:00:00+00:00,1548.0
Israel,2020-09-07 00:00:00+00:00,1551.0
Israel,2020-10-08 00:00:00+00:00,1562.0
Israel,2020-10-11 00:00:00+00:00,1547.0
Israel,2020-10-14 00:00:00+00:00,1578.0
Israel,2020-11-15 00:00:00+00:00,1571.0
Israel,2020-11-18 00:00:00+00:00,1591.0
Israel,2021-03-25 00:00:00+00:00,1579.0
Israel,2021-03-28 00:00:00+00:00,1578.0
Israel,2021-03-31 00:00:00+00:00,1591.0
Israel,2021-06-05 00:00:00+00:00,1608.0
Israel,2021-06-09 00:00:00+00:00,1606.0
Israel,2021-09-01 00:00:00+00:00,1621.0
Israel,2021-09-04 00:00:00+00:00,1662.0
Israel,2021-09-07 00:00:00+00:00,1655.0
Israel,2021-10-09 00:00:00+00:00,1641.0
Israel,2021-10-12 00:00:00+00:00,1643.0
Israel,2021-11-12 00:00:00+00:00,1627.0
Israel,2021-11-15 00:00:00+00:00,1629.0
Israel,2022-03-26 00:00:00+00:00,1627.0
Israel,2022-03-29 00:00:00+00:00,1625.0
Israel,2022-06-02 00:00:00+00:00,1615.0
Israel,2022-06-10 00:00:00+00:00,1639.0
Israel,2022-06-13 00:00:00+00:00,1639.0
Israel,2022-09-24 00:00:00+00:00,1649.0
Israel,2022-09-27 00:00:00+00:00,1632.0
Israel,2022-11-17 00:00:00+00:00,1637.0
Israel,2022-11-20 00:00:00+00:00,1619.0
Israel,2023-03-25 00:00:00+00:00,1608.0
Israel,2023-03-28 00:00:00+00:00,1601.0
Israel,2023-06-16 00:00:00+00:00,1611.0
Israel,2023-06-19 00:00:00+00:00,1612.0
Israel,2023-09-09 00:00:00+00:00,1619.0
Israel,2023-09-12 00:00:00+00:00,1625.0
Israel,2023-11-12 00:00:00+00:00,1603.0
Israel,2023-11-15 00:00:00+00:00,1615.0
Israel,2023-11-18 00:00:00+00:00,1596.0
Israel,2023-11-21 00:00:00+00:00,1602.0
Israel,2024-03-21 00:00:00+00:00,1558.0
Israel,2024-06-08 00:00:00+00:00,1554.0
Israel,2024-06-11 00:00:00+00:00,1567.0
Israel,2024-09-06 00:00:00+00:00,1561.0
Israel,2024-09-09 00:00:00+00:00,1557.0
Israel,2024-10-10 00:00:00+00:00,1552.0
Israel,2024-10-14 00:00:00+00:00,1548.0
Israel,2024-11-14 00:00:00+00:00,1567.0
Israel,2024-11-17 00:00:00+00:00,1601.0
Israel,2025-03-22 00:00:00+00:00,1610.0
Israel,2025-03-25 00:00:00+00:00,1596.0
Israel,2025-06-06 00:00:00+00:00,1617.0
Israel,2025-06-10 00:00:00+00:00,1629.0
Israel,2025-09-05 00:00:00+00:00,1646.0
Israel,2025-09-08 00:00:00+00:00,1638.0
Israel,2025-10-11 00:00:00+00:00,1628.0
Israel,2025-10-14 00:00:00+00:00,1621.0
Israel,2025-11-13 00:00:00+00:00,1615.0
Israel,2025-11-16 00:00:00+00:00,1631.0
Israel,2026-03-26 00:00:00+00:00,1634.0
Israel,2026-06-03 00:00:00+00:00,1647.0
Italy,2015-03-28 00:00:00+00:00,1875.0
Italy,2015-03-31 00:00:00+00:00,1874.0
Italy,2015-06-12 00:00:00+00:00,1877.0
Italy,2015-06-16 00:00:00+00:00,1868.0
Italy,2015-09-03 00:00:00+00:00,1869.0
Italy,2015-09-06 00:00:00+00:00,1873.0
Italy,2015-10-10 00:00:00+00:00,1880.0
Italy,2015-10-13 00:00:00+00:00,1886.0
Italy,2015-11-13 00:00:00+00:00,1876.0
Italy,2015-11-17 00:00:00+00:00,1870.0
Italy,2016-03-24 00:00:00+00:00,1871.0
Italy,2016-03-29 00:00:00+00:00,1865.0
Italy,2016-05-29 00:00:00+00:00,1871.0
Italy,2016-06-06 00:00:00+00:00,1874.0
Italy,2016-06-13 00:00:00+00:00,1917.0
Italy,2016-06-17 00:00:00+00:00,1932.0
Italy,2016-06-22 00:00:00+00:00,1894.0
Italy,2016-06-27 00:00:00+00:00,1941.0
Italy,2016-07-02 00:00:00+00:00,1949.0
Italy,2016-09-01 00:00:00+00:00,1931.0
Italy,2016-09-05 00:00:00+00:00,1942.0
Italy,2016-10-06 00:00:00+00:00,1937.0
Italy,2016-10-09 00:00:00+00:00,1940.0
Italy,2016-11-12 00:00:00+00:00,1942.0
Italy,2016-11-15 00:00:00+00:00,1942.0
Italy,2017-03-24 00:00:00+00:00,1946.0
Italy,2017-03-28 00:00:00+00:00,1956.0
Italy,2017-05-31 00:00:00+00:00,1956.0
Italy,2017-06-07 00:00:00+00:00,1969.0
Italy,2017-06-11 00:00:00+00:00,1969.0
Italy,2017-09-02 00:00:00+00:00,1947.0
Italy,2017-09-05 00:00:00+00:00,1949.0
Italy,2017-10-06 00:00:00+00:00,1930.0
Italy,2017-10-09 00:00:00+00:00,1938.0
Italy,2017-11-10 00:00:00+00:00,1915.0
Italy,2017-11-13 00:00:00+00:00,1905.0
Italy,2018-03-23 00:00:00+00:00,1893.0
Italy,2018-03-27 00:00:00+00:00,1897.0
Italy,2018-05-28 00:00:00+00:00,1900.0
Italy,2018-06-01 00:00:00+00:00,1892.0
Italy,2018-06-04 00:00:00+00:00,1890.0
Italy,2018-09-07 00:00:00+00:00,1879.0
Italy,2018-09-10 00:00:00+00:00,1867.0
Italy,2018-10-10 00:00:00+00:00,1862.0
Italy,2018-10-14 00:00:00+00:00,1883.0
Italy,2018-11-17 00:00:00+00:00,1882.0
Italy,2018-11-20 00:00:00+00:00,1888.0
Italy,2019-03-23 00:00:00+00:00,1894.0
Italy,2019-03-26 00:00:00+00:00,1895.0
Italy,2019-06-08 00:00:00+00:00,1914.0
Italy,2019-06-11 00:00:00+00:00,1921.0
Italy,2019-09-05 00:00:00+00:00,1928.0
Italy,2019-09-08 00:00:00+00:00,1940.0
Italy,2019-10-12 00:00:00+00:00,1943.0
Italy,2019-10-15 00:00:00+00:00,1944.0
Italy,2019-11-15 00:00:00+00:00,1965.0
Italy,2019-11-18 00:00:00+00:00,1968.0
Italy,2020-09-04 00:00:00+00:00,1952.0
Italy,2020-09-07 00:00:00+00:00,1981.0
Italy,2020-10-07 00:00:00+00:00,1981.0
Italy,2020-10-11 00:00:00+00:00,1977.0
Italy,2020-10-14 00:00:00+00:00,1971.0
Italy,2020-11-11 00:00:00+00:00,1972.0
Italy,2020-11-15 00:00:00+00:00,1985.0
Italy,2020-11-18 00:00:00+00:00,1997.0
Italy,2021-03-25 00:00:00+00:00,2000.0
Italy,2021-03-28 00:00:00+00:00,2005.0
Italy,2021-03-31 00:00:00+00:00,2008.0
Italy,2021-05-28 00:00:00+00:00,2008.0
Italy,2021-06-04 00:00:00+00:00,2013.0
Italy,2021-06-11 00:00:00+00:00,2025.0
Italy,2021-06-16 00:00:00+00:00,2043.0
Italy,2021-06-20 00:00:00+00:00,2052.0
Italy,2021-06-26 00:00:00+00:00,2061.0
Italy,2021-07-02 00:00:00+00:00,2093.0
Italy,2021-07-06 00:00:00+00:00,2088.0
Italy,2021-07-11 00:00:00+00:00,2092.0
Italy,2021-09-02 00:00:00+00:00,2073.0
Italy,2021-09-05 00:00:00+00:00,2070.0
Italy,2021-09-08 00:00:00+00:00,2071.0
Italy,2021-10-06 00:00:00+00:00,2035.0
Italy,2021-10-10 00:00:00+00:00,2058.0
Italy,2021-11-12 00:00:00+00:00,2046.0
Italy,2021-11-15 00:00:00+00:00,2030.0
Italy,2022-03-24 00:00:00+00:00,1992.0
Italy,2022-03-29 00:00:00+00:00,1997.0
Italy,2022-06-01 00:00:00+00:00,1967.0
Italy,2022-06-04 00:00:00+00:00,1961.0
Italy,2022-06-07 00:00:00+00:00,1967.0
Italy,2022-06-11 00:00:00+00:00,1975.0
Italy,2022-06-14 00:00:00+00:00,1949.0
Italy,2022-09-23 00:00:00+00:00,1963.0
Italy,2022-09-26 00:00:00+00:00,1992.0
Italy,2022-11-16 00:00:00+00:00,1995.0
Italy,2022-11-20 00:00:00+00:00,1973.0
Italy,2023-03-23 00:00:00+00:00,1947.0
Italy,2023-03-26 00:00:00+00:00,1949.0
Italy,2023-06-15 00:00:00+00:00,1925.0
Italy,2023-06-18 00:00:00+00:00,1961.0
Italy,2023-09-09 00:00:00+00:00,1946.0
Italy,2023-09-12 00:00:00+00:00,1955.0
Italy,2023-10-14 00:00:00+00:00,1956.0
Italy,2023-10-17 00:00:00+00:00,1939.0
Italy,2023-11-17 00:00:00+00:00,1943.0
Italy,2023-11-20 00:00:00+00:00,1937.0
Italy,2024-03-21 00:00:00+00:00,1942.0
Italy,2024-03-24 00:00:00+00:00,1955.0
Italy,2024-06-04 00:00:00+00:00,1948.0
Italy,2024-06-09 00:00:00+00:00,1949.0
Italy,2024-06-15 00:00:00+00:00,1956.0
Italy,2024-06-20 00:00:00+00:00,1938.0
Italy,2024-06-24 00:00:00+00:00,1936.0
Italy,2024-06-29 00:00:00+00:00,1890.0
Italy,2024-09-06 00:00:00+00:00,1939.0
Italy,2024-09-09 00:00:00+00:00,1943.0
Italy,2024-10-10 00:00:00+00:00,1936.0
Italy,2024-10-14 00:00:00+00:00,1940.0
Italy,2024-11-14 00:00:00+00:00,1964.0
Italy,2024-11-17 00:00:00+00:00,1930.0
Italy,2025-03-20 00:00:00+00:00,1901.0
Italy,2025-03-23 00:00:00+00:00,1914.0
Italy,2025-06-06 00:00:00+00:00,1881.0
Italy,2025-06-09 00:00:00+00:00,1882.0
Italy,2025-09-05 00:00:00+00:00,1884.0
Italy,2025-09-08 00:00:00+00:00,1892.0
Italy,2025-10-11 00:00:00+00:00,1897.0
Italy,2025-10-14 00:00:00+00:00,1904.0
Italy,2025-11-13 00:00:00+00:00,1907.0
Italy,2025-11-16 00:00:00+00:00,1859.0
Italy,2026-03-26 00:00:00+00:00,1866.0
Italy,2026-03-31 00:00:00+00:00,1856.0
Italy,2026-06-03 00:00:00+00:00,1859.0
Italy,2026-06-07 00:00:00+00:00,1869.0
Kazakhstan,2015-02-18 00:00:00+00:00,1355.0
Kazakhstan,2015-03-28 00:00:00+00:00,1339.0
Kazakhstan,2015-03-31 00:00:00+00:00,1348.0
Kazakhstan,2015-05-12 00:00:00+00:00,1348.0
Kazakhstan,2015-06-12 00:00:00+00:00,1341.0
Kazakhstan,2015-09-03 00:00:00+00:00,1339.0
Kazakhstan,2015-09-06 00:00:00+00:00,1357.0
Kazakhstan,2015-10-10 00:00:00+00:00,1354.0
Kazakhstan,2015-10-13 00:00:00+00:00,1386.0
Kazakhstan,2016-03-26 00:00:00+00:00,1397.0
Kazakhstan,2016-03-29 00:00:00+00:00,1402.0
Kazakhstan,2016-06-07 00:00:00+00:00,1419.0
Kazakhstan,2016-08-30 00:00:00+00:00,1400.0
Kazakhstan,2016-09-04 00:00:00+00:00,1415.0
Kazakhstan,2016-10-08 00:00:00+00:00,1400.0
Kazakhstan,2016-10-11 00:00:00+00:00,1412.0
Kazakhstan,2016-11-11 00:00:00+00:00,1405.0
Kazakhstan,2017-03-22 00:00:00+00:00,1394.0
Kazakhstan,2017-03-26 00:00:00+00:00,1380.0
Kazakhstan,2017-06-10 00:00:00+00:00,1368.0
Kazakhstan,2017-09-01 00:00:00+00:00,1345.0
Kazakhstan,2017-09-04 00:00:00+00:00,1343.0
Kazakhstan,2017-10-05 00:00:00+00:00,1338.0
Kazakhstan,2017-10-08 00:00:00+00:00,1339.0
Kazakhstan,2018-03-23 00:00:00+00:00,1357.0
Kazakhstan,2018-03-26 00:00:00+00:00,1353.0
Kazakhstan,2018-06-05 00:00:00+00:00,1368.0
Kazakhstan,2018-09-06 00:00:00+00:00,1340.0
Kazakhstan,2018-09-10 00:00:00+00:00,1331.0
Kazakhstan,2018-10-13 00:00:00+00:00,1336.0
Kazakhstan,2018-10-16 00:00:00+00:00,1344.0
Kazakhstan,2018-11-15 00:00:00+00:00,1336.0
Kazakhstan,2018-11-19 00:00:00+00:00,1330.0
Kazakhstan,2019-02-21 00:00:00+00:00,1340.0
Kazakhstan,2019-03-21 00:00:00+00:00,1398.0
Kazakhstan,2019-03-24 00:00:00+00:00,1383.0
Kazakhstan,2019-06-08 00:00:00+00:00,1382.0
Kazakhstan,2019-06-11 00:00:00+00:00,1384.0
Kazakhstan,2019-09-06 00:00:00+00:00,1391.0
Kazakhstan,2019-09-09 00:00:00+00:00,1389.0
Kazakhstan,2019-10-10 00:00:00+00:00,1364.0
Kazakhstan,2019-10-13 00:00:00+00:00,1362.0
Kazakhstan,2019-11-16 00:00:00+00:00,1366.0
Kazakhstan,2019-11-19 00:00:00+00:00,1360.0
Kazakhstan,2020-09-04 00:00:00+00:00,1395.0
Kazakhstan,2020-09-07 00:00:00+00:00,1374.0
Kazakhstan,2020-10-11 00:00:00+00:00,1377.0
Kazakhstan,2020-10-14 00:00:00+00:00,1363.0
Kazakhstan,2020-11-11 00:00:00+00:00,1370.0
Kazakhstan,2020-11-15 00:00:00+00:00,1359.0
Kazakhstan,2020-11-18 00:00:00+00:00,1333.0
Kazakhstan,2021-03-28 00:00:00+00:00,1332.0
Kazakhstan,2021-03-31 00:00:00+00:00,1351.0
Kazakhstan,2021-06-04 00:00:00+00:00,1347.0
Kazakhstan,2021-09-01 00:00:00+00:00,1362.0
Kazakhstan,2021-09-04 00:00:00+00:00,1359.0
Kazakhstan,2021-09-07 00:00:00+00:00,1375.0
Kazakhstan,2021-10-09 00:00:00+00:00,1358.0
Kazakhstan,2021-10-12 00:00:00+00:00,1345.0
Kazakhstan,2021-11-13 00:00:00+00:00,1344.0
Kazakhstan,2021-11-16 00:00:00+00:00,1349.0
Kazakhstan,2022-03-24 00:00:00+00:00,1365.0
Kazakhstan,2022-03-29 00:00:00+00:00,1331.0
Kazakhstan,2022-06-03 00:00:00+00:00,1350.0
Kazakhstan,2022-06-06 00:00:00+00:00,1387.0
Kazakhstan,2022-06-10 00:00:00+00:00,1391.0
Kazakhstan,2022-06-13 00:00:00+00:00,1420.0
Kazakhstan,2022-09-22 00:00:00+00:00,1434.0
Kazakhstan,2022-09-25 00:00:00+00:00,1401.0
Kazakhstan,2022-11-16 00:00:00+00:00,1396.0
Kazakhstan,2022-11-19 00:00:00+00:00,1391.0
Kazakhstan,2023-03-23 00:00:00+00:00,1380.0
Kazakhstan,2023-03-26 00:00:00+00:00,1417.0
Kazakhstan,2023-06-16 00:00:00+00:00,1419.0
Kazakhstan,2023-06-19 00:00:00+00:00,1449.0
Kazakhstan,2023-09-07 00:00:00+00:00,1437.0
Kazakhstan,2023-09-10 00:00:00+00:00,1454.0
Kazakhstan,2023-10-14 00:00:00+00:00,1451.0
Kazakhstan,2023-10-17 00:00:00+00:00,1485.0
Kazakhstan,2023-11-17 00:00:00+00:00,1486.0
Kazakhstan,2023-11-20 00:00:00+00:00,1481.0
Kazakhstan,2024-03-14 00:00:00+00:00,1486.0
Kazakhstan,2024-03-21 00:00:00+00:00,1476.0
Kazakhstan,2024-03-26 00:00:00+00:00,1470.0
Kazakhstan,2024-06-07 00:00:00+00:00,1462.0
Kazakhstan,2024-06-11 00:00:00+00:00,1453.0
Kazakhstan,2024-09-06 00:00:00+00:00,1463.0
Kazakhstan,2024-09-09 00:00:00+00:00,1457.0
Kazakhstan,2024-10-10 00:00:00+00:00,1453.0
Kazakhstan,2024-10-13 00:00:00+00:00,1443.0
Kazakhstan,2024-11-14 00:00:00+00:00,1435.0
Kazakhstan,2024-11-17 00:00:00+00:00,1430.0
Kazakhstan,2025-02-17 00:00:00+00:00,1413.0
Kazakhstan,2025-03-19 00:00:00+00:00,1425.0
Kazakhstan,2025-03-22 00:00:00+00:00,1420.0
Kazakhstan,2025-03-25 00:00:00+00:00,1425.0
Kazakhstan,2025-06-05 00:00:00+00:00,1415.0
Kazakhstan,2025-06-09 00:00:00+00:00,1401.0
Kazakhstan,2025-09-04 00:00:00+00:00,1392.0
Kazakhstan,2025-09-07 00:00:00+00:00,1389.0
Kazakhstan,2025-10-10 00:00:00+00:00,1391.0
Kazakhstan,2025-10-13 00:00:00+00:00,1406.0
Kazakhstan,2025-11-15 00:00:00+00:00,1422.0
Kazakhstan,2025-11-18 00:00:00+00:00,1410.0
Kazakhstan,2026-03-25 00:00:00+00:00,1421.0
Kazakhstan,2026-03-31 00:00:00+00:00,1430.0
Kazakhstan,2026-06-06 00:00:00+00:00,1431.0
Kazakhstan,2026-06-09 00:00:00+00:00,1428.0
Kosovo,2015-10-10 00:00:00+00:00,1385.0
Kosovo,2015-11-13 00:00:00+00:00,1389.0
Kosovo,2016-06-03 00:00:00+00:00,1398.0
Kosovo,2016-09-05 00:00:00+00:00,1411.0
Kosovo,2016-10-06 00:00:00+00:00,1404.0
Kosovo,2016-10-09 00:00:00+00:00,1395.0
Kosovo,2016-11-12 00:00:00+00:00,1392.0
Kosovo,2017-03-24 00:00:00+00:00,1388.0
Kosovo,2017-06-11 00:00:00+00:00,1382.0
Kosovo,2017-09-03 00:00:00+00:00,1381.0
Kosovo,2017-09-05 00:00:00+00:00,1370.0
Kosovo,2017-10-06 00:00:00+00:00,1364.0
Kosovo,2017-10-09 00:00:00+00:00,1362.0
Kosovo,2017-11-13 00:00:00+00:00,1369.0
Kosovo,2018-03-24 00:00:00+00:00,1379.0
Kosovo,2018-03-27 00:00:00+00:00,1403.0
Kosovo,2018-05-29 00:00:00+00:00,1429.0
Kosovo,2018-09-07 00:00:00+00:00,1433.0
Kosovo,2018-09-10 00:00:00+00:00,1446.0
Kosovo,2018-10-11 00:00:00+00:00,1453.0
Kosovo,2018-10-14 00:00:00+00:00,1448.0
Kosovo,2018-11-17 00:00:00+00:00,1472.0
Kosovo,2018-11-20 00:00:00+00:00,1495.0
Kosovo,2019-03-21 00:00:00+00:00,1502.0
Kosovo,2019-03-25 00:00:00+00:00,1503.0
Kosovo,2019-06-07 00:00:00+00:00,1513.0
Kosovo,2019-06-10 00:00:00+00:00,1543.0
Kosovo,2019-09-07 00:00:00+00:00,1568.0
Kosovo,2019-09-10 00:00:00+00:00,1564.0
Kosovo,2019-10-10 00:00:00+00:00,1565.0
Kosovo,2019-10-14 00:00:00+00:00,1584.0
Kosovo,2019-11-14 00:00:00+00:00,1577.0
Kosovo,2019-11-17 00:00:00+00:00,1564.0
Kosovo,2020-01-12 00:00:00+00:00,1561.0
Kosovo,2020-09-03 00:00:00+00:00,1546.0
Kosovo,2020-09-06 00:00:00+00:00,1524.0
Kosovo,2020-10-08 00:00:00+00:00,1512.0
Kosovo,2020-10-11 00:00:00+00:00,1490.0
Kosovo,2020-10-14 00:00:00+00:00,1502.0
Kosovo,2020-11-11 00:00:00+00:00,1495.0
Kosovo,2020-11-15 00:00:00+00:00,1486.0
Kosovo,2020-11-18 00:00:00+00:00,1491.0
Kosovo,2021-03-24 00:00:00+00:00,1499.0
Kosovo,2021-03-28 00:00:00+00:00,1484.0
Kosovo,2021-03-31 00:00:00+00:00,1483.0
Kosovo,2021-06-01 00:00:00+00:00,1483.0
Kosovo,2021-06-04 00:00:00+00:00,1487.0
Kosovo,2021-06-08 00:00:00+00:00,1475.0
Kosovo,2021-06-11 00:00:00+00:00,1482.0
Kosovo,2021-09-02 00:00:00+00:00,1510.0
Kosovo,2021-09-05 00:00:00+00:00,1513.0
Kosovo,2021-09-08 00:00:00+00:00,1507.0
Kosovo,2021-10-09 00:00:00+00:00,1502.0
Kosovo,2021-10-12 00:00:00+00:00,1474.0
Kosovo,2021-11-10 00:00:00+00:00,1456.0
Kosovo,2021-11-14 00:00:00+00:00,1471.0
Kosovo,2022-03-24 00:00:00+00:00,1491.0
Kosovo,2022-03-29 00:00:00+00:00,1500.0
Kosovo,2022-06-02 00:00:00+00:00,1524.0
Kosovo,2022-06-05 00:00:00+00:00,1508.0
Kosovo,2022-06-09 00:00:00+00:00,1526.0
Kosovo,2022-06-12 00:00:00+00:00,1516.0
Kosovo,2022-09-24 00:00:00+00:00,1503.0
Kosovo,2022-09-27 00:00:00+00:00,1518.0
Kosovo,2022-11-16 00:00:00+00:00,1514.0
Kosovo,2022-11-19 00:00:00+00:00,1507.0
Kosovo,2023-03-25 00:00:00+00:00,1518.0
Kosovo,2023-03-28 00:00:00+00:00,1500.0
Kosovo,2023-06-16 00:00:00+00:00,1501.0
Kosovo,2023-06-19 00:00:00+00:00,1475.0
Kosovo,2023-09-09 00:00:00+00:00,1489.0
Kosovo,2023-09-12 00:00:00+00:00,1477.0
Kosovo,2023-10-12 00:00:00+00:00,1491.0
Kosovo,2023-11-12 00:00:00+00:00,1513.0
Kosovo,2023-11-18 00:00:00+00:00,1530.0
Kosovo,2023-11-21 00:00:00+00:00,1500.0
Kosovo,2024-03-22 00:00:00+00:00,1512.0
Kosovo,2024-03-26 00:00:00+00:00,1510.0
Kosovo,2024-06-05 00:00:00+00:00,1505.0
Kosovo,2024-09-06 00:00:00+00:00,1478.0
Kosovo,2024-09-09 00:00:00+00:00,1512.0
Kosovo,2024-10-12 00:00:00+00:00,1527.0
Kosovo,2024-10-15 00:00:00+00:00,1536.0
Kosovo,2024-11-15 00:00:00+00:00,1550.0
Kosovo,2024-11-18 00:00:00+00:00,1554.0
Kosovo,2025-03-20 00:00:00+00:00,1570.0
Kosovo,2025-03-23 00:00:00+00:00,1599.0
Kosovo,2025-06-06 00:00:00+00:00,1604.0
Kosovo,2025-06-09 00:00:00+00:00,1609.0
Kosovo,2025-09-05 00:00:00+00:00,1599.0
Kosovo,2025-09-08 00:00:00+00:00,1635.0
Kosovo,2025-10-10 00:00:00+00:00,1635.0
Kosovo,2025-10-13 00:00:00+00:00,1664.0
Kosovo,2025-11-15 00:00:00+00:00,1708.0
Kosovo,2025-11-18 00:00:00+00:00,1713.0
Kosovo,2026-03-26 00:00:00+00:00,1737.0
Kosovo,2026-03-31 00:00:00+00:00,1720.0
Kosovo,2026-05-31 00:00:00+00:00,1713.0
Kosovo,2026-06-07 00:00:00+00:00,1714.0
Latvia,2015-03-28 00:00:00+00:00,1462.0
Latvia,2015-03-31 00:00:00+00:00,1471.0
Latvia,2015-06-12 00:00:00+00:00,1466.0
Latvia,2015-09-03 00:00:00+00:00,1481.0
Latvia,2015-09-06 00:00:00+00:00,1471.0
Latvia,2015-10-10 00:00:00+00:00,1486.0
Latvia,2015-10-13 00:00:00+00:00,1454.0
Latvia,2015-11-13 00:00:00+00:00,1450.0
Latvia,2016-03-25 00:00:00+00:00,1458.0
Latvia,2016-03-29 00:00:00+00:00,1466.0
Latvia,2016-06-01 00:00:00+00:00,1476.0
Latvia,2016-06-04 00:00:00+00:00,1480.0
Latvia,2016-09-02 00:00:00+00:00,1484.0
Latvia,2016-09-06 00:00:00+00:00,1487.0
Latvia,2016-10-07 00:00:00+00:00,1434.0
Latvia,2016-10-10 00:00:00+00:00,1417.0
Latvia,2016-11-13 00:00:00+00:00,1415.0
Latvia,2017-03-25 00:00:00+00:00,1413.0
Latvia,2017-03-28 00:00:00+00:00,1401.0
Latvia,2017-06-09 00:00:00+00:00,1395.0
Latvia,2017-06-12 00:00:00+00:00,1384.0
Latvia,2017-08-31 00:00:00+00:00,1376.0
Latvia,2017-09-03 00:00:00+00:00,1369.0
Latvia,2017-10-07 00:00:00+00:00,1370.0
Latvia,2017-10-10 00:00:00+00:00,1375.0
Latvia,2017-11-07 00:00:00+00:00,1369.0
Latvia,2017-11-13 00:00:00+00:00,1362.0
Latvia,2018-02-03 00:00:00+00:00,1360.0
Latvia,2018-03-22 00:00:00+00:00,1358.0
Latvia,2018-03-25 00:00:00+00:00,1343.0
Latvia,2018-06-02 00:00:00+00:00,1361.0
Latvia,2018-06-05 00:00:00+00:00,1367.0
Latvia,2018-06-09 00:00:00+00:00,1348.0
Latvia,2018-09-06 00:00:00+00:00,1332.0
Latvia,2018-09-09 00:00:00+00:00,1326.0
Latvia,2018-10-13 00:00:00+00:00,1321.0
Latvia,2018-10-16 00:00:00+00:00,1297.0
Latvia,2018-11-15 00:00:00+00:00,1305.0
Latvia,2018-11-19 00:00:00+00:00,1298.0
Latvia,2019-03-21 00:00:00+00:00,1290.0
Latvia,2019-03-24 00:00:00+00:00,1288.0
Latvia,2019-06-07 00:00:00+00:00,1271.0
Latvia,2019-06-10 00:00:00+00:00,1250.0
Latvia,2019-09-06 00:00:00+00:00,1247.0
Latvia,2019-09-09 00:00:00+00:00,1230.0
Latvia,2019-10-10 00:00:00+00:00,1224.0
Latvia,2019-10-15 00:00:00+00:00,1220.0
Latvia,2019-11-16 00:00:00+00:00,1217.0
Latvia,2019-11-19 00:00:00+00:00,1254.0
Latvia,2020-09-03 00:00:00+00:00,1242.0
Latvia,2020-09-06 00:00:00+00:00,1243.0
Latvia,2020-10-07 00:00:00+00:00,1251.0
Latvia,2020-10-10 00:00:00+00:00,1257.0
Latvia,2020-10-13 00:00:00+00:00,1227.0
Latvia,2020-11-11 00:00:00+00:00,1232.0
Latvia,2020-11-14 00:00:00+00:00,1228.0
Latvia,2020-11-17 00:00:00+00:00,1261.0
Latvia,2021-03-24 00:00:00+00:00,1250.0
Latvia,2021-03-27 00:00:00+00:00,1249.0
Latvia,2021-03-30 00:00:00+00:00,1268.0
Latvia,2021-06-04 00:00:00+00:00,1289.0
Latvia,2021-06-07 00:00:00+00:00,1288.0
Latvia,2021-06-10 00:00:00+00:00,1281.0
Latvia,2021-09-01 00:00:00+00:00,1290.0
Latvia,2021-09-04 00:00:00+00:00,1283.0
Latvia,2021-09-07 00:00:00+00:00,1298.0
Latvia,2021-10-08 00:00:00+00:00,1296.0
Latvia,2021-10-11 00:00:00+00:00,1290.0
Latvia,2021-11-13 00:00:00+00:00,1309.0
Latvia,2021-11-16 00:00:00+00:00,1327.0
Latvia,2022-03-25 00:00:00+00:00,1328.0
Latvia,2022-03-29 00:00:00+00:00,1338.0
Latvia,2022-06-03 00:00:00+00:00,1346.0
Latvia,2022-06-06 00:00:00+00:00,1350.0
Latvia,2022-06-10 00:00:00+00:00,1378.0
Latvia,2022-06-14 00:00:00+00:00,1390.0
Latvia,2022-09-22 00:00:00+00:00,1357.0
Latvia,2022-09-25 00:00:00+00:00,1349.0
Latvia,2022-11-16 00:00:00+00:00,1348.0
Latvia,2022-11-19 00:00:00+00:00,1352.0
Latvia,2023-03-22 00:00:00+00:00,1350.0
Latvia,2023-03-28 00:00:00+00:00,1348.0
Latvia,2023-06-16 00:00:00+00:00,1340.0
Latvia,2023-06-19 00:00:00+00:00,1332.0
Latvia,2023-09-08 00:00:00+00:00,1331.0
Latvia,2023-09-11 00:00:00+00:00,1318.0
Latvia,2023-10-12 00:00:00+00:00,1356.0
Latvia,2023-10-15 00:00:00+00:00,1352.0
Latvia,2023-11-18 00:00:00+00:00,1349.0
Latvia,2023-11-21 00:00:00+00:00,1347.0
Latvia,2024-03-21 00:00:00+00:00,1349.0
Latvia,2024-03-26 00:00:00+00:00,1341.0
Latvia,2024-06-08 00:00:00+00:00,1312.0
Latvia,2024-06-11 00:00:00+00:00,1321.0
Latvia,2024-09-07 00:00:00+00:00,1307.0
Latvia,2024-09-10 00:00:00+00:00,1319.0
Latvia,2024-10-10 00:00:00+00:00,1297.0
Latvia,2024-10-13 00:00:00+00:00,1300.0
Latvia,2024-11-14 00:00:00+00:00,1296.0
Latvia,2024-11-17 00:00:00+00:00,1276.0
Latvia,2025-03-21 00:00:00+00:00,1291.0
Latvia,2025-03-24 00:00:00+00:00,1290.0
Latvia,2025-06-07 00:00:00+00:00,1289.0
Latvia,2025-06-10 00:00:00+00:00,1301.0
Latvia,2025-09-06 00:00:00+00:00,1298.0
Latvia,2025-09-09 00:00:00+00:00,1295.0
Latvia,2025-10-11 00:00:00+00:00,1280.0
Latvia,2025-10-14 00:00:00+00:00,1278.0
Latvia,2025-11-13 00:00:00+00:00,1287.0
Latvia,2025-11-16 00:00:00+00:00,1286.0
Latvia,2026-03-26 00:00:00+00:00,1297.0
Latvia,2026-03-31 00:00:00+00:00,1301.0
Latvia,2026-06-06 00:00:00+00:00,1305.0
Latvia,2026-06-09 00:00:00+00:00,1288.0
Liechtenstein,2015-03-27 00:00:00+00:00,1212.0
Liechtenstein,2015-03-31 00:00:00+00:00,1214.0
Liechtenstein,2015-06-10 00:00:00+00:00,1213.0
Liechtenstein,2015-06-14 00:00:00+00:00,1218.0
Liechtenstein,2015-09-05 00:00:00+00:00,1214.0
Liechtenstein,2015-09-08 00:00:00+00:00,1208.0
Liechtenstein,2015-10-09 00:00:00+00:00,1203.0
Liechtenstein,2015-10-12 00:00:00+00:00,1202.0
Liechtenstein,2016-03-23 00:00:00+00:00,1202.0
Liechtenstein,2016-03-28 00:00:00+00:00,1193.0
Liechtenstein,2016-06-06 00:00:00+00:00,1192.0
Liechtenstein,2016-08-31 00:00:00+00:00,1191.0
Liechtenstein,2016-09-05 00:00:00+00:00,1190.0
Liechtenstein,2016-10-06 00:00:00+00:00,1183.0
Liechtenstein,2016-10-09 00:00:00+00:00,1181.0
Liechtenstein,2016-11-12 00:00:00+00:00,1179.0
Liechtenstein,2017-03-24 00:00:00+00:00,1156.0
Liechtenstein,2017-06-07 00:00:00+00:00,1165.0
Liechtenstein,2017-06-11 00:00:00+00:00,1165.0
Liechtenstein,2017-09-02 00:00:00+00:00,1162.0
Liechtenstein,2017-09-05 00:00:00+00:00,1161.0
Liechtenstein,2017-10-06 00:00:00+00:00,1154.0
Liechtenstein,2017-10-09 00:00:00+00:00,1149.0
Liechtenstein,2017-12-14 00:00:00+00:00,1167.0
Liechtenstein,2018-03-21 00:00:00+00:00,1153.0
Liechtenstein,2018-03-25 00:00:00+00:00,1142.0
Liechtenstein,2018-09-06 00:00:00+00:00,1139.0
Liechtenstein,2018-09-09 00:00:00+00:00,1157.0
Liechtenstein,2018-10-13 00:00:00+00:00,1153.0
Liechtenstein,2018-10-16 00:00:00+00:00,1136.0
Liechtenstein,2018-11-16 00:00:00+00:00,1125.0
Liechtenstein,2018-11-19 00:00:00+00:00,1137.0
Liechtenstein,2019-03-23 00:00:00+00:00,1131.0
Liechtenstein,2019-03-26 00:00:00+00:00,1130.0
Liechtenstein,2019-06-08 00:00:00+00:00,1123.0
Liechtenstein,2019-06-11 00:00:00+00:00,1119.0
Liechtenstein,2019-09-05 00:00:00+00:00,1118.0
Liechtenstein,2019-09-08 00:00:00+00:00,1136.0
Liechtenstein,2019-10-12 00:00:00+00:00,1149.0
Liechtenstein,2019-10-15 00:00:00+00:00,1148.0
Liechtenstein,2019-11-15 00:00:00+00:00,1146.0
Liechtenstein,2019-11-18 00:00:00+00:00,1141.0
Liechtenstein,2020-09-08 00:00:00+00:00,1149.0
Liechtenstein,2020-10-07 00:00:00+00:00,1166.0
Liechtenstein,2020-10-10 00:00:00+00:00,1136.0
Liechtenstein,2020-10-13 00:00:00+00:00,1119.0
Liechtenstein,2020-11-11 00:00:00+00:00,1110.0
Liechtenstein,2020-11-17 00:00:00+00:00,1115.0
Liechtenstein,2021-03-25 00:00:00+00:00,1109.0
Liechtenstein,2021-03-28 00:00:00+00:00,1106.0
Liechtenstein,2021-03-31 00:00:00+00:00,1099.0
Liechtenstein,2021-06-03 00:00:00+00:00,1099.0
Liechtenstein,2021-06-07 00:00:00+00:00,1092.0
Liechtenstein,2021-09-02 00:00:00+00:00,1091.0
Liechtenstein,2021-09-05 00:00:00+00:00,1090.0
Liechtenstein,2021-09-08 00:00:00+00:00,1109.0
Liechtenstein,2021-10-08 00:00:00+00:00,1100.0
Liechtenstein,2021-10-11 00:00:00+00:00,1097.0
Liechtenstein,2021-11-11 00:00:00+00:00,1097.0
Liechtenstein,2021-11-14 00:00:00+00:00,1093.0
Liechtenstein,2022-03-25 00:00:00+00:00,1089.0
Liechtenstein,2022-03-29 00:00:00+00:00,1083.0
Liechtenstein,2022-06-03 00:00:00+00:00,1055.0
Liechtenstein,2022-06-06 00:00:00+00:00,1051.0
Liechtenstein,2022-06-10 00:00:00+00:00,1038.0
Liechtenstein,2022-06-14 00:00:00+00:00,1026.0
Liechtenstein,2022-09-22 00:00:00+00:00,992.0
Liechtenstein,2022-09-25 00:00:00+00:00,985.0
Liechtenstein,2022-11-16 00:00:00+00:00,977.0
Liechtenstein,2023-03-23 00:00:00+00:00,977.0
Liechtenstein,2023-03-26 00:00:00+00:00,970.0
Liechtenstein,2023-06-17 00:00:00+00:00,968.0
Liechtenstein,2023-06-20 00:00:00+00:00,966.0
Liechtenstein,2023-09-08 00:00:00+00:00,965.0
Liechtenstein,2023-09-11 00:00:00+00:00,964.0
Liechtenstein,2023-10-13 00:00:00+00:00,960.0
Liechtenstein,2023-10-16 00:00:00+00:00,958.0
Liechtenstein,2023-11-16 00:00:00+00:00,958.0
Liechtenstein,2023-11-19 00:00:00+00:00,955.0
Liechtenstein,2024-03-22 00:00:00+00:00,950.0
Liechtenstein,2024-03-26 00:00:00+00:00,958.0
Liechtenstein,2024-06-03 00:00:00+00:00,957.0
Liechtenstein,2024-06-07 00:00:00+00:00,967.0
Liechtenstein,2024-09-05 00:00:00+00:00,942.0
Liechtenstein,2024-09-08 00:00:00+00:00,953.0
Liechtenstein,2024-10-10 00:00:00+00:00,965.0
Liechtenstein,2024-10-13 00:00:00+00:00,965.0
Liechtenstein,2024-11-14 00:00:00+00:00,962.0
Liechtenstein,2024-11-18 00:00:00+00:00,913.0
Liechtenstein,2025-03-22 00:00:00+00:00,911.0
Liechtenstein,2025-03-25 00:00:00+00:00,906.0
Liechtenstein,2025-06-06 00:00:00+00:00,906.0
Liechtenstein,2025-06-09 00:00:00+00:00,905.0
Liechtenstein,2025-09-04 00:00:00+00:00,904.0
Liechtenstein,2025-09-07 00:00:00+00:00,903.0
Liechtenstein,2025-10-10 00:00:00+00:00,901.0
Liechtenstein,2025-10-13 00:00:00+00:00,901.0
Liechtenstein,2025-11-15 00:00:00+00:00,900.0
Liechtenstein,2025-11-18 00:00:00+00:00,900.0
Liechtenstein,2026-03-26 00:00:00+00:00,928.0
Liechtenstein,2026-03-29 00:00:00+00:00,904.0
Liechtenstein,2026-06-04 00:00:00+00:00,899.0
Liechtenstein,2026-06-07 00:00:00+00:00,895.0
Lithuania,2015-03-27 00:00:00+00:00,1463.0
Lithuania,2015-06-05 00:00:00+00:00,1457.0
Lithuania,2015-06-08 00:00:00+00:00,1436.0
Lithuania,2015-06-14 00:00:00+00:00,1429.0
Lithuania,2015-09-05 00:00:00+00:00,1417.0
Lithuania,2015-09-08 00:00:00+00:00,1418.0
Lithuania,2015-10-09 00:00:00+00:00,1432.0
Lithuania,2015-10-12 00:00:00+00:00,1426.0
Lithuania,2016-03-23 00:00:00+00:00,1425.0
Lithuania,2016-03-26 00:00:00+00:00,1423.0
Lithuania,2016-05-29 00:00:00+00:00,1444.0
Lithuania,2016-06-01 00:00:00+00:00,1434.0
Lithuania,2016-06-06 00:00:00+00:00,1443.0
Lithuania,2016-09-04 00:00:00+00:00,1447.0
Lithuania,2016-10-08 00:00:00+00:00,1463.0
Lithuania,2016-10-11 00:00:00+00:00,1471.0
Lithuania,2016-11-11 00:00:00+00:00,1463.0
Lithuania,2017-03-22 00:00:00+00:00,1459.0
Lithuania,2017-03-26 00:00:00+00:00,1457.0
Lithuania,2017-06-10 00:00:00+00:00,1447.0
Lithuania,2017-09-01 00:00:00+00:00,1425.0
Lithuania,2017-09-04 00:00:00+00:00,1414.0
Lithuania,2017-10-05 00:00:00+00:00,1409.0
Lithuania,2017-10-08 00:00:00+00:00,1406.0
Lithuania,2018-03-24 00:00:00+00:00,1396.0
Lithuania,2018-03-27 00:00:00+00:00,1411.0
Lithuania,2018-05-30 00:00:00+00:00,1400.0
Lithuania,2018-06-05 00:00:00+00:00,1394.0
Lithuania,2018-06-08 00:00:00+00:00,1392.0
Lithuania,2018-06-12 00:00:00+00:00,1390.0
Lithuania,2018-09-07 00:00:00+00:00,1384.0
Lithuania,2018-09-10 00:00:00+00:00,1376.0
Lithuania,2018-10-11 00:00:00+00:00,1368.0
Lithuania,2018-10-14 00:00:00+00:00,1345.0
Lithuania,2018-11-17 00:00:00+00:00,1341.0
Lithuania,2018-11-20 00:00:00+00:00,1338.0
Lithuania,2019-03-22 00:00:00+00:00,1324.0
Lithuania,2019-03-25 00:00:00+00:00,1329.0
Lithuania,2019-06-07 00:00:00+00:00,1325.0
Lithuania,2019-06-10 00:00:00+00:00,1323.0
Lithuania,2019-09-07 00:00:00+00:00,1317.0
Lithuania,2019-09-10 00:00:00+00:00,1315.0
Lithuania,2019-10-11 00:00:00+00:00,1313.0
Lithuania,2019-10-14 00:00:00+00:00,1309.0
Lithuania,2019-11-14 00:00:00+00:00,1308.0
Lithuania,2019-11-17 00:00:00+00:00,1321.0
Lithuania,2020-09-04 00:00:00+00:00,1286.0
Lithuania,2020-09-07 00:00:00+00:00,1322.0
Lithuania,2020-10-07 00:00:00+00:00,1344.0
Lithuania,2020-10-11 00:00:00+00:00,1347.0
Lithuania,2020-10-14 00:00:00+00:00,1352.0
Lithuania,2020-11-11 00:00:00+00:00,1357.0
Lithuania,2020-11-15 00:00:00+00:00,1345.0
Lithuania,2020-11-18 00:00:00+00:00,1371.0
Lithuania,2021-03-24 00:00:00+00:00,1363.0
Lithuania,2021-03-28 00:00:00+00:00,1362.0
Lithuania,2021-03-31 00:00:00+00:00,1359.0
Lithuania,2021-06-01 00:00:00+00:00,1340.0
Lithuania,2021-06-04 00:00:00+00:00,1319.0
Lithuania,2021-06-08 00:00:00+00:00,1319.0
Lithuania,2021-09-02 00:00:00+00:00,1298.0
Lithuania,2021-09-05 00:00:00+00:00,1293.0
Lithuania,2021-09-08 00:00:00+00:00,1292.0
Lithuania,2021-10-09 00:00:00+00:00,1334.0
Lithuania,2021-10-12 00:00:00+00:00,1330.0
Lithuania,2021-11-12 00:00:00+00:00,1325.0
Lithuania,2021-11-15 00:00:00+00:00,1323.0
Lithuania,2022-03-25 00:00:00+00:00,1325.0
Lithuania,2022-03-29 00:00:00+00:00,1324.0
Lithuania,2022-06-04 00:00:00+00:00,1291.0
Lithuania,2022-06-07 00:00:00+00:00,1280.0
Lithuania,2022-06-11 00:00:00+00:00,1263.0
Lithuania,2022-06-14 00:00:00+00:00,1261.0
Lithuania,2022-09-22 00:00:00+00:00,1255.0
Lithuania,2022-09-25 00:00:00+00:00,1248.0
Lithuania,2022-11-16 00:00:00+00:00,1256.0
Lithuania,2022-11-19 00:00:00+00:00,1248.0
Lithuania,2023-03-24 00:00:00+00:00,1247.0
Lithuania,2023-03-27 00:00:00+00:00,1256.0
Lithuania,2023-06-17 00:00:00+00:00,1263.0
Lithuania,2023-06-20 00:00:00+00:00,1262.0
Lithuania,2023-09-07 00:00:00+00:00,1272.0
Lithuania,2023-09-10 00:00:00+00:00,1268.0
Lithuania,2023-10-14 00:00:00+00:00,1320.0
Lithuania,2023-10-17 00:00:00+00:00,1337.0
Lithuania,2023-11-16 00:00:00+00:00,1328.0
Lithuania,2023-11-19 00:00:00+00:00,1320.0
Lithuania,2024-03-21 00:00:00+00:00,1327.0
Lithuania,2024-03-26 00:00:00+00:00,1331.0
Lithuania,2024-06-08 00:00:00+00:00,1360.0
Lithuania,2024-06-11 00:00:00+00:00,1356.0
Lithuania,2024-09-06 00:00:00+00:00,1328.0
Lithuania,2024-09-09 00:00:00+00:00,1324.0
Lithuania,2024-10-12 00:00:00+00:00,1309.0
Lithuania,2024-10-15 00:00:00+00:00,1303.0
Lithuania,2024-11-15 00:00:00+00:00,1288.0
Lithuania,2024-11-18 00:00:00+00:00,1284.0
Lithuania,2025-03-21 00:00:00+00:00,1282.0
Lithuania,2025-03-24 00:00:00+00:00,1291.0
Lithuania,2025-06-07 00:00:00+00:00,1295.0
Lithuania,2025-06-10 00:00:00+00:00,1294.0
Lithuania,2025-09-04 00:00:00+00:00,1286.0
Lithuania,2025-09-07 00:00:00+00:00,1285.0
Lithuania,2025-10-09 00:00:00+00:00,1280.0
Lithuania,2025-10-12 00:00:00+00:00,1272.0
Lithuania,2025-11-13 00:00:00+00:00,1278.0
Lithuania,2025-11-17 00:00:00+00:00,1277.0
Lithuania,2026-03-26 00:00:00+00:00,1297.0
Lithuania,2026-03-29 00:00:00+00:00,1291.0
Lithuania,2026-06-06 00:00:00+00:00,1287.0
Lithuania,2026-06-09 00:00:00+00:00,1279.0
Luxembourg,2015-03-27 00:00:00+00:00,1223.0
Luxembourg,2015-03-31 00:00:00+00:00,1221.0
Luxembourg,2015-06-09 00:00:00+00:00,1223.0
Luxembourg,2015-06-14 00:00:00+00:00,1222.0
Luxembourg,2015-09-05 00:00:00+00:00,1250.0
Luxembourg,2015-09-08 00:00:00+00:00,1245.0
Luxembourg,2015-10-09 00:00:00+00:00,1244.0
Luxembourg,2015-10-12 00:00:00+00:00,1238.0
Luxembourg,2015-11-13 00:00:00+00:00,1255.0
Luxembourg,2015-11-17 00:00:00+00:00,1254.0
Luxembourg,2016-03-25 00:00:00+00:00,1250.0
Luxembourg,2016-03-29 00:00:00+00:00,1244.0
Luxembourg,2016-05-31 00:00:00+00:00,1239.0
Luxembourg,2016-09-02 00:00:00+00:00,1235.0
Luxembourg,2016-09-06 00:00:00+00:00,1232.0
Luxembourg,2016-10-07 00:00:00+00:00,1228.0
Luxembourg,2016-10-10 00:00:00+00:00,1246.0
Luxembourg,2016-11-13 00:00:00+00:00,1243.0
Luxembourg,2017-03-25 00:00:00+00:00,1242.0
Luxembourg,2017-03-28 00:00:00+00:00,1231.0
Luxembourg,2017-06-04 00:00:00+00:00,1247.0
Luxembourg,2017-06-09 00:00:00+00:00,1246.0
Luxembourg,2017-08-31 00:00:00+00:00,1278.0
Luxembourg,2017-09-03 00:00:00+00:00,1298.0
Luxembourg,2017-10-07 00:00:00+00:00,1295.0
Luxembourg,2017-10-10 00:00:00+00:00,1306.0
Luxembourg,2017-11-09 00:00:00+00:00,1321.0
Luxembourg,2018-03-22 00:00:00+00:00,1331.0
Luxembourg,2018-03-27 00:00:00+00:00,1325.0
Luxembourg,2018-05-31 00:00:00+00:00,1332.0
Luxembourg,2018-06-05 00:00:00+00:00,1344.0
Luxembourg,2018-09-08 00:00:00+00:00,1369.0
Luxembourg,2018-09-11 00:00:00+00:00,1375.0
Luxembourg,2018-10-12 00:00:00+00:00,1367.0
Luxembourg,2018-10-15 00:00:00+00:00,1369.0
Luxembourg,2018-11-15 00:00:00+00:00,1342.0
Luxembourg,2018-11-18 00:00:00+00:00,1347.0
Luxembourg,2019-03-22 00:00:00+00:00,1361.0
Luxembourg,2019-03-25 00:00:00+00:00,1356.0
Luxembourg,2019-06-02 00:00:00+00:00,1353.0
Luxembourg,2019-06-07 00:00:00+00:00,1357.0
Luxembourg,2019-06-10 00:00:00+00:00,1356.0
Luxembourg,2019-09-05 00:00:00+00:00,1354.0
Luxembourg,2019-09-10 00:00:00+00:00,1346.0
Luxembourg,2019-10-11 00:00:00+00:00,1345.0
Luxembourg,2019-10-15 00:00:00+00:00,1344.0
Luxembourg,2019-11-14 00:00:00+00:00,1342.0
Luxembourg,2019-11-17 00:00:00+00:00,1339.0
Luxembourg,2020-09-05 00:00:00+00:00,1366.0
Luxembourg,2020-09-08 00:00:00+00:00,1351.0
Luxembourg,2020-10-07 00:00:00+00:00,1334.0
Luxembourg,2020-10-10 00:00:00+00:00,1356.0
Luxembourg,2020-10-13 00:00:00+00:00,1390.0
Luxembourg,2020-11-11 00:00:00+00:00,1385.0
Luxembourg,2020-11-14 00:00:00+00:00,1367.0
Luxembourg,2020-11-17 00:00:00+00:00,1362.0
Luxembourg,2021-03-24 00:00:00+00:00,1359.0
Luxembourg,2021-03-27 00:00:00+00:00,1395.0
Luxembourg,2021-03-30 00:00:00+00:00,1392.0
Luxembourg,2021-06-02 00:00:00+00:00,1390.0
Luxembourg,2021-06-06 00:00:00+00:00,1385.0
Luxembourg,2021-09-01 00:00:00+00:00,1399.0
Luxembourg,2021-09-04 00:00:00+00:00,1395.0
Luxembourg,2021-09-07 00:00:00+00:00,1400.0
Luxembourg,2021-10-09 00:00:00+00:00,1394.0
Luxembourg,2021-10-12 00:00:00+00:00,1393.0
Luxembourg,2021-11-11 00:00:00+00:00,1428.0
Luxembourg,2021-11-14 00:00:00+00:00,1406.0
Luxembourg,2022-03-25 00:00:00+00:00,1395.0
Luxembourg,2022-03-29 00:00:00+00:00,1392.0
Luxembourg,2022-06-04 00:00:00+00:00,1425.0
Luxembourg,2022-06-07 00:00:00+00:00,1440.0
Luxembourg,2022-06-11 00:00:00+00:00,1425.0
Luxembourg,2022-06-14 00:00:00+00:00,1412.0
Luxembourg,2022-09-22 00:00:00+00:00,1429.0
Luxembourg,2022-09-25 00:00:00+00:00,1436.0
Luxembourg,2022-11-17 00:00:00+00:00,1443.0
Luxembourg,2022-11-20 00:00:00+00:00,1442.0
Luxembourg,2023-03-23 00:00:00+00:00,1454.0
Luxembourg,2023-03-26 00:00:00+00:00,1448.0
Luxembourg,2023-06-09 00:00:00+00:00,1431.0
Luxembourg,2023-06-17 00:00:00+00:00,1433.0
Luxembourg,2023-06-20 00:00:00+00:00,1483.0
Luxembourg,2023-09-08 00:00:00+00:00,1506.0
Luxembourg,2023-09-11 00:00:00+00:00,1503.0
Luxembourg,2023-10-13 00:00:00+00:00,1508.0
Luxembourg,2023-10-16 00:00:00+00:00,1488.0
Luxembourg,2023-11-16 00:00:00+00:00,1517.0
Luxembourg,2023-11-19 00:00:00+00:00,1520.0
Luxembourg,2024-03-21 00:00:00+00:00,1507.0
Luxembourg,2024-03-26 00:00:00+00:00,1513.0
Luxembourg,2024-06-05 00:00:00+00:00,1512.0
Luxembourg,2024-06-08 00:00:00+00:00,1511.0
Luxembourg,2024-09-05 00:00:00+00:00,1490.0
Luxembourg,2024-09-08 00:00:00+00:00,1462.0
Luxembourg,2024-10-12 00:00:00+00:00,1470.0
Luxembourg,2024-10-15 00:00:00+00:00,1470.0
Luxembourg,2024-11-15 00:00:00+00:00,1444.0
Luxembourg,2024-11-18 00:00:00+00:00,1445.0
Luxembourg,2025-03-22 00:00:00+00:00,1460.0
Luxembourg,2025-03-25 00:00:00+00:00,1458.0
Luxembourg,2025-06-06 00:00:00+00:00,1453.0
Luxembourg,2025-06-10 00:00:00+00:00,1455.0
Luxembourg,2025-09-04 00:00:00+00:00,1426.0
Luxembourg,2025-09-07 00:00:00+00:00,1416.0
Luxembourg,2025-10-10 00:00:00+00:00,1413.0
Luxembourg,2025-10-13 00:00:00+00:00,1407.0
Luxembourg,2025-11-14 00:00:00+00:00,1401.0
Luxembourg,2025-11-17 00:00:00+00:00,1395.0
Luxembourg,2026-03-26 00:00:00+00:00,1424.0
Luxembourg,2026-03-31 00:00:00+00:00,1436.0
Luxembourg,2026-06-03 00:00:00+00:00,1433.0
Luxembourg,2026-06-06 00:00:00+00:00,1450.0
Malta,2015-03-25 00:00:00+00:00,1233.0
Malta,2015-03-28 00:00:00+00:00,1223.0
Malta,2015-06-08 00:00:00+00:00,1244.0
Malta,2015-06-12 00:00:00+00:00,1237.0
Malta,2015-09-03 00:00:00+00:00,1236.0
Malta,2015-09-06 00:00:00+00:00,1242.0
Malta,2015-10-10 00:00:00+00:00,1239.0
Malta,2015-10-13 00:00:00+00:00,1236.0
Malta,2015-11-11 00:00:00+00:00,1232.0
Malta,2016-03-24 00:00:00+00:00,1233.0
Malta,2016-05-27 00:00:00+00:00,1231.0
Malta,2016-05-31 00:00:00+00:00,1231.0
Malta,2016-08-31 00:00:00+00:00,1238.0
Malta,2016-09-04 00:00:00+00:00,1230.0
Malta,2016-10-08 00:00:00+00:00,1229.0
Malta,2016-10-11 00:00:00+00:00,1221.0
Malta,2016-11-11 00:00:00+00:00,1216.0
Malta,2016-11-15 00:00:00+00:00,1214.0
Malta,2017-03-26 00:00:00+00:00,1210.0
Malta,2017-06-06 00:00:00+00:00,1229.0
Malta,2017-06-10 00:00:00+00:00,1226.0
Malta,2017-09-01 00:00:00+00:00,1223.0
Malta,2017-09-04 00:00:00+00:00,1221.0
Malta,2017-10-05 00:00:00+00:00,1226.0
Malta,2017-10-08 00:00:00+00:00,1224.0
Malta,2017-11-12 00:00:00+00:00,1214.0
Malta,2018-03-22 00:00:00+00:00,1204.0
Malta,2018-03-26 00:00:00+00:00,1200.0
Malta,2018-05-29 00:00:00+00:00,1206.0
Malta,2018-06-01 00:00:00+00:00,1203.0
Malta,2018-09-07 00:00:00+00:00,1188.0
Malta,2018-09-10 00:00:00+00:00,1194.0
Malta,2018-10-11 00:00:00+00:00,1187.0
Malta,2018-10-14 00:00:00+00:00,1202.0
Malta,2018-11-17 00:00:00+00:00,1178.0
Malta,2018-11-20 00:00:00+00:00,1177.0
Malta,2019-03-23 00:00:00+00:00,1196.0
Malta,2019-03-26 00:00:00+00:00,1195.0
Malta,2019-06-07 00:00:00+00:00,1194.0
Malta,2019-06-10 00:00:00+00:00,1189.0
Malta,2019-09-05 00:00:00+00:00,1187.0
Malta,2019-09-08 00:00:00+00:00,1186.0
Malta,2019-10-12 00:00:00+00:00,1183.0
Malta,2019-10-15 00:00:00+00:00,1170.0
Malta,2019-11-15 00:00:00+00:00,1170.0
Malta,2019-11-18 00:00:00+00:00,1167.0
Malta,2020-09-03 00:00:00+00:00,1156.0
Malta,2020-09-06 00:00:00+00:00,1155.0
Malta,2020-10-07 00:00:00+00:00,1163.0
Malta,2020-10-10 00:00:00+00:00,1165.0
Malta,2020-10-13 00:00:00+00:00,1195.0
Malta,2020-11-11 00:00:00+00:00,1204.0
Malta,2020-11-14 00:00:00+00:00,1217.0
Malta,2020-11-17 00:00:00+00:00,1214.0
Malta,2021-03-24 00:00:00+00:00,1209.0
Malta,2021-03-27 00:00:00+00:00,1227.0
Malta,2021-03-30 00:00:00+00:00,1226.0
Malta,2021-05-30 00:00:00+00:00,1222.0
Malta,2021-06-04 00:00:00+00:00,1218.0
Malta,2021-09-01 00:00:00+00:00,1258.0
Malta,2021-09-04 00:00:00+00:00,1255.0
Malta,2021-09-07 00:00:00+00:00,1253.0
Malta,2021-10-08 00:00:00+00:00,1239.0
Malta,2021-10-11 00:00:00+00:00,1248.0
Malta,2021-11-11 00:00:00+00:00,1243.0
Malta,2021-11-14 00:00:00+00:00,1231.0
Malta,2022-03-25 00:00:00+00:00,1241.0
Malta,2022-03-29 00:00:00+00:00,1257.0
Malta,2022-06-01 00:00:00+00:00,1254.0
Malta,2022-06-05 00:00:00+00:00,1261.0
Malta,2022-06-09 00:00:00+00:00,1242.0
Malta,2022-06-12 00:00:00+00:00,1244.0
Malta,2022-09-23 00:00:00+00:00,1237.0
Malta,2022-09-27 00:00:00+00:00,1254.0
Malta,2022-11-17 00:00:00+00:00,1262.0
Malta,2022-11-20 00:00:00+00:00,1259.0
Malta,2023-03-23 00:00:00+00:00,1255.0
Malta,2023-03-26 00:00:00+00:00,1253.0
Malta,2023-06-09 00:00:00+00:00,1270.0
Malta,2023-06-16 00:00:00+00:00,1268.0
Malta,2023-06-19 00:00:00+00:00,1266.0
Malta,2023-09-06 00:00:00+00:00,1269.0
Malta,2023-09-12 00:00:00+00:00,1253.0
Malta,2023-10-14 00:00:00+00:00,1252.0
Malta,2023-10-17 00:00:00+00:00,1249.0
Malta,2023-11-17 00:00:00+00:00,1249.0
Malta,2024-03-21 00:00:00+00:00,1257.0
Malta,2024-03-26 00:00:00+00:00,1260.0
Malta,2024-06-07 00:00:00+00:00,1258.0
Malta,2024-06-11 00:00:00+00:00,1256.0
Malta,2024-09-07 00:00:00+00:00,1241.0
Malta,2024-09-10 00:00:00+00:00,1259.0
Malta,2024-10-13 00:00:00+00:00,1280.0
Malta,2024-11-14 00:00:00+00:00,1283.0
Malta,2024-11-19 00:00:00+00:00,1269.0
Malta,2025-03-21 00:00:00+00:00,1258.0
Malta,2025-03-24 00:00:00+00:00,1255.0
Malta,2025-06-07 00:00:00+00:00,1251.0
Malta,2025-06-10 00:00:00+00:00,1250.0
Malta,2025-09-04 00:00:00+00:00,1258.0
Malta,2025-09-09 00:00:00+00:00,1259.0
Malta,2025-10-09 00:00:00+00:00,1257.0
Malta,2025-10-12 00:00:00+00:00,1247.0
Malta,2025-11-14 00:00:00+00:00,1283.0
Malta,2025-11-17 00:00:00+00:00,1278.0
Malta,2026-03-26 00:00:00+00:00,1249.0
Malta,2026-03-31 00:00:00+00:00,1237.0
Malta,2026-06-01 00:00:00+00:00,1236.0
Malta,2026-06-05 00:00:00+00:00,1255.0
Moldova,2015-02-18 00:00:00+00:00,1408.0
Moldova,2015-03-27 00:00:00+00:00,1398.0
Moldova,2015-06-09 00:00:00+00:00,1396.0
Moldova,2015-06-14 00:00:00+00:00,1391.0
Moldova,2015-09-05 00:00:00+00:00,1388.0
Moldova,2015-09-08 00:00:00+00:00,1366.0
Moldova,2015-10-09 00:00:00+00:00,1360.0
Moldova,2015-10-12 00:00:00+00:00,1357.0
Moldova,2015-11-17 00:00:00+00:00,1351.0
Moldova,2016-03-24 00:00:00+00:00,1350.0
Moldova,2016-03-28 00:00:00+00:00,1352.0
Moldova,2016-05-27 00:00:00+00:00,1351.0
Moldova,2016-06-03 00:00:00+00:00,1350.0
Moldova,2016-09-05 00:00:00+00:00,1347.0
Moldova,2016-10-06 00:00:00+00:00,1335.0
Moldova,2016-10-09 00:00:00+00:00,1327.0
Moldova,2016-11-12 00:00:00+00:00,1340.0
Moldova,2017-01-17 00:00:00+00:00,1347.0
Moldova,2017-03-19 00:00:00+00:00,1350.0
Moldova,2017-03-24 00:00:00+00:00,1345.0
Moldova,2017-03-27 00:00:00+00:00,1344.0
Moldova,2017-06-06 00:00:00+00:00,1352.0
Moldova,2017-06-11 00:00:00+00:00,1353.0
Moldova,2017-09-02 00:00:00+00:00,1349.0
Moldova,2017-09-05 00:00:00+00:00,1341.0
Moldova,2017-10-06 00:00:00+00:00,1338.0
Moldova,2017-10-09 00:00:00+00:00,1330.0
Moldova,2018-01-27 00:00:00+00:00,1328.0
Moldova,2018-01-30 00:00:00+00:00,1330.0
Moldova,2018-02-26 00:00:00+00:00,1326.0
Moldova,2018-03-27 00:00:00+00:00,1322.0
Moldova,2018-06-04 00:00:00+00:00,1326.0
Moldova,2018-09-08 00:00:00+00:00,1301.0
Moldova,2018-09-11 00:00:00+00:00,1308.0
Moldova,2018-10-12 00:00:00+00:00,1310.0
Moldova,2018-10-15 00:00:00+00:00,1324.0
Moldova,2018-11-15 00:00:00+00:00,1328.0
Moldova,2018-11-18 00:00:00+00:00,1323.0
Moldova,2019-02-21 00:00:00+00:00,1313.0
Moldova,2019-03-22 00:00:00+00:00,1312.0
Moldova,2019-03-25 00:00:00+00:00,1308.0
Moldova,2019-06-08 00:00:00+00:00,1313.0
Moldova,2019-06-11 00:00:00+00:00,1303.0
Moldova,2019-09-07 00:00:00+00:00,1299.0
Moldova,2019-09-10 00:00:00+00:00,1291.0
Moldova,2019-10-11 00:00:00+00:00,1264.0
Moldova,2019-10-14 00:00:00+00:00,1244.0
Moldova,2019-11-14 00:00:00+00:00,1244.0
Moldova,2019-11-17 00:00:00+00:00,1239.0
Moldova,2020-01-09 00:00:00+00:00,1238.0
Moldova,2020-09-03 00:00:00+00:00,1253.0
Moldova,2020-09-06 00:00:00+00:00,1250.0
Moldova,2020-10-07 00:00:00+00:00,1250.0
Moldova,2020-10-11 00:00:00+00:00,1246.0
Moldova,2020-10-14 00:00:00+00:00,1232.0
Moldova,2020-11-12 00:00:00+00:00,1241.0
Moldova,2020-11-15 00:00:00+00:00,1231.0
Moldova,2020-11-18 00:00:00+00:00,1226.0
Moldova,2021-03-25 00:00:00+00:00,1222.0
Moldova,2021-03-28 00:00:00+00:00,1221.0
Moldova,2021-03-31 00:00:00+00:00,1208.0
Moldova,2021-06-03 00:00:00+00:00,1207.0
Moldova,2021-06-06 00:00:00+00:00,1219.0
Moldova,2021-09-01 00:00:00+00:00,1215.0
Moldova,2021-09-04 00:00:00+00:00,1213.0
Moldova,2021-09-07 00:00:00+00:00,1200.0
Moldova,2021-10-09 00:00:00+00:00,1199.0
Moldova,2021-10-12 00:00:00+00:00,1197.0
Moldova,2021-11-12 00:00:00+00:00,1191.0
Moldova,2021-11-15 00:00:00+00:00,1189.0
Moldova,2022-01-18 00:00:00+00:00,1186.0
Moldova,2022-01-21 00:00:00+00:00,1185.0
Moldova,2022-03-24 00:00:00+00:00,1169.0
Moldova,2022-03-29 00:00:00+00:00,1203.0
Moldova,2022-06-03 00:00:00+00:00,1231.0
Moldova,2022-06-06 00:00:00+00:00,1227.0
Moldova,2022-06-10 00:00:00+00:00,1199.0
Moldova,2022-06-14 00:00:00+00:00,1208.0
Moldova,2022-09-22 00:00:00+00:00,1241.0
Moldova,2022-09-25 00:00:00+00:00,1248.0
Moldova,2022-11-16 00:00:00+00:00,1239.0
Moldova,2022-11-20 00:00:00+00:00,1232.0
Moldova,2023-03-24 00:00:00+00:00,1231.0
Moldova,2023-03-27 00:00:00+00:00,1248.0
Moldova,2023-06-17 00:00:00+00:00,1242.0
Moldova,2023-06-20 00:00:00+00:00,1279.0
Moldova,2023-09-07 00:00:00+00:00,1288.0
Moldova,2023-09-10 00:00:00+00:00,1313.0
Moldova,2023-10-12 00:00:00+00:00,1311.0
Moldova,2023-10-15 00:00:00+00:00,1329.0
Moldova,2023-11-17 00:00:00+00:00,1341.0
Moldova,2023-11-20 00:00:00+00:00,1338.0
Moldova,2024-03-22 00:00:00+00:00,1344.0
Moldova,2024-03-26 00:00:00+00:00,1346.0
Moldova,2024-06-08 00:00:00+00:00,1352.0
Moldova,2024-06-11 00:00:00+00:00,1349.0
Moldova,2024-09-07 00:00:00+00:00,1364.0
Moldova,2024-09-10 00:00:00+00:00,1364.0
Moldova,2024-10-10 00:00:00+00:00,1370.0
Moldova,2024-10-13 00:00:00+00:00,1349.0
Moldova,2024-11-16 00:00:00+00:00,1360.0
Moldova,2024-11-19 00:00:00+00:00,1355.0
Moldova,2025-03-22 00:00:00+00:00,1346.0
Moldova,2025-03-25 00:00:00+00:00,1322.0
Moldova,2025-06-06 00:00:00+00:00,1320.0
Moldova,2025-06-09 00:00:00+00:00,1319.0
Moldova,2025-09-05 00:00:00+00:00,1302.0
Moldova,2025-09-09 00:00:00+00:00,1300.0
Moldova,2025-10-09 00:00:00+00:00,1299.0
Moldova,2025-10-14 00:00:00+00:00,1307.0
Moldova,2025-11-13 00:00:00+00:00,1304.0
Moldova,2025-11-16 00:00:00+00:00,1288.0
Moldova,2026-03-26 00:00:00+00:00,1268.0
Moldova,2026-03-30 00:00:00+00:00,1262.0
Moldova,2026-06-05 00:00:00+00:00,1265.0
Moldova,2026-06-09 00:00:00+00:00,1270.0
Montenegro,2015-03-27 00:00:00+00:00,1598.0
Montenegro,2015-06-08 00:00:00+00:00,1594.0
Montenegro,2015-06-14 00:00:00+00:00,1585.0
Montenegro,2015-09-05 00:00:00+00:00,1589.0
Montenegro,2015-09-08 00:00:00+00:00,1611.0
Montenegro,2015-10-09 00:00:00+00:00,1596.0
Montenegro,2015-10-12 00:00:00+00:00,1586.0
Montenegro,2015-11-12 00:00:00+00:00,1566.0
Montenegro,2016-03-24 00:00:00+00:00,1560.0
Montenegro,2016-03-29 00:00:00+00:00,1558.0
Montenegro,2016-05-29 00:00:00+00:00,1556.0
Montenegro,2016-09-04 00:00:00+00:00,1569.0
Montenegro,2016-10-08 00:00:00+00:00,1584.0
Montenegro,2016-10-11 00:00:00+00:00,1617.0
Montenegro,2016-11-11 00:00:00+00:00,1595.0
Montenegro,2017-03-26 00:00:00+00:00,1583.0
Montenegro,2017-06-04 00:00:00+00:00,1576.0
Montenegro,2017-06-10 00:00:00+00:00,1596.0
Montenegro,2017-09-01 00:00:00+00:00,1619.0
Montenegro,2017-09-04 00:00:00+00:00,1637.0
Montenegro,2017-10-05 00:00:00+00:00,1620.0
Montenegro,2017-10-08 00:00:00+00:00,1612.0
Montenegro,2018-03-23 00:00:00+00:00,1609.0
Montenegro,2018-03-27 00:00:00+00:00,1609.0
Montenegro,2018-05-28 00:00:00+00:00,1615.0
Montenegro,2018-06-02 00:00:00+00:00,1595.0
Montenegro,2018-09-07 00:00:00+00:00,1607.0
Montenegro,2018-09-10 00:00:00+00:00,1615.0
Montenegro,2018-10-11 00:00:00+00:00,1590.0
Montenegro,2018-10-14 00:00:00+00:00,1613.0
Montenegro,2018-11-17 00:00:00+00:00,1607.0
Montenegro,2018-11-20 00:00:00+00:00,1588.0
Montenegro,2019-03-22 00:00:00+00:00,1596.0
Montenegro,2019-03-25 00:00:00+00:00,1583.0
Montenegro,2019-06-07 00:00:00+00:00,1573.0
Montenegro,2019-06-10 00:00:00+00:00,1560.0
Montenegro,2019-09-05 00:00:00+00:00,1570.0
Montenegro,2019-09-10 00:00:00+00:00,1539.0
Montenegro,2019-10-11 00:00:00+00:00,1535.0
Montenegro,2019-10-14 00:00:00+00:00,1516.0
Montenegro,2019-11-14 00:00:00+00:00,1512.0
Montenegro,2019-11-19 00:00:00+00:00,1522.0
Montenegro,2020-09-05 00:00:00+00:00,1550.0
Montenegro,2020-09-08 00:00:00+00:00,1565.0
Montenegro,2020-10-07 00:00:00+00:00,1557.0
Montenegro,2020-10-10 00:00:00+00:00,1567.0
Montenegro,2020-10-13 00:00:00+00:00,1533.0
Montenegro,2020-11-11 00:00:00+00:00,1526.0
Montenegro,2020-11-14 00:00:00+00:00,1518.0
Montenegro,2020-11-17 00:00:00+00:00,1530.0
Montenegro,2021-03-24 00:00:00+00:00,1541.0
Montenegro,2021-03-27 00:00:00+00:00,1544.0
Montenegro,2021-03-30 00:00:00+00:00,1529.0
Montenegro,2021-06-02 00:00:00+00:00,1534.0
Montenegro,2021-06-05 00:00:00+00:00,1517.0
Montenegro,2021-09-01 00:00:00+00:00,1531.0
Montenegro,2021-09-04 00:00:00+00:00,1527.0
Montenegro,2021-09-07 00:00:00+00:00,1512.0
Montenegro,2021-10-08 00:00:00+00:00,1521.0
Montenegro,2021-10-11 00:00:00+00:00,1513.0
Montenegro,2021-11-13 00:00:00+00:00,1528.0
Montenegro,2021-11-16 00:00:00+00:00,1513.0
Montenegro,2022-03-24 00:00:00+00:00,1505.0
Montenegro,2022-03-28 00:00:00+00:00,1517.0
Montenegro,2022-06-04 00:00:00+00:00,1550.0
Montenegro,2022-06-07 00:00:00+00:00,1538.0
Montenegro,2022-06-11 00:00:00+00:00,1537.0
Montenegro,2022-06-14 00:00:00+00:00,1589.0
Montenegro,2022-09-23 00:00:00+00:00,1577.0
Montenegro,2022-09-26 00:00:00+00:00,1545.0
Montenegro,2022-11-17 00:00:00+00:00,1543.0
Montenegro,2022-11-20 00:00:00+00:00,1539.0
Montenegro,2023-03-24 00:00:00+00:00,1564.0
Montenegro,2023-03-27 00:00:00+00:00,1549.0
Montenegro,2023-06-17 00:00:00+00:00,1559.0
Montenegro,2023-06-20 00:00:00+00:00,1548.0
Montenegro,2023-09-07 00:00:00+00:00,1538.0
Montenegro,2023-09-10 00:00:00+00:00,1550.0
Montenegro,2023-10-12 00:00:00+00:00,1553.0
Montenegro,2023-10-17 00:00:00+00:00,1546.0
Montenegro,2023-11-16 00:00:00+00:00,1555.0
Montenegro,2023-11-19 00:00:00+00:00,1549.0
Montenegro,2024-03-21 00:00:00+00:00,1561.0
Montenegro,2024-03-25 00:00:00+00:00,1571.0
Montenegro,2024-06-05 00:00:00+00:00,1570.0
Montenegro,2024-06-09 00:00:00+00:00,1554.0
Montenegro,2024-09-06 00:00:00+00:00,1533.0
Montenegro,2024-09-09 00:00:00+00:00,1516.0
Montenegro,2024-10-11 00:00:00+00:00,1512.0
Montenegro,2024-10-14 00:00:00+00:00,1506.0
Montenegro,2024-11-16 00:00:00+00:00,1472.0
Montenegro,2024-11-19 00:00:00+00:00,1521.0
Montenegro,2025-03-22 00:00:00+00:00,1523.0
Montenegro,2025-03-25 00:00:00+00:00,1528.0
Montenegro,2025-06-06 00:00:00+00:00,1520.0
Montenegro,2025-06-09 00:00:00+00:00,1514.0
Montenegro,2025-09-05 00:00:00+00:00,1495.0
Montenegro,2025-09-08 00:00:00+00:00,1492.0
Montenegro,2025-10-09 00:00:00+00:00,1443.0
Montenegro,2025-10-13 00:00:00+00:00,1443.0
Montenegro,2025-11-14 00:00:00+00:00,1448.0
Montenegro,2025-11-17 00:00:00+00:00,1444.0
Montenegro,2026-03-27 00:00:00+00:00,1446.0
Montenegro,2026-03-31 00:00:00+00:00,1440.0
Montenegro,2026-06-01 00:00:00+00:00,1454.0
Montenegro,2026-06-05 00:00:00+00:00,1461.0
Netherlands,2015-03-28 00:00:00+00:00,2012.0
Netherlands,2015-03-31 00:00:00+00:00,2021.0
Netherlands,2015-06-05 00:00:00+00:00,2004.0
Netherlands,2015-06-12 00:00:00+00:00,2009.0
Netherlands,2015-09-03 00:00:00+00:00,1972.0
Netherlands,2015-09-06 00:00:00+00:00,1921.0
Netherlands,2015-10-10 00:00:00+00:00,1924.0
Netherlands,2015-10-13 00:00:00+00:00,1890.0
Netherlands,2015-11-13 00:00:00+00:00,1897.0
Netherlands,2016-03-25 00:00:00+00:00,1886.0
Netherlands,2016-03-29 00:00:00+00:00,1901.0
Netherlands,2016-05-27 00:00:00+00:00,1900.0
Netherlands,2016-06-01 00:00:00+00:00,1910.0
Netherlands,2016-06-04 00:00:00+00:00,1924.0
Netherlands,2016-09-01 00:00:00+00:00,1906.0
Netherlands,2016-09-06 00:00:00+00:00,1902.0
Netherlands,2016-10-07 00:00:00+00:00,1909.0
Netherlands,2016-10-10 00:00:00+00:00,1888.0
Netherlands,2016-11-09 00:00:00+00:00,1885.0
Netherlands,2016-11-13 00:00:00+00:00,1888.0
Netherlands,2017-03-25 00:00:00+00:00,1842.0
Netherlands,2017-03-28 00:00:00+00:00,1832.0
Netherlands,2017-05-31 00:00:00+00:00,1839.0
Netherlands,2017-06-04 00:00:00+00:00,1847.0
Netherlands,2017-06-09 00:00:00+00:00,1848.0
Netherlands,2017-08-31 00:00:00+00:00,1832.0
Netherlands,2017-09-03 00:00:00+00:00,1841.0
Netherlands,2017-10-07 00:00:00+00:00,1854.0
Netherlands,2017-10-10 00:00:00+00:00,1872.0
Netherlands,2017-11-09 00:00:00+00:00,1881.0
Netherlands,2017-11-14 00:00:00+00:00,1895.0
Netherlands,2018-03-23 00:00:00+00:00,1883.0
Netherlands,2018-03-26 00:00:00+00:00,1906.0
Netherlands,2018-05-31 00:00:00+00:00,1905.0
Netherlands,2018-06-04 00:00:00+00:00,1907.0
Netherlands,2018-09-06 00:00:00+00:00,1914.0
Netherlands,2018-09-09 00:00:00+00:00,1908.0
Netherlands,2018-10-13 00:00:00+00:00,1939.0
Netherlands,2018-10-16 00:00:00+00:00,1945.0
Netherlands,2018-11-16 00:00:00+00:00,1982.0
Netherlands,2018-11-19 00:00:00+00:00,1985.0
Netherlands,2019-03-21 00:00:00+00:00,1988.0
Netherlands,2019-03-24 00:00:00+00:00,1960.0
Netherlands,2019-06-06 00:00:00+00:00,2000.0
Netherlands,2019-06-09 00:00:00+00:00,1979.0
Netherlands,2019-09-06 00:00:00+00:00,2017.0
Netherlands,2019-09-09 00:00:00+00:00,2021.0
Netherlands,2019-10-10 00:00:00+00:00,2025.0
Netherlands,2019-10-13 00:00:00+00:00,2028.0
Netherlands,2019-11-16 00:00:00+00:00,2015.0
Netherlands,2019-11-19 00:00:00+00:00,2017.0
Netherlands,2020-09-04 00:00:00+00:00,2022.0
Netherlands,2020-09-07 00:00:00+00:00,1993.0
Netherlands,2020-10-07 00:00:00+00:00,1978.0
Netherlands,2020-10-11 00:00:00+00:00,1967.0
Netherlands,2020-10-14 00:00:00+00:00,1973.0
Netherlands,2020-11-11 00:00:00+00:00,1972.0
Netherlands,2020-11-15 00:00:00+00:00,1977.0
Netherlands,2020-11-18 00:00:00+00:00,1994.0
Netherlands,2021-03-24 00:00:00+00:00,1952.0
Netherlands,2021-03-27 00:00:00+00:00,1953.0
Netherlands,2021-03-30 00:00:00+00:00,1954.0
Netherlands,2021-06-02 00:00:00+00:00,1947.0
Netherlands,2021-06-06 00:00:00+00:00,1949.0
Netherlands,2021-06-13 00:00:00+00:00,1959.0
Netherlands,2021-06-17 00:00:00+00:00,1971.0
Netherlands,2021-06-21 00:00:00+00:00,1976.0
Netherlands,2021-06-27 00:00:00+00:00,1921.0
Netherlands,2021-09-01 00:00:00+00:00,1916.0
Netherlands,2021-09-04 00:00:00+00:00,1920.0
Netherlands,2021-09-07 00:00:00+00:00,1932.0
Netherlands,2021-10-08 00:00:00+00:00,1934.0
Netherlands,2021-10-11 00:00:00+00:00,1934.0
Netherlands,2021-11-13 00:00:00+00:00,1919.0
Netherlands,2021-11-16 00:00:00+00:00,1929.0
Netherlands,2022-03-26 00:00:00+00:00,1940.0
Netherlands,2022-03-29 00:00:00+00:00,1938.0
Netherlands,2022-06-03 00:00:00+00:00,1993.0
Netherlands,2022-06-08 00:00:00+00:00,2010.0
Netherlands,2022-06-11 00:00:00+00:00,1996.0
Netherlands,2022-06-14 00:00:00+00:00,2003.0
Netherlands,2022-09-22 00:00:00+00:00,2025.0
Netherlands,2022-09-25 00:00:00+00:00,2040.0
Netherlands,2022-11-21 00:00:00+00:00,2050.0
Netherlands,2022-11-25 00:00:00+00:00,2036.0
Netherlands,2022-11-29 00:00:00+00:00,2047.0
Netherlands,2022-12-03 00:00:00+00:00,2068.0
Netherlands,2022-12-09 00:00:00+00:00,2073.0
Netherlands,2023-03-24 00:00:00+00:00,2047.0
Netherlands,2023-03-27 00:00:00+00:00,2047.0
Netherlands,2023-06-14 00:00:00+00:00,1991.0
Netherlands,2023-06-18 00:00:00+00:00,1955.0
Netherlands,2023-09-07 00:00:00+00:00,1963.0
Netherlands,2023-09-10 00:00:00+00:00,1972.0
Netherlands,2023-10-13 00:00:00+00:00,1954.0
Netherlands,2023-10-16 00:00:00+00:00,1967.0
Netherlands,2023-11-18 00:00:00+00:00,1970.0
Netherlands,2023-11-21 00:00:00+00:00,1970.0
Netherlands,2024-03-22 00:00:00+00:00,1977.0
Netherlands,2024-03-26 00:00:00+00:00,1968.0
Netherlands,2024-06-06 00:00:00+00:00,1972.0
Netherlands,2024-06-10 00:00:00+00:00,1974.0
Netherlands,2024-06-16 00:00:00+00:00,1985.0
Netherlands,2024-06-21 00:00:00+00:00,1992.0
Netherlands,2024-06-25 00:00:00+00:00,1959.0
Netherlands,2024-07-02 00:00:00+00:00,1975.0
Netherlands,2024-07-06 00:00:00+00:00,1989.0
Netherlands,2024-07-10 00:00:00+00:00,1963.0
Netherlands,2024-09-07 00:00:00+00:00,1965.0
Netherlands,2024-09-10 00:00:00+00:00,1959.0
Netherlands,2024-10-11 00:00:00+00:00,1954.0
Netherlands,2024-10-14 00:00:00+00:00,1940.0
Netherlands,2024-11-16 00:00:00+00:00,1954.0
Netherlands,2024-11-19 00:00:00+00:00,1938.0
Netherlands,2025-03-20 00:00:00+00:00,1948.0
Netherlands,2025-03-23 00:00:00+00:00,1966.0
Netherlands,2025-06-07 00:00:00+00:00,1974.0
Netherlands,2025-06-10 00:00:00+00:00,1975.0
Netherlands,2025-09-04 00:00:00+00:00,1959.0
Netherlands,2025-09-07 00:00:00+00:00,1960.0
Netherlands,2025-10-09 00:00:00+00:00,1962.0
Netherlands,2025-10-12 00:00:00+00:00,1966.0
Netherlands,2025-11-14 00:00:00+00:00,1958.0
Netherlands,2025-11-17 00:00:00+00:00,1959.0
Netherlands,2026-03-27 00:00:00+00:00,1965.0
Netherlands,2026-03-31 00:00:00+00:00,1961.0
Netherlands,2026-06-03 00:00:00+00:00,1944.0
Netherlands,2026-06-08 00:00:00+00:00,1948.0
Netherlands,2026-06-14 00:00:00+00:00,1944.0
Netherlands,2026-06-20 00:00:00+00:00,1972.0
Netherlands,2026-06-25 00:00:00+00:00,1980.0
Netherlands,2026-06-29 00:00:00+00:00,1971.0
North Macedonia,2015-03-27 00:00:00+00:00,1459.0
North Macedonia,2015-03-30 00:00:00+00:00,1464.0
North Macedonia,2015-06-14 00:00:00+00:00,1460.0
North Macedonia,2015-09-05 00:00:00+00:00,1432.0
North Macedonia,2015-09-08 00:00:00+00:00,1429.0
North Macedonia,2015-10-09 00:00:00+00:00,1419.0
North Macedonia,2015-10-12 00:00:00+00:00,1432.0
North Macedonia,2015-11-12 00:00:00+00:00,1452.0
North Macedonia,2015-11-17 00:00:00+00:00,1438.0
North Macedonia,2016-03-23 00:00:00+00:00,1435.0
North Macedonia,2016-03-29 00:00:00+00:00,1423.0
North Macedonia,2016-05-29 00:00:00+00:00,1437.0
North Macedonia,2016-06-02 00:00:00+00:00,1430.0
North Macedonia,2016-09-06 00:00:00+00:00,1424.0
North Macedonia,2016-10-06 00:00:00+00:00,1406.0
North Macedonia,2016-10-09 00:00:00+00:00,1403.0
North Macedonia,2016-11-12 00:00:00+00:00,1401.0
North Macedonia,2017-03-24 00:00:00+00:00,1424.0
North Macedonia,2017-03-28 00:00:00+00:00,1444.0
North Macedonia,2017-06-05 00:00:00+00:00,1450.0
North Macedonia,2017-06-11 00:00:00+00:00,1447.0
North Macedonia,2017-09-02 00:00:00+00:00,1478.0
North Macedonia,2017-09-05 00:00:00+00:00,1480.0
North Macedonia,2017-10-06 00:00:00+00:00,1499.0
North Macedonia,2017-10-09 00:00:00+00:00,1504.0
North Macedonia,2017-11-11 00:00:00+00:00,1519.0
North Macedonia,2018-03-23 00:00:00+00:00,1521.0
North Macedonia,2018-03-27 00:00:00+00:00,1517.0
North Macedonia,2018-09-06 00:00:00+00:00,1525.0
North Macedonia,2018-09-09 00:00:00+00:00,1541.0
North Macedonia,2018-10-13 00:00:00+00:00,1545.0
North Macedonia,2018-10-16 00:00:00+00:00,1503.0
North Macedonia,2018-11-16 00:00:00+00:00,1514.0
North Macedonia,2018-11-19 00:00:00+00:00,1518.0
North Macedonia,2019-03-21 00:00:00+00:00,1526.0
North Macedonia,2019-03-24 00:00:00+00:00,1534.0
North Macedonia,2019-06-07 00:00:00+00:00,1522.0
North Macedonia,2019-06-10 00:00:00+00:00,1496.0
North Macedonia,2019-09-05 00:00:00+00:00,1506.0
North Macedonia,2019-09-09 00:00:00+00:00,1523.0
North Macedonia,2019-10-10 00:00:00+00:00,1543.0
North Macedonia,2019-10-13 00:00:00+00:00,1535.0
North Macedonia,2019-11-16 00:00:00+00:00,1530.0
North Macedonia,2019-11-19 00:00:00+00:00,1546.0
North Macedonia,2020-09-05 00:00:00+00:00,1556.0
North Macedonia,2020-09-08 00:00:00+00:00,1562.0
North Macedonia,2020-10-08 00:00:00+00:00,1574.0
North Macedonia,2020-10-11 00:00:00+00:00,1568.0
North Macedonia,2020-10-14 00:00:00+00:00,1562.0
North Macedonia,2020-11-12 00:00:00+00:00,1588.0
North Macedonia,2020-11-15 00:00:00+00:00,1594.0
North Macedonia,2020-11-18 00:00:00+00:00,1569.0
North Macedonia,2021-03-25 00:00:00+00:00,1559.0
North Macedonia,2021-03-28 00:00:00+00:00,1562.0
North Macedonia,2021-03-31 00:00:00+00:00,1600.0
North Macedonia,2021-06-01 00:00:00+00:00,1598.0
North Macedonia,2021-06-04 00:00:00+00:00,1602.0
North Macedonia,2021-06-13 00:00:00+00:00,1579.0
North Macedonia,2021-06-17 00:00:00+00:00,1568.0
North Macedonia,2021-06-21 00:00:00+00:00,1563.0
North Macedonia,2021-09-02 00:00:00+00:00,1558.0
North Macedonia,2021-09-05 00:00:00+00:00,1564.0
North Macedonia,2021-09-08 00:00:00+00:00,1564.0
North Macedonia,2021-10-08 00:00:00+00:00,1573.0
North Macedonia,2021-10-11 00:00:00+00:00,1560.0
North Macedonia,2021-11-11 00:00:00+00:00,1611.0
North Macedonia,2021-11-14 00:00:00+00:00,1629.0
North Macedonia,2022-03-24 00:00:00+00:00,1667.0
North Macedonia,2022-03-29 00:00:00+00:00,1662.0
North Macedonia,2022-06-02 00:00:00+00:00,1659.0
North Macedonia,2022-06-05 00:00:00+00:00,1662.0
North Macedonia,2022-06-09 00:00:00+00:00,1612.0
North Macedonia,2022-06-12 00:00:00+00:00,1614.0
North Macedonia,2022-09-23 00:00:00+00:00,1595.0
North Macedonia,2022-09-26 00:00:00+00:00,1564.0
North Macedonia,2022-10-22 00:00:00+00:00,1556.0
North Macedonia,2022-11-17 00:00:00+00:00,1557.0
North Macedonia,2022-11-20 00:00:00+00:00,1533.0
North Macedonia,2023-03-23 00:00:00+00:00,1537.0
North Macedonia,2023-03-27 00:00:00+00:00,1540.0
North Macedonia,2023-06-16 00:00:00+00:00,1529.0
North Macedonia,2023-06-19 00:00:00+00:00,1526.0
North Macedonia,2023-09-09 00:00:00+00:00,1541.0
North Macedonia,2023-09-12 00:00:00+00:00,1557.0
North Macedonia,2023-10-14 00:00:00+00:00,1547.0
North Macedonia,2023-10-17 00:00:00+00:00,1555.0
North Macedonia,2023-11-17 00:00:00+00:00,1551.0
North Macedonia,2023-11-20 00:00:00+00:00,1567.0
North Macedonia,2024-03-22 00:00:00+00:00,1561.0
North Macedonia,2024-03-25 00:00:00+00:00,1551.0
North Macedonia,2024-06-03 00:00:00+00:00,1549.0
North Macedonia,2024-06-10 00:00:00+00:00,1546.0
North Macedonia,2024-09-07 00:00:00+00:00,1536.0
North Macedonia,2024-09-10 00:00:00+00:00,1553.0
North Macedonia,2024-10-10 00:00:00+00:00,1575.0
North Macedonia,2024-10-13 00:00:00+00:00,1603.0
North Macedonia,2024-11-14 00:00:00+00:00,1607.0
North Macedonia,2024-11-17 00:00:00+00:00,1610.0
North Macedonia,2025-03-22 00:00:00+00:00,1612.0
North Macedonia,2025-03-25 00:00:00+00:00,1613.0
North Macedonia,2025-06-06 00:00:00+00:00,1620.0
North Macedonia,2025-06-09 00:00:00+00:00,1634.0
North Macedonia,2025-09-04 00:00:00+00:00,1622.0
North Macedonia,2025-09-07 00:00:00+00:00,1623.0
North Macedonia,2025-10-10 00:00:00+00:00,1638.0
North Macedonia,2025-10-13 00:00:00+00:00,1623.0
North Macedonia,2025-11-13 00:00:00+00:00,1614.0
North Macedonia,2025-11-18 00:00:00+00:00,1592.0
North Macedonia,2026-03-26 00:00:00+00:00,1584.0
North Macedonia,2026-03-31 00:00:00+00:00,1589.0
North Macedonia,2026-05-29 00:00:00+00:00,1592.0
North Macedonia,2026-06-01 00:00:00+00:00,1589.0
Northern Ireland,2015-03-25 00:00:00+00:00,1499.0
Northern Ireland,2015-03-29 00:00:00+00:00,1521.0
Northern Ireland,2015-05-31 00:00:00+00:00,1522.0
Northern Ireland,2015-06-04 00:00:00+00:00,1529.0
Northern Ireland,2015-06-13 00:00:00+00:00,1538.0
Northern Ireland,2015-09-04 00:00:00+00:00,1554.0
Northern Ireland,2015-09-07 00:00:00+00:00,1555.0
Northern Ireland,2015-10-08 00:00:00+00:00,1583.0
Northern Ireland,2015-10-11 00:00:00+00:00,1590.0
Northern Ireland,2015-11-13 00:00:00+00:00,1594.0
Northern Ireland,2016-03-24 00:00:00+00:00,1599.0
Northern Ireland,2016-03-28 00:00:00+00:00,1607.0
Northern Ireland,2016-05-27 00:00:00+00:00,1618.0
Northern Ireland,2016-06-04 00:00:00+00:00,1624.0
Northern Ireland,2016-06-12 00:00:00+00:00,1609.0
Northern Ireland,2016-06-16 00:00:00+00:00,1667.0
Northern Ireland,2016-06-21 00:00:00+00:00,1662.0
Northern Ireland,2016-06-25 00:00:00+00:00,1642.0
Northern Ireland,2016-09-04 00:00:00+00:00,1652.0
Northern Ireland,2016-10-08 00:00:00+00:00,1652.0
Northern Ireland,2016-10-11 00:00:00+00:00,1648.0
Northern Ireland,2016-11-11 00:00:00+00:00,1659.0
Northern Ireland,2016-11-15 00:00:00+00:00,1647.0
Northern Ireland,2017-03-26 00:00:00+00:00,1663.0
Northern Ireland,2017-06-02 00:00:00+00:00,1668.0
Northern Ireland,2017-06-10 00:00:00+00:00,1681.0
Northern Ireland,2017-09-01 00:00:00+00:00,1682.0
Northern Ireland,2017-09-04 00:00:00+00:00,1704.0
Northern Ireland,2017-10-05 00:00:00+00:00,1695.0
Northern Ireland,2017-10-08 00:00:00+00:00,1674.0
Northern Ireland,2017-11-09 00:00:00+00:00,1659.0
Northern Ireland,2017-11-12 00:00:00+00:00,1674.0
Northern Ireland,2018-03-24 00:00:00+00:00,1684.0
Northern Ireland,2018-05-29 00:00:00+00:00,1686.0
Northern Ireland,2018-06-03 00:00:00+00:00,1676.0
Northern Ireland,2018-09-08 00:00:00+00:00,1654.0
Northern Ireland,2018-09-11 00:00:00+00:00,1661.0
Northern Ireland,2018-10-12 00:00:00+00:00,1651.0
Northern Ireland,2018-10-15 00:00:00+00:00,1638.0
Northern Ireland,2018-11-15 00:00:00+00:00,1642.0
Northern Ireland,2018-11-18 00:00:00+00:00,1622.0
Northern Ireland,2019-03-21 00:00:00+00:00,1634.0
Northern Ireland,2019-03-24 00:00:00+00:00,1644.0
Northern Ireland,2019-06-08 00:00:00+00:00,1660.0
Northern Ireland,2019-06-11 00:00:00+00:00,1677.0
Northern Ireland,2019-09-05 00:00:00+00:00,1679.0
Northern Ireland,2019-09-09 00:00:00+00:00,1661.0
Northern Ireland,2019-10-10 00:00:00+00:00,1657.0
Northern Ireland,2019-10-14 00:00:00+00:00,1672.0
Northern Ireland,2019-11-16 00:00:00+00:00,1685.0
Northern Ireland,2019-11-19 00:00:00+00:00,1677.0
Northern Ireland,2020-09-04 00:00:00+00:00,1684.0
Northern Ireland,2020-09-07 00:00:00+00:00,1637.0
Northern Ireland,2020-10-08 00:00:00+00:00,1645.0
Northern Ireland,2020-10-11 00:00:00+00:00,1625.0
Northern Ireland,2020-10-14 00:00:00+00:00,1616.0
Northern Ireland,2020-11-12 00:00:00+00:00,1592.0
Northern Ireland,2020-11-15 00:00:00+00:00,1586.0
Northern Ireland,2020-11-18 00:00:00+00:00,1585.0
Northern Ireland,2021-03-25 00:00:00+00:00,1582.0
Northern Ireland,2021-03-28 00:00:00+00:00,1574.0
Northern Ireland,2021-03-31 00:00:00+00:00,1564.0
Northern Ireland,2021-05-30 00:00:00+00:00,1568.0
Northern Ireland,2021-06-03 00:00:00+00:00,1566.0
Northern Ireland,2021-09-02 00:00:00+00:00,1587.0
Northern Ireland,2021-09-05 00:00:00+00:00,1595.0
Northern Ireland,2021-09-08 00:00:00+00:00,1606.0
Northern Ireland,2021-10-09 00:00:00+00:00,1601.0
Northern Ireland,2021-10-12 00:00:00+00:00,1580.0
Northern Ireland,2021-11-12 00:00:00+00:00,1585.0
Northern Ireland,2021-11-15 00:00:00+00:00,1601.0
Northern Ireland,2022-03-25 00:00:00+00:00,1612.0
Northern Ireland,2022-03-29 00:00:00+00:00,1602.0
Northern Ireland,2022-06-02 00:00:00+00:00,1580.0
Northern Ireland,2022-06-05 00:00:00+00:00,1571.0
Northern Ireland,2022-06-09 00:00:00+00:00,1553.0
Northern Ireland,2022-06-12 00:00:00+00:00,1538.0
Northern Ireland,2022-09-24 00:00:00+00:00,1551.0
Northern Ireland,2022-09-27 00:00:00+00:00,1539.0
Northern Ireland,2023-03-23 00:00:00+00:00,1540.0
Northern Ireland,2023-03-26 00:00:00+00:00,1521.0
Northern Ireland,2023-06-16 00:00:00+00:00,1518.0
Northern Ireland,2023-06-19 00:00:00+00:00,1488.0
Northern Ireland,2023-09-07 00:00:00+00:00,1478.0
Northern Ireland,2023-09-10 00:00:00+00:00,1461.0
Northern Ireland,2023-10-14 00:00:00+00:00,1462.0
Northern Ireland,2023-10-17 00:00:00+00:00,1450.0
Northern Ireland,2023-11-17 00:00:00+00:00,1437.0
Northern Ireland,2023-11-20 00:00:00+00:00,1490.0
Northern Ireland,2024-03-22 00:00:00+00:00,1497.0
Northern Ireland,2024-03-26 00:00:00+00:00,1515.0
Northern Ireland,2024-06-08 00:00:00+00:00,1514.0
Northern Ireland,2024-06-11 00:00:00+00:00,1517.0
Northern Ireland,2024-09-05 00:00:00+00:00,1538.0
Northern Ireland,2024-09-08 00:00:00+00:00,1521.0
Northern Ireland,2024-10-12 00:00:00+00:00,1518.0
Northern Ireland,2024-10-15 00:00:00+00:00,1544.0
Northern Ireland,2024-11-15 00:00:00+00:00,1560.0
Northern Ireland,2024-11-18 00:00:00+00:00,1559.0
Northern Ireland,2025-03-21 00:00:00+00:00,1563.0
Northern Ireland,2025-03-25 00:00:00+00:00,1556.0
Northern Ireland,2025-06-07 00:00:00+00:00,1554.0
Northern Ireland,2025-06-10 00:00:00+00:00,1561.0
Northern Ireland,2025-09-04 00:00:00+00:00,1590.0
Northern Ireland,2025-09-07 00:00:00+00:00,1584.0
Northern Ireland,2025-10-10 00:00:00+00:00,1617.0
Northern Ireland,2025-10-13 00:00:00+00:00,1606.0
Northern Ireland,2025-11-14 00:00:00+00:00,1596.0
Northern Ireland,2025-11-17 00:00:00+00:00,1602.0
Northern Ireland,2026-03-26 00:00:00+00:00,1595.0
Northern Ireland,2026-03-31 00:00:00+00:00,1600.0
Northern Ireland,2026-06-04 00:00:00+00:00,1606.0
Northern Ireland,2026-06-08 00:00:00+00:00,1605.0
Norway,2015-03-28 00:00:00+00:00,1614.0
Norway,2015-06-08 00:00:00+00:00,1616.0
Norway,2015-06-12 00:00:00+00:00,1602.0
Norway,2015-09-03 00:00:00+00:00,1628.0
Norway,2015-09-06 00:00:00+00:00,1666.0
Norway,2015-10-10 00:00:00+00:00,1669.0
Norway,2015-10-13 00:00:00+00:00,1663.0
Norway,2015-11-12 00:00:00+00:00,1637.0
Norway,2015-11-15 00:00:00+00:00,1625.0
Norway,2016-03-24 00:00:00+00:00,1624.0
Norway,2016-03-29 00:00:00+00:00,1633.0
Norway,2016-05-29 00:00:00+00:00,1629.0
Norway,2016-06-01 00:00:00+00:00,1637.0
Norway,2016-06-05 00:00:00+00:00,1635.0
Norway,2016-08-31 00:00:00+00:00,1621.0
Norway,2016-09-04 00:00:00+00:00,1610.0
Norway,2016-10-08 00:00:00+00:00,1584.0
Norway,2016-10-11 00:00:00+00:00,1585.0
Norway,2016-11-11 00:00:00+00:00,1576.0
Norway,2017-03-26 00:00:00+00:00,1560.0
Norway,2017-06-10 00:00:00+00:00,1562.0
Norway,2017-06-13 00:00:00+00:00,1566.0
Norway,2017-09-01 00:00:00+00:00,1578.0
Norway,2017-09-04 00:00:00+00:00,1576.0
Norway,2017-10-05 00:00:00+00:00,1579.0
Norway,2017-10-08 00:00:00+00:00,1600.0
Norway,2017-11-11 00:00:00+00:00,1585.0
Norway,2017-11-14 00:00:00+00:00,1581.0
Norway,2018-03-23 00:00:00+00:00,1601.0
Norway,2018-03-26 00:00:00+00:00,1614.0
Norway,2018-06-02 00:00:00+00:00,1631.0
Norway,2018-06-06 00:00:00+00:00,1639.0
Norway,2018-09-06 00:00:00+00:00,1647.0
Norway,2018-09-09 00:00:00+00:00,1632.0
Norway,2018-10-13 00:00:00+00:00,1643.0
Norway,2018-10-16 00:00:00+00:00,1658.0
Norway,2018-11-16 00:00:00+00:00,1658.0
Norway,2018-11-19 00:00:00+00:00,1678.0
Norway,2019-03-23 00:00:00+00:00,1675.0
Norway,2019-03-26 00:00:00+00:00,1679.0
Norway,2019-06-07 00:00:00+00:00,1677.0
Norway,2019-06-10 00:00:00+00:00,1684.0
Norway,2019-09-05 00:00:00+00:00,1686.0
Norway,2019-09-08 00:00:00+00:00,1698.0
Norway,2019-10-12 00:00:00+00:00,1710.0
Norway,2019-10-15 00:00:00+00:00,1717.0
Norway,2019-11-15 00:00:00+00:00,1719.0
Norway,2019-11-18 00:00:00+00:00,1722.0
Norway,2020-09-04 00:00:00+00:00,1697.0
Norway,2020-09-07 00:00:00+00:00,1744.0
Norway,2020-10-08 00:00:00+00:00,1720.0
Norway,2020-10-11 00:00:00+00:00,1746.0
Norway,2020-10-14 00:00:00+00:00,1755.0
Norway,2020-11-18 00:00:00+00:00,1763.0
Norway,2021-03-24 00:00:00+00:00,1766.0
Norway,2021-03-27 00:00:00+00:00,1734.0
Norway,2021-03-30 00:00:00+00:00,1749.0
Norway,2021-06-02 00:00:00+00:00,1751.0
Norway,2021-06-06 00:00:00+00:00,1738.0
Norway,2021-09-01 00:00:00+00:00,1743.0
Norway,2021-09-04 00:00:00+00:00,1750.0
Norway,2021-09-07 00:00:00+00:00,1751.0
Norway,2021-10-08 00:00:00+00:00,1754.0
Norway,2021-10-11 00:00:00+00:00,1762.0
Norway,2021-11-13 00:00:00+00:00,1743.0
Norway,2021-11-16 00:00:00+00:00,1733.0
Norway,2022-03-25 00:00:00+00:00,1741.0
Norway,2022-03-29 00:00:00+00:00,1747.0
Norway,2022-06-02 00:00:00+00:00,1777.0
Norway,2022-06-05 00:00:00+00:00,1805.0
Norway,2022-06-09 00:00:00+00:00,1791.0
Norway,2022-06-12 00:00:00+00:00,1805.0
Norway,2022-09-24 00:00:00+00:00,1780.0
Norway,2022-09-27 00:00:00+00:00,1748.0
Norway,2022-11-17 00:00:00+00:00,1759.0
Norway,2022-11-20 00:00:00+00:00,1754.0
Norway,2023-03-25 00:00:00+00:00,1745.0
Norway,2023-03-28 00:00:00+00:00,1745.0
Norway,2023-06-17 00:00:00+00:00,1722.0
Norway,2023-06-20 00:00:00+00:00,1726.0
Norway,2023-09-07 00:00:00+00:00,1735.0
Norway,2023-09-12 00:00:00+00:00,1745.0
Norway,2023-10-12 00:00:00+00:00,1756.0
Norway,2023-10-15 00:00:00+00:00,1745.0
Norway,2023-11-16 00:00:00+00:00,1746.0
Norway,2023-11-19 00:00:00+00:00,1755.0
Norway,2024-03-22 00:00:00+00:00,1742.0
Norway,2024-03-26 00:00:00+00:00,1737.0
Norway,2024-06-05 00:00:00+00:00,1742.0
Norway,2024-06-08 00:00:00+00:00,1734.0
Norway,2024-09-06 00:00:00+00:00,1724.0
Norway,2024-09-09 00:00:00+00:00,1747.0
Norway,2024-10-10 00:00:00+00:00,1775.0
Norway,2024-10-13 00:00:00+00:00,1756.0
Norway,2024-11-14 00:00:00+00:00,1801.0
Norway,2024-11-17 00:00:00+00:00,1806.0
Norway,2025-03-22 00:00:00+00:00,1815.0
Norway,2025-03-25 00:00:00+00:00,1829.0
Norway,2025-06-06 00:00:00+00:00,1862.0
Norway,2025-06-09 00:00:00+00:00,1866.0
Norway,2025-09-04 00:00:00+00:00,1868.0
Norway,2025-09-09 00:00:00+00:00,1870.0
Norway,2025-10-11 00:00:00+00:00,1880.0
Norway,2025-10-14 00:00:00+00:00,1872.0
Norway,2025-11-13 00:00:00+00:00,1874.0
Norway,2025-11-16 00:00:00+00:00,1922.0
Norway,2026-03-27 00:00:00+00:00,1916.0
Norway,2026-03-31 00:00:00+00:00,1912.0
Norway,2026-06-01 00:00:00+00:00,1917.0
Norway,2026-06-07 00:00:00+00:00,1914.0
Norway,2026-06-16 00:00:00+00:00,1929.0
Norway,2026-06-22 00:00:00+00:00,1951.0
Norway,2026-06-26 00:00:00+00:00,1919.0
Norway,2026-06-30 00:00:00+00:00,1935.0
Norway,2026-07-05 00:00:00+00:00,1973.0
Norway,2026-07-11 00:00:00+00:00,1952.0
Poland,2015-03-29 00:00:00+00:00,1732.0
Poland,2015-06-13 00:00:00+00:00,1740.0
Poland,2015-06-16 00:00:00+00:00,1735.0
Poland,2015-09-04 00:00:00+00:00,1731.0
Poland,2015-09-07 00:00:00+00:00,1733.0
Poland,2015-10-08 00:00:00+00:00,1737.0
Poland,2015-10-11 00:00:00+00:00,1753.0
Poland,2015-11-13 00:00:00+00:00,1761.0
Poland,2015-11-17 00:00:00+00:00,1772.0
Poland,2016-03-23 00:00:00+00:00,1778.0
Poland,2016-03-26 00:00:00+00:00,1784.0
Poland,2016-06-01 00:00:00+00:00,1774.0
Poland,2016-06-06 00:00:00+00:00,1765.0
Poland,2016-06-12 00:00:00+00:00,1780.0
Poland,2016-06-16 00:00:00+00:00,1796.0
Poland,2016-06-21 00:00:00+00:00,1818.0
Poland,2016-06-25 00:00:00+00:00,1817.0
Poland,2016-06-30 00:00:00+00:00,1823.0
Poland,2016-09-04 00:00:00+00:00,1808.0
Poland,2016-10-08 00:00:00+00:00,1819.0
Poland,2016-10-11 00:00:00+00:00,1822.0
Poland,2016-11-11 00:00:00+00:00,1857.0
Poland,2016-11-14 00:00:00+00:00,1850.0
Poland,2017-03-26 00:00:00+00:00,1862.0
Poland,2017-06-10 00:00:00+00:00,1872.0
Poland,2017-09-01 00:00:00+00:00,1831.0
Poland,2017-09-04 00:00:00+00:00,1833.0
Poland,2017-10-05 00:00:00+00:00,1848.0
Poland,2017-10-08 00:00:00+00:00,1856.0
Poland,2017-11-10 00:00:00+00:00,1854.0
Poland,2017-11-13 00:00:00+00:00,1841.0
Poland,2018-03-23 00:00:00+00:00,1825.0
Poland,2018-03-27 00:00:00+00:00,1830.0
Poland,2018-06-08 00:00:00+00:00,1828.0
Poland,2018-06-12 00:00:00+00:00,1830.0
Poland,2018-06-19 00:00:00+00:00,1793.0
Poland,2018-06-24 00:00:00+00:00,1753.0
Poland,2018-06-28 00:00:00+00:00,1782.0
Poland,2018-09-07 00:00:00+00:00,1793.0
Poland,2018-09-11 00:00:00+00:00,1788.0
Poland,2018-10-11 00:00:00+00:00,1771.0
Poland,2018-10-14 00:00:00+00:00,1750.0
Poland,2018-11-15 00:00:00+00:00,1736.0
Poland,2018-11-20 00:00:00+00:00,1751.0
Poland,2019-03-21 00:00:00+00:00,1777.0
Poland,2019-03-24 00:00:00+00:00,1779.0
Poland,2019-06-07 00:00:00+00:00,1791.0
Poland,2019-06-10 00:00:00+00:00,1803.0
Poland,2019-09-06 00:00:00+00:00,1762.0
Poland,2019-09-09 00:00:00+00:00,1755.0
Poland,2019-10-10 00:00:00+00:00,1761.0
Poland,2019-10-13 00:00:00+00:00,1769.0
Poland,2019-11-16 00:00:00+00:00,1783.0
Poland,2019-11-19 00:00:00+00:00,1789.0
Poland,2020-09-04 00:00:00+00:00,1784.0
Poland,2020-09-07 00:00:00+00:00,1805.0
Poland,2020-10-07 00:00:00+00:00,1812.0
Poland,2020-10-11 00:00:00+00:00,1816.0
Poland,2020-10-14 00:00:00+00:00,1830.0
Poland,2020-11-11 00:00:00+00:00,1842.0
Poland,2020-11-15 00:00:00+00:00,1829.0
Poland,2020-11-18 00:00:00+00:00,1812.0
Poland,2021-03-25 00:00:00+00:00,1814.0
Poland,2021-03-28 00:00:00+00:00,1814.0
Poland,2021-03-31 00:00:00+00:00,1807.0
Poland,2021-06-01 00:00:00+00:00,1802.0
Poland,2021-06-08 00:00:00+00:00,1795.0
Poland,2021-06-14 00:00:00+00:00,1760.0
Poland,2021-06-19 00:00:00+00:00,1779.0
Poland,2021-06-23 00:00:00+00:00,1761.0
Poland,2021-09-02 00:00:00+00:00,1771.0
Poland,2021-09-05 00:00:00+00:00,1772.0
Poland,2021-09-08 00:00:00+00:00,1782.0
Poland,2021-10-09 00:00:00+00:00,1782.0
Poland,2021-10-12 00:00:00+00:00,1798.0
Poland,2021-11-12 00:00:00+00:00,1800.0
Poland,2021-11-15 00:00:00+00:00,1769.0
Poland,2022-03-24 00:00:00+00:00,1771.0
Poland,2022-03-29 00:00:00+00:00,1798.0
Poland,2022-06-01 00:00:00+00:00,1815.0
Poland,2022-06-08 00:00:00+00:00,1803.0
Poland,2022-06-11 00:00:00+00:00,1817.0
Poland,2022-06-14 00:00:00+00:00,1803.0
Poland,2022-09-22 00:00:00+00:00,1781.0
Poland,2022-09-25 00:00:00+00:00,1808.0
Poland,2022-11-16 00:00:00+00:00,1813.0
Poland,2022-11-22 00:00:00+00:00,1813.0
Poland,2022-11-26 00:00:00+00:00,1843.0
Poland,2022-11-30 00:00:00+00:00,1826.0
Poland,2022-12-04 00:00:00+00:00,1801.0
Poland,2023-03-24 00:00:00+00:00,1778.0
Poland,2023-03-27 00:00:00+00:00,1783.0
Poland,2023-06-16 00:00:00+00:00,1795.0
Poland,2023-06-20 00:00:00+00:00,1758.0
Poland,2023-09-07 00:00:00+00:00,1760.0
Poland,2023-09-10 00:00:00+00:00,1723.0
Poland,2023-10-12 00:00:00+00:00,1729.0
Poland,2023-10-15 00:00:00+00:00,1711.0
Poland,2023-11-17 00:00:00+00:00,1707.0
Poland,2023-11-21 00:00:00+00:00,1709.0
Poland,2024-03-21 00:00:00+00:00,1714.0
Poland,2024-03-26 00:00:00+00:00,1720.0
Poland,2024-06-07 00:00:00+00:00,1737.0
Poland,2024-06-10 00:00:00+00:00,1745.0
Poland,2024-06-16 00:00:00+00:00,1734.0
Poland,2024-06-21 00:00:00+00:00,1709.0
Poland,2024-06-25 00:00:00+00:00,1729.0
Poland,2024-09-05 00:00:00+00:00,1755.0
Poland,2024-09-08 00:00:00+00:00,1747.0
Poland,2024-10-12 00:00:00+00:00,1728.0
Poland,2024-10-15 00:00:00+00:00,1733.0
Poland,2024-11-15 00:00:00+00:00,1724.0
Poland,2024-11-18 00:00:00+00:00,1699.0
Poland,2025-03-21 00:00:00+00:00,1701.0
Poland,2025-03-24 00:00:00+00:00,1704.0
Poland,2025-06-06 00:00:00+00:00,1706.0
Poland,2025-06-10 00:00:00+00:00,1682.0
Poland,2025-09-04 00:00:00+00:00,1698.0
Poland,2025-09-07 00:00:00+00:00,1710.0
Poland,2025-10-09 00:00:00+00:00,1714.0
Poland,2025-10-12 00:00:00+00:00,1722.0
Poland,2025-11-14 00:00:00+00:00,1730.0
Poland,2025-11-17 00:00:00+00:00,1735.0
Poland,2026-03-26 00:00:00+00:00,1746.0
Poland,2026-03-31 00:00:00+00:00,1729.0
Poland,2026-05-31 00:00:00+00:00,1711.0
Poland,2026-06-03 00:00:00+00:00,1710.0
Portugal,2015-03-29 00:00:00+00:00,1917.0
Portugal,2015-03-31 00:00:00+00:00,1889.0
Portugal,2015-06-13 00:00:00+00:00,1897.0
Portugal,2015-06-16 00:00:00+00:00,1906.0
Portugal,2015-09-04 00:00:00+00:00,1894.0
Portugal,2015-09-07 00:00:00+00:00,1905.0
Portugal,2015-10-08 00:00:00+00:00,1913.0
Portugal,2015-10-11 00:00:00+00:00,1929.0
Portugal,2015-11-14 00:00:00+00:00,1918.0
Portugal,2015-11-17 00:00:00+00:00,1919.0
Portugal,2016-03-25 00:00:00+00:00,1901.0
Portugal,2016-03-29 00:00:00+00:00,1909.0
Portugal,2016-05-29 00:00:00+00:00,1913.0
Portugal,2016-06-02 00:00:00+00:00,1907.0
Portugal,2016-06-08 00:00:00+00:00,1909.0
Portugal,2016-06-14 00:00:00+00:00,1894.0
Portugal,2016-06-18 00:00:00+00:00,1883.0
Portugal,2016-06-22 00:00:00+00:00,1873.0
Portugal,2016-06-25 00:00:00+00:00,1898.0
Portugal,2016-06-30 00:00:00+00:00,1892.0
Portugal,2016-07-06 00:00:00+00:00,1921.0
Portugal,2016-07-10 00:00:00+00:00,1959.0
Portugal,2016-09-01 00:00:00+00:00,1959.0
Portugal,2016-09-06 00:00:00+00:00,1924.0
Portugal,2016-10-07 00:00:00+00:00,1924.0
Portugal,2016-10-10 00:00:00+00:00,1928.0
Portugal,2016-11-13 00:00:00+00:00,1930.0
Portugal,2017-03-25 00:00:00+00:00,1939.0
Portugal,2017-03-28 00:00:00+00:00,1922.0
Portugal,2017-06-03 00:00:00+00:00,1923.0
Portugal,2017-06-09 00:00:00+00:00,1929.0
Portugal,2017-06-18 00:00:00+00:00,1928.0
Portugal,2017-06-21 00:00:00+00:00,1945.0
Portugal,2017-06-24 00:00:00+00:00,1953.0
Portugal,2017-06-28 00:00:00+00:00,1954.0
Portugal,2017-07-02 00:00:00+00:00,1977.0
Portugal,2017-08-31 00:00:00+00:00,1978.0
Portugal,2017-09-03 00:00:00+00:00,1986.0
Portugal,2017-10-07 00:00:00+00:00,1986.0
Portugal,2017-10-10 00:00:00+00:00,2000.0
Portugal,2017-11-10 00:00:00+00:00,2002.0
Portugal,2017-11-14 00:00:00+00:00,1994.0
Portugal,2018-03-23 00:00:00+00:00,1996.0
Portugal,2018-03-26 00:00:00+00:00,1973.0
Portugal,2018-05-28 00:00:00+00:00,1965.0
Portugal,2018-06-02 00:00:00+00:00,1967.0
Portugal,2018-06-07 00:00:00+00:00,1968.0
Portugal,2018-06-15 00:00:00+00:00,1974.0
Portugal,2018-06-20 00:00:00+00:00,1985.0
Portugal,2018-06-25 00:00:00+00:00,1971.0
Portugal,2018-06-30 00:00:00+00:00,1939.0
Portugal,2018-09-06 00:00:00+00:00,1936.0
Portugal,2018-09-10 00:00:00+00:00,1948.0
Portugal,2018-10-11 00:00:00+00:00,1965.0
Portugal,2018-10-14 00:00:00+00:00,1973.0
Portugal,2018-11-17 00:00:00+00:00,1974.0
Portugal,2018-11-20 00:00:00+00:00,1959.0
Portugal,2019-03-22 00:00:00+00:00,1945.0
Portugal,2019-03-25 00:00:00+00:00,1934.0
Portugal,2019-06-05 00:00:00+00:00,1960.0
Portugal,2019-06-09 00:00:00+00:00,1981.0
Portugal,2019-09-07 00:00:00+00:00,2004.0
Portugal,2019-09-10 00:00:00+00:00,2006.0
Portugal,2019-10-11 00:00:00+00:00,2007.0
Portugal,2019-10-14 00:00:00+00:00,1982.0
Portugal,2019-11-14 00:00:00+00:00,1983.0
Portugal,2019-11-17 00:00:00+00:00,1986.0
Portugal,2020-09-05 00:00:00+00:00,2005.0
Portugal,2020-09-08 00:00:00+00:00,2030.0
Portugal,2020-10-07 00:00:00+00:00,2028.0
Portugal,2020-10-11 00:00:00+00:00,2036.0
Portugal,2020-10-14 00:00:00+00:00,2046.0
Portugal,2020-11-11 00:00:00+00:00,2046.0
Portugal,2020-11-14 00:00:00+00:00,2021.0
Portugal,2020-11-17 00:00:00+00:00,2038.0
Portugal,2021-03-24 00:00:00+00:00,2039.0
Portugal,2021-03-27 00:00:00+00:00,2031.0
Portugal,2021-03-30 00:00:00+00:00,2034.0
Portugal,2021-06-04 00:00:00+00:00,2037.0
Portugal,2021-06-09 00:00:00+00:00,2039.0
Portugal,2021-06-15 00:00:00+00:00,2060.0
Portugal,2021-06-19 00:00:00+00:00,2018.0
Portugal,2021-06-23 00:00:00+00:00,2023.0
Portugal,2021-06-27 00:00:00+00:00,2006.0
Portugal,2021-09-01 00:00:00+00:00,2008.0
Portugal,2021-09-04 00:00:00+00:00,2012.0
Portugal,2021-09-07 00:00:00+00:00,2015.0
Portugal,2021-10-09 00:00:00+00:00,2018.0
Portugal,2021-10-12 00:00:00+00:00,2019.0
Portugal,2021-11-11 00:00:00+00:00,2006.0
Portugal,2021-11-14 00:00:00+00:00,1972.0
Portugal,2022-03-24 00:00:00+00:00,1979.0
Portugal,2022-03-29 00:00:00+00:00,1984.0
Portugal,2022-06-02 00:00:00+00:00,1992.0
Portugal,2022-06-05 00:00:00+00:00,2011.0
Portugal,2022-06-09 00:00:00+00:00,2022.0
Portugal,2022-06-12 00:00:00+00:00,1999.0
Portugal,2022-09-24 00:00:00+00:00,2029.0
Portugal,2022-09-27 00:00:00+00:00,2003.0
Portugal,2022-11-17 00:00:00+00:00,2005.0
Portugal,2022-11-24 00:00:00+00:00,2009.0
Portugal,2022-11-28 00:00:00+00:00,2043.0
Portugal,2022-12-02 00:00:00+00:00,1992.0
Portugal,2022-12-06 00:00:00+00:00,2041.0
Portugal,2022-12-10 00:00:00+00:00,1998.0
Portugal,2023-03-23 00:00:00+00:00,1998.0
Portugal,2023-03-26 00:00:00+00:00,2004.0
Portugal,2023-06-17 00:00:00+00:00,2008.0
Portugal,2023-06-20 00:00:00+00:00,2012.0
Portugal,2023-09-08 00:00:00+00:00,2018.0
Portugal,2023-09-11 00:00:00+00:00,2021.0
Portugal,2023-10-13 00:00:00+00:00,2023.0
Portugal,2023-10-16 00:00:00+00:00,2031.0
Portugal,2023-11-16 00:00:00+00:00,2031.0
Portugal,2023-11-19 00:00:00+00:00,2032.0
Portugal,2024-03-21 00:00:00+00:00,2035.0
Portugal,2024-03-26 00:00:00+00:00,2012.0
Portugal,2024-06-04 00:00:00+00:00,2014.0
Portugal,2024-06-08 00:00:00+00:00,2000.0
Portugal,2024-06-11 00:00:00+00:00,2002.0
Portugal,2024-06-18 00:00:00+00:00,2013.0
Portugal,2024-06-22 00:00:00+00:00,2031.0
Portugal,2024-06-26 00:00:00+00:00,1963.0
Portugal,2024-07-01 00:00:00+00:00,1950.0
Portugal,2024-07-05 00:00:00+00:00,1959.0
Portugal,2024-09-05 00:00:00+00:00,1971.0
Portugal,2024-09-08 00:00:00+00:00,1975.0
Portugal,2024-10-12 00:00:00+00:00,1994.0
Portugal,2024-10-15 00:00:00+00:00,1984.0
Portugal,2024-11-15 00:00:00+00:00,1993.0
Portugal,2024-11-18 00:00:00+00:00,1993.0
Portugal,2025-03-20 00:00:00+00:00,1965.0
Portugal,2025-03-23 00:00:00+00:00,1988.0
Portugal,2025-06-04 00:00:00+00:00,2020.0
Portugal,2025-06-08 00:00:00+00:00,2030.0
Portugal,2025-09-06 00:00:00+00:00,2033.0
Portugal,2025-09-09 00:00:00+00:00,2041.0
Portugal,2025-10-11 00:00:00+00:00,2043.0
Portugal,2025-10-14 00:00:00+00:00,2026.0
Portugal,2025-11-13 00:00:00+00:00,1974.0
Portugal,2025-11-16 00:00:00+00:00,1976.0
Portugal,2026-03-28 00:00:00+00:00,1975.0
Portugal,2026-03-31 00:00:00+00:00,1984.0
Portugal,2026-06-06 00:00:00+00:00,1986.0
Portugal,2026-06-10 00:00:00+00:00,1989.0
Portugal,2026-06-17 00:00:00+00:00,1967.0
Portugal,2026-06-23 00:00:00+00:00,1988.0
Portugal,2026-06-27 00:00:00+00:00,1990.0
Portugal,2026-07-02 00:00:00+00:00,2013.0
Portugal,2026-07-06 00:00:00+00:00,1995.0
Romania,2015-03-29 00:00:00+00:00,1787.0
Romania,2015-06-13 00:00:00+00:00,1778.0
Romania,2015-09-04 00:00:00+00:00,1778.0
Romania,2015-09-07 00:00:00+00:00,1765.0
Romania,2015-10-08 00:00:00+00:00,1752.0
Romania,2015-10-11 00:00:00+00:00,1758.0
Romania,2015-11-17 00:00:00+00:00,1764.0
Romania,2016-03-23 00:00:00+00:00,1765.0
Romania,2016-03-27 00:00:00+00:00,1769.0
Romania,2016-05-25 00:00:00+00:00,1763.0
Romania,2016-05-29 00:00:00+00:00,1755.0
Romania,2016-06-03 00:00:00+00:00,1759.0
Romania,2016-06-10 00:00:00+00:00,1752.0
Romania,2016-06-15 00:00:00+00:00,1754.0
Romania,2016-06-19 00:00:00+00:00,1718.0
Romania,2016-09-04 00:00:00+00:00,1705.0
Romania,2016-10-08 00:00:00+00:00,1735.0
Romania,2016-10-11 00:00:00+00:00,1723.0
Romania,2016-11-11 00:00:00+00:00,1688.0
Romania,2016-11-15 00:00:00+00:00,1681.0
Romania,2017-03-26 00:00:00+00:00,1677.0
Romania,2017-06-10 00:00:00+00:00,1667.0
Romania,2017-06-13 00:00:00+00:00,1682.0
Romania,2017-09-01 00:00:00+00:00,1689.0
Romania,2017-09-04 00:00:00+00:00,1671.0
Romania,2017-10-05 00:00:00+00:00,1676.0
Romania,2017-10-08 00:00:00+00:00,1688.0
Romania,2017-11-09 00:00:00+00:00,1701.0
Romania,2017-11-14 00:00:00+00:00,1687.0
Romania,2018-03-24 00:00:00+00:00,1695.0
Romania,2018-03-27 00:00:00+00:00,1705.0
Romania,2018-05-31 00:00:00+00:00,1719.0
Romania,2018-06-05 00:00:00+00:00,1726.0
Romania,2018-09-07 00:00:00+00:00,1714.0
Romania,2018-09-10 00:00:00+00:00,1723.0
Romania,2018-10-11 00:00:00+00:00,1731.0
Romania,2018-10-14 00:00:00+00:00,1729.0
Romania,2018-11-17 00:00:00+00:00,1733.0
Romania,2018-11-20 00:00:00+00:00,1752.0
Romania,2019-03-23 00:00:00+00:00,1741.0
Romania,2019-03-26 00:00:00+00:00,1743.0
Romania,2019-06-07 00:00:00+00:00,1745.0
Romania,2019-06-10 00:00:00+00:00,1750.0
Romania,2019-09-05 00:00:00+00:00,1739.0
Romania,2019-09-08 00:00:00+00:00,1740.0
Romania,2019-10-12 00:00:00+00:00,1746.0
Romania,2019-10-15 00:00:00+00:00,1739.0
Romania,2019-11-15 00:00:00+00:00,1708.0
Romania,2019-11-18 00:00:00+00:00,1701.0
Romania,2020-09-04 00:00:00+00:00,1694.0
Romania,2020-09-07 00:00:00+00:00,1723.0
Romania,2020-10-08 00:00:00+00:00,1706.0
Romania,2020-10-11 00:00:00+00:00,1680.0
Romania,2020-10-14 00:00:00+00:00,1659.0
Romania,2020-11-11 00:00:00+00:00,1665.0
Romania,2020-11-18 00:00:00+00:00,1666.0
Romania,2021-03-25 00:00:00+00:00,1676.0
Romania,2021-03-28 00:00:00+00:00,1666.0
Romania,2021-03-31 00:00:00+00:00,1646.0
Romania,2021-06-02 00:00:00+00:00,1630.0
Romania,2021-06-06 00:00:00+00:00,1629.0
Romania,2021-09-02 00:00:00+00:00,1666.0
Romania,2021-09-05 00:00:00+00:00,1667.0
Romania,2021-09-08 00:00:00+00:00,1667.0
Romania,2021-10-08 00:00:00+00:00,1663.0
Romania,2021-10-11 00:00:00+00:00,1673.0
Romania,2021-11-11 00:00:00+00:00,1662.0
Romania,2021-11-14 00:00:00+00:00,1666.0
Romania,2022-03-25 00:00:00+00:00,1653.0
Romania,2022-03-29 00:00:00+00:00,1655.0
Romania,2022-06-04 00:00:00+00:00,1622.0
Romania,2022-06-07 00:00:00+00:00,1606.0
Romania,2022-06-11 00:00:00+00:00,1626.0
Romania,2022-06-14 00:00:00+00:00,1574.0
Romania,2022-09-23 00:00:00+00:00,1584.0
Romania,2022-09-26 00:00:00+00:00,1615.0
Romania,2022-11-17 00:00:00+00:00,1603.0
Romania,2022-11-20 00:00:00+00:00,1610.0
Romania,2023-03-25 00:00:00+00:00,1615.0
Romania,2023-03-28 00:00:00+00:00,1621.0
Romania,2023-06-16 00:00:00+00:00,1620.0
Romania,2023-06-19 00:00:00+00:00,1636.0
Romania,2023-09-09 00:00:00+00:00,1629.0
Romania,2023-09-12 00:00:00+00:00,1641.0
Romania,2023-10-12 00:00:00+00:00,1629.0
Romania,2023-10-15 00:00:00+00:00,1631.0
Romania,2023-11-18 00:00:00+00:00,1650.0
Romania,2023-11-21 00:00:00+00:00,1674.0
Romania,2024-03-22 00:00:00+00:00,1667.0
Romania,2024-03-26 00:00:00+00:00,1664.0
Romania,2024-06-04 00:00:00+00:00,1657.0
Romania,2024-06-07 00:00:00+00:00,1647.0
Romania,2024-06-17 00:00:00+00:00,1714.0
Romania,2024-06-22 00:00:00+00:00,1698.0
Romania,2024-06-26 00:00:00+00:00,1698.0
Romania,2024-07-02 00:00:00+00:00,1682.0
Romania,2024-09-06 00:00:00+00:00,1709.0
Romania,2024-09-09 00:00:00+00:00,1713.0
Romania,2024-10-12 00:00:00+00:00,1723.0
Romania,2024-10-15 00:00:00+00:00,1729.0
Romania,2024-11-15 00:00:00+00:00,1715.0
Romania,2024-11-18 00:00:00+00:00,1719.0
Romania,2025-03-21 00:00:00+00:00,1684.0
Romania,2025-03-24 00:00:00+00:00,1685.0
Romania,2025-06-07 00:00:00+00:00,1677.0
Romania,2025-06-10 00:00:00+00:00,1681.0
Romania,2025-09-05 00:00:00+00:00,1663.0
Romania,2025-09-09 00:00:00+00:00,1650.0
Romania,2025-10-09 00:00:00+00:00,1651.0
Romania,2025-10-12 00:00:00+00:00,1677.0
Romania,2025-11-15 00:00:00+00:00,1642.0
Romania,2025-11-18 00:00:00+00:00,1642.0
Romania,2026-03-26 00:00:00+00:00,1637.0
Romania,2026-03-31 00:00:00+00:00,1627.0
Romania,2026-06-02 00:00:00+00:00,1630.0
Romania,2026-06-06 00:00:00+00:00,1639.0
Russia,2015-03-27 00:00:00+00:00,1773.0
Russia,2015-03-31 00:00:00+00:00,1764.0
Russia,2015-06-07 00:00:00+00:00,1769.0
Russia,2015-06-14 00:00:00+00:00,1741.0
Russia,2015-09-05 00:00:00+00:00,1759.0
Russia,2015-09-08 00:00:00+00:00,1765.0
Russia,2015-10-09 00:00:00+00:00,1771.0
Russia,2015-10-12 00:00:00+00:00,1781.0
Russia,2015-11-14 00:00:00+00:00,1792.0
Russia,2015-11-17 00:00:00+00:00,1773.0
Russia,2016-03-26 00:00:00+00:00,1775.0
Russia,2016-03-29 00:00:00+00:00,1770.0
Russia,2016-06-01 00:00:00+00:00,1760.0
Russia,2016-06-05 00:00:00+00:00,1759.0
Russia,2016-06-11 00:00:00+00:00,1773.0
Russia,2016-06-15 00:00:00+00:00,1745.0
Russia,2016-06-20 00:00:00+00:00,1693.0
Russia,2016-08-31 00:00:00+00:00,1699.0
Russia,2016-09-06 00:00:00+00:00,1704.0
Russia,2016-10-09 00:00:00+00:00,1694.0
Russia,2016-11-10 00:00:00+00:00,1683.0
Russia,2016-11-15 00:00:00+00:00,1690.0
Russia,2017-03-24 00:00:00+00:00,1670.0
Russia,2017-03-28 00:00:00+00:00,1673.0
Russia,2017-06-05 00:00:00+00:00,1696.0
Russia,2017-06-09 00:00:00+00:00,1701.0
Russia,2017-06-17 00:00:00+00:00,1716.0
Russia,2017-06-21 00:00:00+00:00,1699.0
Russia,2017-06-24 00:00:00+00:00,1683.0
Russia,2017-10-07 00:00:00+00:00,1696.0
Russia,2017-10-10 00:00:00+00:00,1696.0
Russia,2017-11-11 00:00:00+00:00,1691.0
Russia,2017-11-14 00:00:00+00:00,1697.0
Russia,2018-03-23 00:00:00+00:00,1692.0
Russia,2018-03-27 00:00:00+00:00,1684.0
Russia,2018-05-30 00:00:00+00:00,1678.0
Russia,2018-06-05 00:00:00+00:00,1677.0
Russia,2018-06-14 00:00:00+00:00,1707.0
Russia,2018-06-19 00:00:00+00:00,1731.0
Russia,2018-06-25 00:00:00+00:00,1690.0
Russia,2018-07-01 00:00:00+00:00,1708.0
Russia,2018-07-07 00:00:00+00:00,1720.0
Russia,2018-09-07 00:00:00+00:00,1746.0
Russia,2018-09-10 00:00:00+00:00,1757.0
Russia,2018-10-11 00:00:00+00:00,1755.0
Russia,2018-10-14 00:00:00+00:00,1775.0
Russia,2018-11-15 00:00:00+00:00,1769.0
Russia,2018-11-20 00:00:00+00:00,1752.0
Russia,2019-03-21 00:00:00+00:00,1746.0
Russia,2019-03-24 00:00:00+00:00,1761.0
Russia,2019-06-08 00:00:00+00:00,1761.0
Russia,2019-06-11 00:00:00+00:00,1764.0
Russia,2019-09-06 00:00:00+00:00,1784.0
Russia,2019-09-09 00:00:00+00:00,1786.0
Russia,2019-10-10 00:00:00+00:00,1800.0
Russia,2019-10-13 00:00:00+00:00,1814.0
Russia,2019-11-16 00:00:00+00:00,1793.0
Russia,2019-11-19 00:00:00+00:00,1794.0
Russia,2020-09-03 00:00:00+00:00,1816.0
Russia,2020-09-06 00:00:00+00:00,1832.0
Russia,2020-10-08 00:00:00+00:00,1819.0
Russia,2020-10-11 00:00:00+00:00,1810.0
Russia,2020-10-14 00:00:00+00:00,1799.0
Russia,2020-11-12 00:00:00+00:00,1790.0
Russia,2020-11-15 00:00:00+00:00,1774.0
Russia,2020-11-18 00:00:00+00:00,1744.0
Russia,2021-03-24 00:00:00+00:00,1749.0
Russia,2021-03-27 00:00:00+00:00,1759.0
Russia,2021-03-30 00:00:00+00:00,1738.0
Russia,2021-06-01 00:00:00+00:00,1743.0
Russia,2021-06-05 00:00:00+00:00,1745.0
Russia,2021-06-12 00:00:00+00:00,1729.0
Russia,2021-06-16 00:00:00+00:00,1747.0
Russia,2021-06-21 00:00:00+00:00,1731.0
Russia,2021-09-01 00:00:00+00:00,1731.0
Russia,2021-09-04 00:00:00+00:00,1740.0
Russia,2021-09-07 00:00:00+00:00,1742.0
Russia,2021-10-08 00:00:00+00:00,1752.0
Russia,2021-10-11 00:00:00+00:00,1770.0
Russia,2021-11-11 00:00:00+00:00,1773.0
Russia,2021-11-14 00:00:00+00:00,1762.0
Russia,2022-09-24 00:00:00+00:00,1764.0
Russia,2022-11-17 00:00:00+00:00,1756.0
Russia,2022-11-20 00:00:00+00:00,1754.0
Russia,2023-03-23 00:00:00+00:00,1757.0
Russia,2023-03-26 00:00:00+00:00,1763.0
Russia,2023-09-12 00:00:00+00:00,1759.0
Russia,2023-10-12 00:00:00+00:00,1763.0
Russia,2023-10-16 00:00:00+00:00,1755.0
Russia,2023-11-20 00:00:00+00:00,1757.0
Russia,2024-03-21 00:00:00+00:00,1773.0
Russia,2024-06-07 00:00:00+00:00,1781.0
Russia,2024-09-05 00:00:00+00:00,1786.0
Russia,2024-11-15 00:00:00+00:00,1786.0
Russia,2024-11-19 00:00:00+00:00,1789.0
Russia,2025-03-19 00:00:00+00:00,1789.0
Russia,2025-03-25 00:00:00+00:00,1791.0
Russia,2025-06-06 00:00:00+00:00,1784.0
Russia,2025-06-10 00:00:00+00:00,1793.0
Russia,2025-09-04 00:00:00+00:00,1787.0
Russia,2025-09-07 00:00:00+00:00,1796.0
Russia,2025-10-10 00:00:00+00:00,1802.0
Russia,2025-10-14 00:00:00+00:00,1810.0
Russia,2025-11-12 00:00:00+00:00,1805.0
Russia,2025-11-15 00:00:00+00:00,1782.0
Russia,2026-03-27 00:00:00+00:00,1783.0
Russia,2026-03-31 00:00:00+00:00,1776.0
Russia,2026-05-28 00:00:00+00:00,1766.0
Russia,2026-06-05 00:00:00+00:00,1770.0
Russia,2026-06-09 00:00:00+00:00,1772.0
San Marino,2015-03-27 00:00:00+00:00,889.0
San Marino,2015-03-31 00:00:00+00:00,887.0
San Marino,2015-06-14 00:00:00+00:00,886.0
San Marino,2015-09-05 00:00:00+00:00,886.0
San Marino,2015-09-08 00:00:00+00:00,885.0
San Marino,2015-10-09 00:00:00+00:00,885.0
San Marino,2015-10-12 00:00:00+00:00,883.0
San Marino,2016-06-04 00:00:00+00:00,883.0
San Marino,2016-09-04 00:00:00+00:00,879.0
San Marino,2016-10-08 00:00:00+00:00,879.0
San Marino,2016-10-11 00:00:00+00:00,878.0
San Marino,2016-11-11 00:00:00+00:00,878.0
San Marino,2017-02-22 00:00:00+00:00,862.0
San Marino,2017-03-19 00:00:00+00:00,859.0
San Marino,2017-03-26 00:00:00+00:00,858.0
San Marino,2017-05-31 00:00:00+00:00,858.0
San Marino,2017-06-10 00:00:00+00:00,858.0
San Marino,2017-09-01 00:00:00+00:00,857.0
San Marino,2017-09-04 00:00:00+00:00,855.0
San Marino,2017-10-05 00:00:00+00:00,852.0
San Marino,2017-10-08 00:00:00+00:00,852.0
San Marino,2018-09-08 00:00:00+00:00,851.0
San Marino,2018-09-11 00:00:00+00:00,845.0
San Marino,2018-10-12 00:00:00+00:00,843.0
San Marino,2018-10-15 00:00:00+00:00,841.0
San Marino,2018-11-15 00:00:00+00:00,837.0
San Marino,2018-11-18 00:00:00+00:00,835.0
San Marino,2019-03-21 00:00:00+00:00,833.0
San Marino,2019-03-24 00:00:00+00:00,832.0
San Marino,2019-06-08 00:00:00+00:00,832.0
San Marino,2019-06-11 00:00:00+00:00,830.0
San Marino,2019-09-06 00:00:00+00:00,830.0
San Marino,2019-09-09 00:00:00+00:00,825.0
San Marino,2019-10-10 00:00:00+00:00,825.0
San Marino,2019-10-13 00:00:00+00:00,825.0
San Marino,2019-11-16 00:00:00+00:00,821.0
San Marino,2019-11-19 00:00:00+00:00,820.0
San Marino,2020-09-05 00:00:00+00:00,816.0
San Marino,2020-09-08 00:00:00+00:00,808.0
San Marino,2020-10-07 00:00:00+00:00,808.0
San Marino,2020-10-13 00:00:00+00:00,825.0
San Marino,2020-11-11 00:00:00+00:00,820.0
San Marino,2020-11-14 00:00:00+00:00,830.0
San Marino,2021-03-25 00:00:00+00:00,830.0
San Marino,2021-03-28 00:00:00+00:00,829.0
San Marino,2021-03-31 00:00:00+00:00,827.0
San Marino,2021-05-28 00:00:00+00:00,827.0
San Marino,2021-06-01 00:00:00+00:00,827.0
San Marino,2021-09-02 00:00:00+00:00,818.0
San Marino,2021-09-05 00:00:00+00:00,817.0
San Marino,2021-09-08 00:00:00+00:00,816.0
San Marino,2021-10-09 00:00:00+00:00,816.0
San Marino,2021-10-12 00:00:00+00:00,793.0
San Marino,2021-11-12 00:00:00+00:00,793.0
San Marino,2021-11-15 00:00:00+00:00,793.0
San Marino,2022-03-25 00:00:00+00:00,791.0
San Marino,2022-03-28 00:00:00+00:00,790.0
San Marino,2022-06-02 00:00:00+00:00,789.0
San Marino,2022-06-05 00:00:00+00:00,782.0
San Marino,2022-06-09 00:00:00+00:00,782.0
San Marino,2022-06-12 00:00:00+00:00,780.0
San Marino,2022-09-21 00:00:00+00:00,780.0
San Marino,2022-09-26 00:00:00+00:00,777.0
San Marino,2022-11-17 00:00:00+00:00,785.0
San Marino,2022-11-20 00:00:00+00:00,783.0
San Marino,2023-03-23 00:00:00+00:00,782.0
San Marino,2023-03-26 00:00:00+00:00,782.0
San Marino,2023-06-16 00:00:00+00:00,780.0
San Marino,2023-06-19 00:00:00+00:00,780.0
San Marino,2023-09-07 00:00:00+00:00,780.0
San Marino,2023-09-10 00:00:00+00:00,779.0
San Marino,2023-10-14 00:00:00+00:00,778.0
San Marino,2023-10-17 00:00:00+00:00,778.0
San Marino,2023-11-17 00:00:00+00:00,777.0
San Marino,2023-11-20 00:00:00+00:00,777.0
San Marino,2024-03-20 00:00:00+00:00,770.0
San Marino,2024-03-24 00:00:00+00:00,776.0
San Marino,2024-06-05 00:00:00+00:00,776.0
San Marino,2024-06-11 00:00:00+00:00,773.0
San Marino,2024-09-05 00:00:00+00:00,798.0
San Marino,2024-09-10 00:00:00+00:00,798.0
San Marino,2024-10-10 00:00:00+00:00,793.0
San Marino,2024-10-13 00:00:00+00:00,790.0
San Marino,2024-11-15 00:00:00+00:00,799.0
San Marino,2024-11-18 00:00:00+00:00,848.0
San Marino,2025-03-21 00:00:00+00:00,846.0
San Marino,2025-03-24 00:00:00+00:00,845.0
San Marino,2025-06-07 00:00:00+00:00,845.0
San Marino,2025-06-10 00:00:00+00:00,845.0
San Marino,2025-09-06 00:00:00+00:00,842.0
San Marino,2025-09-09 00:00:00+00:00,841.0
San Marino,2025-10-09 00:00:00+00:00,841.0
San Marino,2025-10-12 00:00:00+00:00,833.0
San Marino,2025-11-13 00:00:00+00:00,833.0
San Marino,2025-11-18 00:00:00+00:00,833.0
San Marino,2026-03-28 00:00:00+00:00,832.0
San Marino,2026-03-31 00:00:00+00:00,836.0
San Marino,2026-06-05 00:00:00+00:00,826.0
San Marino,2026-06-09 00:00:00+00:00,825.0
Scotland,2015-03-25 00:00:00+00:00,1725.0
Scotland,2015-03-29 00:00:00+00:00,1726.0
Scotland,2015-06-05 00:00:00+00:00,1729.0
Scotland,2015-06-13 00:00:00+00:00,1734.0
Scotland,2015-09-04 00:00:00+00:00,1705.0
Scotland,2015-09-07 00:00:00+00:00,1699.0
Scotland,2015-10-08 00:00:00+00:00,1695.0
Scotland,2015-10-11 00:00:00+00:00,1698.0
Scotland,2016-03-24 00:00:00+00:00,1712.0
Scotland,2016-03-29 00:00:00+00:00,1720.0
Scotland,2016-05-29 00:00:00+00:00,1714.0
Scotland,2016-06-04 00:00:00+00:00,1710.0
Scotland,2016-09-04 00:00:00+00:00,1718.0
Scotland,2016-10-08 00:00:00+00:00,1702.0
Scotland,2016-10-11 00:00:00+00:00,1678.0
Scotland,2016-11-11 00:00:00+00:00,1669.0
Scotland,2017-03-22 00:00:00+00:00,1663.0
Scotland,2017-03-26 00:00:00+00:00,1677.0
Scotland,2017-06-10 00:00:00+00:00,1685.0
Scotland,2017-09-01 00:00:00+00:00,1707.0
Scotland,2017-09-04 00:00:00+00:00,1709.0
Scotland,2017-10-05 00:00:00+00:00,1727.0
Scotland,2017-10-08 00:00:00+00:00,1728.0
Scotland,2017-11-09 00:00:00+00:00,1719.0
Scotland,2018-03-23 00:00:00+00:00,1707.0
Scotland,2018-03-27 00:00:00+00:00,1717.0
Scotland,2018-05-29 00:00:00+00:00,1712.0
Scotland,2018-06-02 00:00:00+00:00,1708.0
Scotland,2018-09-07 00:00:00+00:00,1701.0
Scotland,2018-09-10 00:00:00+00:00,1714.0
Scotland,2018-10-11 00:00:00+00:00,1688.0
Scotland,2018-10-14 00:00:00+00:00,1680.0
Scotland,2018-11-17 00:00:00+00:00,1712.0
Scotland,2018-11-20 00:00:00+00:00,1720.0
Scotland,2019-03-21 00:00:00+00:00,1662.0
Scotland,2019-03-24 00:00:00+00:00,1663.0
Scotland,2019-06-08 00:00:00+00:00,1668.0
Scotland,2019-06-11 00:00:00+00:00,1664.0
Scotland,2019-09-06 00:00:00+00:00,1644.0
Scotland,2019-09-09 00:00:00+00:00,1633.0
Scotland,2019-10-10 00:00:00+00:00,1619.0
Scotland,2019-10-13 00:00:00+00:00,1619.0
Scotland,2019-11-16 00:00:00+00:00,1633.0
Scotland,2019-11-19 00:00:00+00:00,1639.0
Scotland,2020-09-04 00:00:00+00:00,1629.0
Scotland,2020-09-07 00:00:00+00:00,1661.0
Scotland,2020-10-08 00:00:00+00:00,1650.0
Scotland,2020-10-11 00:00:00+00:00,1666.0
Scotland,2020-10-14 00:00:00+00:00,1686.0
Scotland,2020-11-12 00:00:00+00:00,1695.0
Scotland,2020-11-15 00:00:00+00:00,1679.0
Scotland,2020-11-18 00:00:00+00:00,1659.0
Scotland,2021-03-25 00:00:00+00:00,1661.0
Scotland,2021-03-28 00:00:00+00:00,1662.0
Scotland,2021-03-31 00:00:00+00:00,1666.0
Scotland,2021-06-02 00:00:00+00:00,1673.0
Scotland,2021-06-06 00:00:00+00:00,1678.0
Scotland,2021-06-14 00:00:00+00:00,1639.0
Scotland,2021-06-18 00:00:00+00:00,1661.0
Scotland,2021-06-22 00:00:00+00:00,1629.0
Scotland,2021-09-01 00:00:00+00:00,1624.0
Scotland,2021-09-04 00:00:00+00:00,1626.0
Scotland,2021-09-07 00:00:00+00:00,1657.0
Scotland,2021-10-09 00:00:00+00:00,1671.0
Scotland,2021-10-12 00:00:00+00:00,1676.0
Scotland,2021-11-12 00:00:00+00:00,1682.0
Scotland,2021-11-15 00:00:00+00:00,1728.0
Scotland,2022-03-24 00:00:00+00:00,1726.0
Scotland,2022-03-29 00:00:00+00:00,1729.0
Scotland,2022-06-01 00:00:00+00:00,1698.0
Scotland,2022-06-08 00:00:00+00:00,1708.0
Scotland,2022-06-11 00:00:00+00:00,1677.0
Scotland,2022-06-14 00:00:00+00:00,1705.0
Scotland,2022-09-21 00:00:00+00:00,1744.0
Scotland,2022-09-24 00:00:00+00:00,1756.0
Scotland,2022-09-27 00:00:00+00:00,1760.0
Scotland,2022-11-16 00:00:00+00:00,1751.0
Scotland,2023-03-25 00:00:00+00:00,1755.0
Scotland,2023-03-28 00:00:00+00:00,1797.0
Scotland,2023-06-17 00:00:00+00:00,1820.0
Scotland,2023-06-20 00:00:00+00:00,1831.0
Scotland,2023-09-08 00:00:00+00:00,1838.0
Scotland,2023-09-12 00:00:00+00:00,1826.0
Scotland,2023-10-12 00:00:00+00:00,1816.0
Scotland,2023-10-17 00:00:00+00:00,1813.0
Scotland,2023-11-16 00:00:00+00:00,1809.0
Scotland,2023-11-19 00:00:00+00:00,1800.0
Scotland,2024-03-22 00:00:00+00:00,1793.0
Scotland,2024-03-26 00:00:00+00:00,1775.0
Scotland,2024-06-03 00:00:00+00:00,1775.0
Scotland,2024-06-07 00:00:00+00:00,1769.0
Scotland,2024-06-14 00:00:00+00:00,1751.0
Scotland,2024-06-19 00:00:00+00:00,1758.0
Scotland,2024-06-23 00:00:00+00:00,1734.0
Scotland,2024-09-05 00:00:00+00:00,1708.0
Scotland,2024-09-08 00:00:00+00:00,1704.0
Scotland,2024-10-12 00:00:00+00:00,1698.0
Scotland,2024-10-15 00:00:00+00:00,1708.0
Scotland,2024-11-15 00:00:00+00:00,1734.0
Scotland,2024-11-18 00:00:00+00:00,1759.0
Scotland,2025-03-20 00:00:00+00:00,1787.0
Scotland,2025-03-23 00:00:00+00:00,1742.0
Scotland,2025-06-06 00:00:00+00:00,1716.0
Scotland,2025-06-09 00:00:00+00:00,1717.0
Scotland,2025-09-05 00:00:00+00:00,1729.0
Scotland,2025-09-08 00:00:00+00:00,1741.0
Scotland,2025-10-09 00:00:00+00:00,1767.0
Scotland,2025-10-12 00:00:00+00:00,1771.0
Scotland,2025-11-15 00:00:00+00:00,1756.0
Scotland,2025-11-18 00:00:00+00:00,1790.0
Scotland,2026-03-28 00:00:00+00:00,1780.0
Scotland,2026-03-31 00:00:00+00:00,1767.0
Scotland,2026-05-30 00:00:00+00:00,1770.0
Scotland,2026-06-06 00:00:00+00:00,1782.0
Scotland,2026-06-13 00:00:00+00:00,1794.0
Scotland,2026-06-19 00:00:00+00:00,1768.0
Scotland,2026-06-24 00:00:00+00:00,1745.0
Serbia,2015-03-29 00:00:00+00:00,1719.0
Serbia,2015-06-07 00:00:00+00:00,1724.0
Serbia,2015-06-13 00:00:00+00:00,1705.0
Serbia,2015-09-04 00:00:00+00:00,1715.0
Serbia,2015-09-07 00:00:00+00:00,1712.0
Serbia,2015-10-08 00:00:00+00:00,1742.0
Serbia,2015-10-11 00:00:00+00:00,1726.0
Serbia,2015-11-13 00:00:00+00:00,1715.0
Serbia,2016-03-23 00:00:00+00:00,1709.0
Serbia,2016-03-29 00:00:00+00:00,1716.0
Serbia,2016-05-25 00:00:00+00:00,1718.0
Serbia,2016-05-31 00:00:00+00:00,1724.0
Serbia,2016-06-05 00:00:00+00:00,1725.0
Serbia,2016-09-05 00:00:00+00:00,1721.0
Serbia,2016-10-06 00:00:00+00:00,1733.0
Serbia,2016-10-09 00:00:00+00:00,1747.0
Serbia,2016-11-12 00:00:00+00:00,1754.0
Serbia,2016-11-15 00:00:00+00:00,1743.0
Serbia,2017-01-29 00:00:00+00:00,1746.0
Serbia,2017-03-24 00:00:00+00:00,1762.0
Serbia,2017-06-11 00:00:00+00:00,1757.0
Serbia,2017-09-02 00:00:00+00:00,1761.0
Serbia,2017-09-05 00:00:00+00:00,1787.0
Serbia,2017-10-06 00:00:00+00:00,1766.0
Serbia,2017-10-09 00:00:00+00:00,1770.0
Serbia,2017-11-10 00:00:00+00:00,1782.0
Serbia,2017-11-14 00:00:00+00:00,1783.0
Serbia,2018-03-23 00:00:00+00:00,1770.0
Serbia,2018-03-27 00:00:00+00:00,1783.0
Serbia,2018-06-04 00:00:00+00:00,1775.0
Serbia,2018-06-09 00:00:00+00:00,1788.0
Serbia,2018-06-17 00:00:00+00:00,1814.0
Serbia,2018-06-22 00:00:00+00:00,1792.0
Serbia,2018-06-27 00:00:00+00:00,1781.0
Serbia,2018-09-07 00:00:00+00:00,1787.0
Serbia,2018-09-10 00:00:00+00:00,1778.0
Serbia,2018-10-11 00:00:00+00:00,1803.0
Serbia,2018-10-14 00:00:00+00:00,1805.0
Serbia,2018-11-17 00:00:00+00:00,1811.0
Serbia,2018-11-20 00:00:00+00:00,1814.0
Serbia,2019-03-20 00:00:00+00:00,1820.0
Serbia,2019-03-25 00:00:00+00:00,1831.0
Serbia,2019-06-07 00:00:00+00:00,1798.0
Serbia,2019-06-10 00:00:00+00:00,1800.0
Serbia,2019-09-07 00:00:00+00:00,1777.0
Serbia,2019-09-10 00:00:00+00:00,1785.0
Serbia,2019-10-10 00:00:00+00:00,1791.0
Serbia,2019-10-14 00:00:00+00:00,1795.0
Serbia,2019-11-14 00:00:00+00:00,1797.0
Serbia,2019-11-17 00:00:00+00:00,1794.0
Serbia,2020-09-03 00:00:00+00:00,1772.0
Serbia,2020-09-06 00:00:00+00:00,1765.0
Serbia,2020-10-08 00:00:00+00:00,1789.0
Serbia,2020-10-11 00:00:00+00:00,1758.0
Serbia,2020-10-14 00:00:00+00:00,1764.0
Serbia,2020-11-12 00:00:00+00:00,1755.0
Serbia,2020-11-15 00:00:00+00:00,1759.0
Serbia,2020-11-18 00:00:00+00:00,1789.0
Serbia,2021-01-25 00:00:00+00:00,1780.0
Serbia,2021-01-28 00:00:00+00:00,1776.0
Serbia,2021-03-24 00:00:00+00:00,1785.0
Serbia,2021-03-27 00:00:00+00:00,1793.0
Serbia,2021-03-30 00:00:00+00:00,1799.0
Serbia,2021-06-07 00:00:00+00:00,1793.0
Serbia,2021-06-11 00:00:00+00:00,1785.0
Serbia,2021-09-01 00:00:00+00:00,1799.0
Serbia,2021-09-04 00:00:00+00:00,1803.0
Serbia,2021-09-07 00:00:00+00:00,1797.0
Serbia,2021-10-09 00:00:00+00:00,1803.0
Serbia,2021-10-12 00:00:00+00:00,1805.0
Serbia,2021-11-11 00:00:00+00:00,1812.0
Serbia,2021-11-14 00:00:00+00:00,1846.0
Serbia,2022-03-24 00:00:00+00:00,1855.0
Serbia,2022-03-29 00:00:00+00:00,1845.0
Serbia,2022-06-02 00:00:00+00:00,1815.0
Serbia,2022-06-05 00:00:00+00:00,1825.0
Serbia,2022-06-09 00:00:00+00:00,1849.0
Serbia,2022-06-12 00:00:00+00:00,1841.0
Serbia,2022-09-24 00:00:00+00:00,1860.0
Serbia,2022-09-27 00:00:00+00:00,1892.0
Serbia,2022-11-18 00:00:00+00:00,1898.0
Serbia,2022-11-24 00:00:00+00:00,1882.0
Serbia,2022-11-28 00:00:00+00:00,1862.0
Serbia,2022-12-02 00:00:00+00:00,1835.0
Serbia,2023-01-25 00:00:00+00:00,1847.0
Serbia,2023-03-24 00:00:00+00:00,1848.0
Serbia,2023-03-27 00:00:00+00:00,1863.0
Serbia,2023-06-16 00:00:00+00:00,1866.0
Serbia,2023-06-20 00:00:00+00:00,1853.0
Serbia,2023-09-07 00:00:00+00:00,1826.0
Serbia,2023-09-10 00:00:00+00:00,1830.0
Serbia,2023-10-14 00:00:00+00:00,1816.0
Serbia,2023-10-17 00:00:00+00:00,1823.0
Serbia,2023-11-15 00:00:00+00:00,1819.0
Serbia,2023-11-19 00:00:00+00:00,1801.0
Serbia,2024-03-21 00:00:00+00:00,1785.0
Serbia,2024-03-25 00:00:00+00:00,1787.0
Serbia,2024-06-04 00:00:00+00:00,1782.0
Serbia,2024-06-08 00:00:00+00:00,1800.0
Serbia,2024-06-16 00:00:00+00:00,1787.0
Serbia,2024-06-20 00:00:00+00:00,1784.0
Serbia,2024-06-25 00:00:00+00:00,1788.0
Serbia,2024-09-05 00:00:00+00:00,1801.0
Serbia,2024-09-08 00:00:00+00:00,1783.0
Serbia,2024-10-12 00:00:00+00:00,1811.0
Serbia,2024-10-15 00:00:00+00:00,1806.0
Serbia,2024-11-15 00:00:00+00:00,1812.0
Serbia,2024-11-18 00:00:00+00:00,1809.0
Serbia,2025-03-20 00:00:00+00:00,1818.0
Serbia,2025-03-23 00:00:00+00:00,1843.0
Serbia,2025-06-07 00:00:00+00:00,1837.0
Serbia,2025-06-10 00:00:00+00:00,1837.0
Serbia,2025-09-06 00:00:00+00:00,1840.0
Serbia,2025-09-09 00:00:00+00:00,1805.0
Serbia,2025-10-11 00:00:00+00:00,1772.0
Serbia,2025-10-14 00:00:00+00:00,1774.0
Serbia,2025-11-13 00:00:00+00:00,1767.0
Serbia,2025-11-16 00:00:00+00:00,1768.0
Serbia,2026-03-27 00:00:00+00:00,1766.0
Serbia,2026-03-31 00:00:00+00:00,1769.0
Serbia,2026-05-31 00:00:00+00:00,1742.0
Serbia,2026-06-04 00:00:00+00:00,1734.0
Slovakia,2015-03-27 00:00:00+00:00,1752.0
Slovakia,2015-03-31 00:00:00+00:00,1760.0
Slovakia,2015-06-14 00:00:00+00:00,1764.0
Slovakia,2015-09-05 00:00:00+00:00,1755.0
Slovakia,2015-09-08 00:00:00+00:00,1753.0
Slovakia,2015-10-09 00:00:00+00:00,1719.0
Slovakia,2015-10-12 00:00:00+00:00,1725.0
Slovakia,2015-11-13 00:00:00+00:00,1734.0
Slovakia,2015-11-17 00:00:00+00:00,1743.0
Slovakia,2016-03-25 00:00:00+00:00,1735.0
Slovakia,2016-03-29 00:00:00+00:00,1739.0
Slovakia,2016-05-27 00:00:00+00:00,1744.0
Slovakia,2016-05-29 00:00:00+00:00,1771.0
Slovakia,2016-06-04 00:00:00+00:00,1765.0
Slovakia,2016-06-11 00:00:00+00:00,1732.0
Slovakia,2016-06-15 00:00:00+00:00,1760.0
Slovakia,2016-06-20 00:00:00+00:00,1773.0
Slovakia,2016-06-26 00:00:00+00:00,1758.0
Slovakia,2016-09-04 00:00:00+00:00,1741.0
Slovakia,2016-10-08 00:00:00+00:00,1719.0
Slovakia,2016-10-11 00:00:00+00:00,1743.0
Slovakia,2016-11-11 00:00:00+00:00,1751.0
Slovakia,2016-11-15 00:00:00+00:00,1752.0
Slovakia,2017-03-26 00:00:00+00:00,1756.0
Slovakia,2017-06-10 00:00:00+00:00,1766.0
Slovakia,2017-09-01 00:00:00+00:00,1775.0
Slovakia,2017-09-04 00:00:00+00:00,1767.0
Slovakia,2017-10-05 00:00:00+00:00,1749.0
Slovakia,2017-10-08 00:00:00+00:00,1751.0
Slovakia,2017-11-10 00:00:00+00:00,1743.0
Slovakia,2017-11-14 00:00:00+00:00,1747.0
Slovakia,2018-03-22 00:00:00+00:00,1755.0
Slovakia,2018-03-25 00:00:00+00:00,1761.0
Slovakia,2018-05-31 00:00:00+00:00,1762.0
Slovakia,2018-06-04 00:00:00+00:00,1751.0
Slovakia,2018-09-05 00:00:00+00:00,1771.0
Slovakia,2018-09-09 00:00:00+00:00,1757.0
Slovakia,2018-10-13 00:00:00+00:00,1727.0
Slovakia,2018-10-16 00:00:00+00:00,1732.0
Slovakia,2018-11-16 00:00:00+00:00,1764.0
Slovakia,2018-11-19 00:00:00+00:00,1747.0
Slovakia,2019-03-21 00:00:00+00:00,1759.0
Slovakia,2019-03-24 00:00:00+00:00,1745.0
Slovakia,2019-06-07 00:00:00+00:00,1749.0
Slovakia,2019-06-11 00:00:00+00:00,1762.0
Slovakia,2019-09-06 00:00:00+00:00,1727.0
Slovakia,2019-09-09 00:00:00+00:00,1749.0
Slovakia,2019-10-10 00:00:00+00:00,1744.0
Slovakia,2019-10-13 00:00:00+00:00,1741.0
Slovakia,2019-11-16 00:00:00+00:00,1730.0
Slovakia,2019-11-19 00:00:00+00:00,1734.0
Slovakia,2020-09-04 00:00:00+00:00,1696.0
Slovakia,2020-09-07 00:00:00+00:00,1693.0
Slovakia,2020-10-08 00:00:00+00:00,1688.0
Slovakia,2020-10-11 00:00:00+00:00,1672.0
Slovakia,2020-10-14 00:00:00+00:00,1641.0
Slovakia,2020-11-12 00:00:00+00:00,1665.0
Slovakia,2020-11-15 00:00:00+00:00,1681.0
Slovakia,2020-11-18 00:00:00+00:00,1664.0
Slovakia,2021-03-24 00:00:00+00:00,1652.0
Slovakia,2021-03-27 00:00:00+00:00,1634.0
Slovakia,2021-03-30 00:00:00+00:00,1655.0
Slovakia,2021-06-01 00:00:00+00:00,1651.0
Slovakia,2021-06-06 00:00:00+00:00,1656.0
Slovakia,2021-06-14 00:00:00+00:00,1691.0
Slovakia,2021-06-18 00:00:00+00:00,1678.0
Slovakia,2021-06-23 00:00:00+00:00,1670.0
Slovakia,2021-09-01 00:00:00+00:00,1673.0
Slovakia,2021-09-04 00:00:00+00:00,1656.0
Slovakia,2021-09-07 00:00:00+00:00,1660.0
Slovakia,2021-10-08 00:00:00+00:00,1650.0
Slovakia,2021-10-11 00:00:00+00:00,1664.0
Slovakia,2021-11-11 00:00:00+00:00,1655.0
Slovakia,2021-11-14 00:00:00+00:00,1667.0
Slovakia,2022-03-25 00:00:00+00:00,1659.0
Slovakia,2022-03-29 00:00:00+00:00,1676.0
Slovakia,2022-06-03 00:00:00+00:00,1685.0
Slovakia,2022-06-06 00:00:00+00:00,1648.0
Slovakia,2022-06-10 00:00:00+00:00,1655.0
Slovakia,2022-06-13 00:00:00+00:00,1626.0
Slovakia,2022-09-22 00:00:00+00:00,1590.0
Slovakia,2022-09-25 00:00:00+00:00,1576.0
Slovakia,2022-11-17 00:00:00+00:00,1578.0
Slovakia,2022-11-20 00:00:00+00:00,1579.0
Slovakia,2023-03-23 00:00:00+00:00,1567.0
Slovakia,2023-03-26 00:00:00+00:00,1594.0
Slovakia,2023-06-17 00:00:00+00:00,1616.0
Slovakia,2023-06-20 00:00:00+00:00,1618.0
Slovakia,2023-09-08 00:00:00+00:00,1612.0
Slovakia,2023-09-11 00:00:00+00:00,1613.0
Slovakia,2023-10-13 00:00:00+00:00,1611.0
Slovakia,2023-10-16 00:00:00+00:00,1631.0
Slovakia,2023-11-16 00:00:00+00:00,1643.0
Slovakia,2023-11-19 00:00:00+00:00,1661.0
Slovakia,2024-03-23 00:00:00+00:00,1649.0
Slovakia,2024-03-26 00:00:00+00:00,1654.0
Slovakia,2024-06-05 00:00:00+00:00,1654.0
Slovakia,2024-06-09 00:00:00+00:00,1670.0
Slovakia,2024-06-17 00:00:00+00:00,1713.0
Slovakia,2024-06-21 00:00:00+00:00,1693.0
Slovakia,2024-06-26 00:00:00+00:00,1693.0
Slovakia,2024-06-30 00:00:00+00:00,1684.0
Slovakia,2024-09-05 00:00:00+00:00,1693.0
Slovakia,2024-09-08 00:00:00+00:00,1701.0
Slovakia,2024-10-11 00:00:00+00:00,1695.0
Slovakia,2024-10-14 00:00:00+00:00,1712.0
Slovakia,2024-11-16 00:00:00+00:00,1698.0
Slovakia,2024-11-19 00:00:00+00:00,1701.0
Slovakia,2025-03-20 00:00:00+00:00,1697.0
Slovakia,2025-03-23 00:00:00+00:00,1684.0
Slovakia,2025-06-07 00:00:00+00:00,1677.0
Slovakia,2025-06-10 00:00:00+00:00,1665.0
Slovakia,2025-09-04 00:00:00+00:00,1707.0
Slovakia,2025-09-07 00:00:00+00:00,1717.0
Slovakia,2025-10-10 00:00:00+00:00,1684.0
Slovakia,2025-10-13 00:00:00+00:00,1690.0
Slovakia,2025-11-14 00:00:00+00:00,1700.0
Slovakia,2025-11-17 00:00:00+00:00,1687.0
Slovakia,2026-03-26 00:00:00+00:00,1663.0
Slovakia,2026-03-31 00:00:00+00:00,1673.0
Slovakia,2026-06-01 00:00:00+00:00,1674.0
Slovakia,2026-06-05 00:00:00+00:00,1667.0
Slovenia,2015-03-27 00:00:00+00:00,1655.0
Slovenia,2015-03-30 00:00:00+00:00,1644.0
Slovenia,2015-06-14 00:00:00+00:00,1634.0
Slovenia,2015-09-05 00:00:00+00:00,1627.0
Slovenia,2015-09-08 00:00:00+00:00,1635.0
Slovenia,2015-10-09 00:00:00+00:00,1621.0
Slovenia,2015-10-12 00:00:00+00:00,1623.0
Slovenia,2015-11-14 00:00:00+00:00,1613.0
Slovenia,2015-11-17 00:00:00+00:00,1619.0
Slovenia,2016-03-23 00:00:00+00:00,1622.0
Slovenia,2016-03-28 00:00:00+00:00,1614.0
Slovenia,2016-05-30 00:00:00+00:00,1620.0
Slovenia,2016-06-05 00:00:00+00:00,1613.0
Slovenia,2016-09-04 00:00:00+00:00,1609.0
Slovenia,2016-10-08 00:00:00+00:00,1631.0
Slovenia,2016-10-11 00:00:00+00:00,1641.0
Slovenia,2016-11-11 00:00:00+00:00,1646.0
Slovenia,2016-11-14 00:00:00+00:00,1653.0
Slovenia,2017-03-26 00:00:00+00:00,1639.0
Slovenia,2017-06-10 00:00:00+00:00,1642.0
Slovenia,2017-09-01 00:00:00+00:00,1633.0
Slovenia,2017-09-04 00:00:00+00:00,1644.0
Slovenia,2017-10-05 00:00:00+00:00,1640.0
Slovenia,2017-10-08 00:00:00+00:00,1639.0
Slovenia,2018-03-23 00:00:00+00:00,1629.0
Slovenia,2018-03-27 00:00:00+00:00,1606.0
Slovenia,2018-06-02 00:00:00+00:00,1626.0
Slovenia,2018-09-06 00:00:00+00:00,1600.0
Slovenia,2018-09-09 00:00:00+00:00,1574.0
Slovenia,2018-10-13 00:00:00+00:00,1563.0
Slovenia,2018-10-16 00:00:00+00:00,1551.0
Slovenia,2018-11-16 00:00:00+00:00,1551.0
Slovenia,2018-11-19 00:00:00+00:00,1561.0
Slovenia,2019-03-21 00:00:00+00:00,1567.0
Slovenia,2019-03-24 00:00:00+00:00,1559.0
Slovenia,2019-06-07 00:00:00+00:00,1551.0
Slovenia,2019-06-10 00:00:00+00:00,1572.0
Slovenia,2019-09-06 00:00:00+00:00,1613.0
Slovenia,2019-09-09 00:00:00+00:00,1626.0
Slovenia,2019-10-10 00:00:00+00:00,1606.0
Slovenia,2019-10-13 00:00:00+00:00,1589.0
Slovenia,2019-11-16 00:00:00+00:00,1592.0
Slovenia,2019-11-19 00:00:00+00:00,1586.0
Slovenia,2020-09-03 00:00:00+00:00,1582.0
Slovenia,2020-09-06 00:00:00+00:00,1585.0
Slovenia,2020-10-07 00:00:00+00:00,1585.0
Slovenia,2020-10-11 00:00:00+00:00,1607.0
Slovenia,2020-10-14 00:00:00+00:00,1621.0
Slovenia,2020-11-11 00:00:00+00:00,1613.0
Slovenia,2020-11-15 00:00:00+00:00,1622.0
Slovenia,2020-11-18 00:00:00+00:00,1628.0
Slovenia,2021-03-24 00:00:00+00:00,1655.0
Slovenia,2021-03-27 00:00:00+00:00,1645.0
Slovenia,2021-03-30 00:00:00+00:00,1614.0
Slovenia,2021-06-01 00:00:00+00:00,1616.0
Slovenia,2021-06-04 00:00:00+00:00,1617.0
Slovenia,2021-09-01 00:00:00+00:00,1614.0
Slovenia,2021-09-04 00:00:00+00:00,1617.0
Slovenia,2021-09-07 00:00:00+00:00,1608.0
Slovenia,2021-10-08 00:00:00+00:00,1622.0
Slovenia,2021-10-11 00:00:00+00:00,1604.0
Slovenia,2021-11-11 00:00:00+00:00,1613.0
Slovenia,2021-11-14 00:00:00+00:00,1616.0
Slovenia,2022-03-26 00:00:00+00:00,1622.0
Slovenia,2022-03-29 00:00:00+00:00,1626.0
Slovenia,2022-06-02 00:00:00+00:00,1603.0
Slovenia,2022-06-05 00:00:00+00:00,1593.0
Slovenia,2022-06-09 00:00:00+00:00,1607.0
Slovenia,2022-06-12 00:00:00+00:00,1615.0
Slovenia,2022-09-24 00:00:00+00:00,1640.0
Slovenia,2022-09-27 00:00:00+00:00,1651.0
Slovenia,2022-11-17 00:00:00+00:00,1663.0
Slovenia,2022-11-20 00:00:00+00:00,1667.0
Slovenia,2023-03-23 00:00:00+00:00,1678.0
Slovenia,2023-03-26 00:00:00+00:00,1678.0
Slovenia,2023-06-16 00:00:00+00:00,1656.0
Slovenia,2023-06-19 00:00:00+00:00,1662.0
Slovenia,2023-09-07 00:00:00+00:00,1672.0
Slovenia,2023-09-10 00:00:00+00:00,1673.0
Slovenia,2023-10-14 00:00:00+00:00,1700.0
Slovenia,2023-10-17 00:00:00+00:00,1712.0
Slovenia,2023-11-17 00:00:00+00:00,1705.0
Slovenia,2023-11-20 00:00:00+00:00,1710.0
Slovenia,2024-01-20 00:00:00+00:00,1724.0
Slovenia,2024-03-21 00:00:00+00:00,1716.0
Slovenia,2024-03-26 00:00:00+00:00,1739.0
Slovenia,2024-06-04 00:00:00+00:00,1741.0
Slovenia,2024-06-08 00:00:00+00:00,1733.0
Slovenia,2024-06-16 00:00:00+00:00,1740.0
Slovenia,2024-06-20 00:00:00+00:00,1743.0
Slovenia,2024-06-25 00:00:00+00:00,1758.0
Slovenia,2024-07-01 00:00:00+00:00,1771.0
Slovenia,2024-09-06 00:00:00+00:00,1771.0
Slovenia,2024-09-09 00:00:00+00:00,1777.0
Slovenia,2024-10-10 00:00:00+00:00,1749.0
Slovenia,2024-10-13 00:00:00+00:00,1759.0
Slovenia,2024-11-14 00:00:00+00:00,1714.0
Slovenia,2024-11-17 00:00:00+00:00,1727.0
Slovenia,2025-03-20 00:00:00+00:00,1731.0
Slovenia,2025-03-23 00:00:00+00:00,1744.0
Slovenia,2025-06-06 00:00:00+00:00,1749.0
Slovenia,2025-06-10 00:00:00+00:00,1752.0
Slovenia,2025-09-05 00:00:00+00:00,1747.0
Slovenia,2025-09-08 00:00:00+00:00,1731.0
Slovenia,2025-10-10 00:00:00+00:00,1731.0
Slovenia,2025-10-13 00:00:00+00:00,1735.0
Slovenia,2025-11-15 00:00:00+00:00,1691.0
Slovenia,2025-11-18 00:00:00+00:00,1695.0
Slovenia,2026-03-28 00:00:00+00:00,1688.0
Slovenia,2026-03-31 00:00:00+00:00,1694.0
Slovenia,2026-06-04 00:00:00+00:00,1685.0
Slovenia,2026-06-07 00:00:00+00:00,1682.0
Spain,2015-03-27 00:00:00+00:00,1960.0
Spain,2015-03-31 00:00:00+00:00,1951.0
Spain,2015-06-11 00:00:00+00:00,1956.0
Spain,2015-06-14 00:00:00+00:00,1962.0
Spain,2015-09-05 00:00:00+00:00,1971.0
Spain,2015-09-08 00:00:00+00:00,1974.0
Spain,2015-10-09 00:00:00+00:00,1975.0
Spain,2015-10-12 00:00:00+00:00,1992.0
Spain,2015-11-13 00:00:00+00:00,2001.0
Spain,2016-03-24 00:00:00+00:00,2000.0
Spain,2016-03-27 00:00:00+00:00,1996.0
Spain,2016-05-29 00:00:00+00:00,2002.0
Spain,2016-06-01 00:00:00+00:00,2011.0
Spain,2016-06-07 00:00:00+00:00,1991.0
Spain,2016-06-13 00:00:00+00:00,2001.0
Spain,2016-06-17 00:00:00+00:00,2022.0
Spain,2016-06-21 00:00:00+00:00,1985.0
Spain,2016-06-27 00:00:00+00:00,1938.0
Spain,2016-09-01 00:00:00+00:00,1955.0
Spain,2016-09-05 00:00:00+00:00,1956.0
Spain,2016-10-06 00:00:00+00:00,1961.0
Spain,2016-10-09 00:00:00+00:00,1974.0
Spain,2016-11-12 00:00:00+00:00,1976.0
Spain,2016-11-15 00:00:00+00:00,1978.0
Spain,2017-03-24 00:00:00+00:00,1983.0
Spain,2017-03-28 00:00:00+00:00,2003.0
Spain,2017-06-07 00:00:00+00:00,1999.0
Spain,2017-06-11 00:00:00+00:00,2002.0
Spain,2017-09-02 00:00:00+00:00,2024.0
Spain,2017-09-05 00:00:00+00:00,2025.0
Spain,2017-10-06 00:00:00+00:00,2028.0
Spain,2017-10-09 00:00:00+00:00,2032.0
Spain,2017-11-11 00:00:00+00:00,2036.0
Spain,2017-11-14 00:00:00+00:00,2030.0
Spain,2018-03-23 00:00:00+00:00,2035.0
Spain,2018-03-27 00:00:00+00:00,2047.0
Spain,2018-06-03 00:00:00+00:00,2041.0
Spain,2018-06-09 00:00:00+00:00,2043.0
Spain,2018-06-15 00:00:00+00:00,2037.0
Spain,2018-06-20 00:00:00+00:00,2050.0
Spain,2018-06-25 00:00:00+00:00,2027.0
Spain,2018-07-01 00:00:00+00:00,2009.0
Spain,2018-09-08 00:00:00+00:00,2029.0
Spain,2018-09-11 00:00:00+00:00,2051.0
Spain,2018-10-11 00:00:00+00:00,2061.0
Spain,2018-10-15 00:00:00+00:00,2029.0
Spain,2018-11-15 00:00:00+00:00,2008.0
Spain,2018-11-18 00:00:00+00:00,2011.0
Spain,2019-03-23 00:00:00+00:00,2014.0
Spain,2019-03-26 00:00:00+00:00,2015.0
Spain,2019-06-07 00:00:00+00:00,2016.0
Spain,2019-06-10 00:00:00+00:00,2028.0
Spain,2019-09-05 00:00:00+00:00,2039.0
Spain,2019-09-08 00:00:00+00:00,2039.0
Spain,2019-10-12 00:00:00+00:00,2027.0
Spain,2019-10-15 00:00:00+00:00,2021.0
Spain,2019-11-15 00:00:00+00:00,2021.0
Spain,2019-11-18 00:00:00+00:00,2028.0
Spain,2020-09-03 00:00:00+00:00,2030.0
Spain,2020-09-06 00:00:00+00:00,2044.0
Spain,2020-10-07 00:00:00+00:00,2046.0
Spain,2020-10-10 00:00:00+00:00,2053.0
Spain,2020-10-13 00:00:00+00:00,2026.0
Spain,2020-11-11 00:00:00+00:00,2027.0
Spain,2020-11-14 00:00:00+00:00,2024.0
Spain,2020-11-17 00:00:00+00:00,2050.0
Spain,2021-03-25 00:00:00+00:00,2032.0
Spain,2021-03-28 00:00:00+00:00,2035.0
Spain,2021-03-31 00:00:00+00:00,2036.0
Spain,2021-06-04 00:00:00+00:00,2033.0
Spain,2021-06-08 00:00:00+00:00,2033.0
Spain,2021-06-14 00:00:00+00:00,2016.0
Spain,2021-06-19 00:00:00+00:00,1997.0
Spain,2021-06-23 00:00:00+00:00,2005.0
Spain,2021-06-28 00:00:00+00:00,2027.0
Spain,2021-07-02 00:00:00+00:00,2019.0
Spain,2021-07-06 00:00:00+00:00,2024.0
Spain,2021-09-02 00:00:00+00:00,2001.0
Spain,2021-09-05 00:00:00+00:00,2003.0
Spain,2021-09-08 00:00:00+00:00,2009.0
Spain,2021-10-06 00:00:00+00:00,2045.0
Spain,2021-10-10 00:00:00+00:00,2023.0
Spain,2021-11-11 00:00:00+00:00,2031.0
Spain,2021-11-14 00:00:00+00:00,2037.0
Spain,2022-03-26 00:00:00+00:00,2038.0
Spain,2022-03-29 00:00:00+00:00,2039.0
Spain,2022-06-02 00:00:00+00:00,2031.0
Spain,2022-06-05 00:00:00+00:00,2026.0
Spain,2022-06-09 00:00:00+00:00,2043.0
Spain,2022-06-12 00:00:00+00:00,2052.0
Spain,2022-09-24 00:00:00+00:00,2019.0
Spain,2022-09-27 00:00:00+00:00,2045.0
Spain,2022-11-17 00:00:00+00:00,2049.0
Spain,2022-11-23 00:00:00+00:00,2069.0
Spain,2022-11-27 00:00:00+00:00,2057.0
Spain,2022-12-01 00:00:00+00:00,2008.0
Spain,2022-12-06 00:00:00+00:00,1997.0
Spain,2023-03-25 00:00:00+00:00,2006.0
Spain,2023-03-28 00:00:00+00:00,1964.0
Spain,2023-06-15 00:00:00+00:00,1988.0
Spain,2023-06-18 00:00:00+00:00,1990.0
Spain,2023-09-08 00:00:00+00:00,2007.0
Spain,2023-09-12 00:00:00+00:00,2008.0
Spain,2023-10-12 00:00:00+00:00,2018.0
Spain,2023-10-15 00:00:00+00:00,2029.0
Spain,2023-11-16 00:00:00+00:00,2031.0
Spain,2023-11-19 00:00:00+00:00,2034.0
Spain,2024-03-22 00:00:00+00:00,2023.0
Spain,2024-03-26 00:00:00+00:00,2020.0
Spain,2024-06-05 00:00:00+00:00,2020.0
Spain,2024-06-08 00:00:00+00:00,2021.0
Spain,2024-06-15 00:00:00+00:00,2058.0
Spain,2024-06-20 00:00:00+00:00,2076.0
Spain,2024-06-24 00:00:00+00:00,2080.0
Spain,2024-06-30 00:00:00+00:00,2089.0
Spain,2024-07-05 00:00:00+00:00,2112.0
Spain,2024-07-09 00:00:00+00:00,2134.0
Spain,2024-07-14 00:00:00+00:00,2150.0
Spain,2024-09-05 00:00:00+00:00,2137.0
Spain,2024-09-08 00:00:00+00:00,2157.0
Spain,2024-10-12 00:00:00+00:00,2161.0
Spain,2024-10-15 00:00:00+00:00,2166.0
Spain,2024-11-15 00:00:00+00:00,2175.0
Spain,2024-11-18 00:00:00+00:00,2178.0
Spain,2025-03-20 00:00:00+00:00,2168.0
Spain,2025-03-23 00:00:00+00:00,2150.0
Spain,2025-06-05 00:00:00+00:00,2167.0
Spain,2025-06-08 00:00:00+00:00,2157.0
Spain,2025-09-04 00:00:00+00:00,2159.0
Spain,2025-09-07 00:00:00+00:00,2179.0
Spain,2025-10-11 00:00:00+00:00,2181.0
Spain,2025-10-14 00:00:00+00:00,2182.0
Spain,2025-11-15 00:00:00+00:00,2189.0
Spain,2025-11-18 00:00:00+00:00,2172.0
Spain,2026-03-27 00:00:00+00:00,2174.0
Spain,2026-03-31 00:00:00+00:00,2165.0
Spain,2026-06-04 00:00:00+00:00,2155.0
Spain,2026-06-08 00:00:00+00:00,2157.0
Spain,2026-06-15 00:00:00+00:00,2129.0
Spain,2026-06-21 00:00:00+00:00,2134.0
Spain,2026-06-26 00:00:00+00:00,2144.0
Spain,2026-07-02 00:00:00+00:00,2159.0
Spain,2026-07-06 00:00:00+00:00,2177.0
Spain,2026-07-10 00:00:00+00:00,2190.0
Spain,2026-07-14 00:00:00+00:00,2232.0
Spain,2026-07-19 00:00:00+00:00,2259.0
Sweden,2015-01-15 00:00:00+00:00,1794.0
Sweden,2015-01-19 00:00:00+00:00,1779.0
Sweden,2015-03-27 00:00:00+00:00,1789.0
Sweden,2015-03-31 00:00:00+00:00,1798.0
Sweden,2015-06-08 00:00:00+00:00,1796.0
Sweden,2015-06-14 00:00:00+00:00,1805.0
Sweden,2015-09-05 00:00:00+00:00,1787.0
Sweden,2015-09-08 00:00:00+00:00,1739.0
Sweden,2015-10-09 00:00:00+00:00,1744.0
Sweden,2015-10-12 00:00:00+00:00,1747.0
Sweden,2015-11-14 00:00:00+00:00,1761.0
Sweden,2015-11-17 00:00:00+00:00,1765.0
Sweden,2016-01-06 00:00:00+00:00,1758.0
Sweden,2016-01-10 00:00:00+00:00,1768.0
Sweden,2016-03-24 00:00:00+00:00,1762.0
Sweden,2016-03-29 00:00:00+00:00,1759.0
Sweden,2016-05-30 00:00:00+00:00,1753.0
Sweden,2016-06-05 00:00:00+00:00,1762.0
Sweden,2016-06-13 00:00:00+00:00,1762.0
Sweden,2016-06-17 00:00:00+00:00,1747.0
Sweden,2016-06-22 00:00:00+00:00,1733.0
Sweden,2016-09-06 00:00:00+00:00,1737.0
Sweden,2016-10-07 00:00:00+00:00,1741.0
Sweden,2016-10-10 00:00:00+00:00,1754.0
Sweden,2016-11-11 00:00:00+00:00,1749.0
Sweden,2016-11-15 00:00:00+00:00,1766.0
Sweden,2017-01-08 00:00:00+00:00,1755.0
Sweden,2017-03-25 00:00:00+00:00,1768.0
Sweden,2017-03-28 00:00:00+00:00,1785.0
Sweden,2017-06-09 00:00:00+00:00,1811.0
Sweden,2017-06-13 00:00:00+00:00,1807.0
Sweden,2017-08-31 00:00:00+00:00,1782.0
Sweden,2017-09-03 00:00:00+00:00,1805.0
Sweden,2017-10-07 00:00:00+00:00,1808.0
Sweden,2017-10-10 00:00:00+00:00,1790.0
Sweden,2017-11-10 00:00:00+00:00,1813.0
Sweden,2017-11-13 00:00:00+00:00,1823.0
Sweden,2018-01-07 00:00:00+00:00,1816.0
Sweden,2018-03-24 00:00:00+00:00,1804.0
Sweden,2018-03-27 00:00:00+00:00,1794.0
Sweden,2018-06-02 00:00:00+00:00,1792.0
Sweden,2018-06-09 00:00:00+00:00,1793.0
Sweden,2018-06-18 00:00:00+00:00,1816.0
Sweden,2018-06-23 00:00:00+00:00,1802.0
Sweden,2018-06-27 00:00:00+00:00,1870.0
Sweden,2018-07-03 00:00:00+00:00,1904.0
Sweden,2018-07-07 00:00:00+00:00,1864.0
Sweden,2018-09-06 00:00:00+00:00,1848.0
Sweden,2018-09-10 00:00:00+00:00,1816.0
Sweden,2018-10-11 00:00:00+00:00,1818.0
Sweden,2018-10-16 00:00:00+00:00,1813.0
Sweden,2018-11-17 00:00:00+00:00,1833.0
Sweden,2018-11-20 00:00:00+00:00,1850.0
Sweden,2019-01-08 00:00:00+00:00,1834.0
Sweden,2019-01-11 00:00:00+00:00,1830.0
Sweden,2019-03-23 00:00:00+00:00,1841.0
Sweden,2019-03-26 00:00:00+00:00,1837.0
Sweden,2019-06-07 00:00:00+00:00,1838.0
Sweden,2019-06-10 00:00:00+00:00,1826.0
Sweden,2019-09-05 00:00:00+00:00,1830.0
Sweden,2019-09-08 00:00:00+00:00,1818.0
Sweden,2019-10-12 00:00:00+00:00,1821.0
Sweden,2019-10-15 00:00:00+00:00,1827.0
Sweden,2019-11-15 00:00:00+00:00,1858.0
Sweden,2019-11-18 00:00:00+00:00,1859.0
Sweden,2020-01-09 00:00:00+00:00,1860.0
Sweden,2020-01-12 00:00:00+00:00,1863.0
Sweden,2020-09-05 00:00:00+00:00,1848.0
Sweden,2020-09-08 00:00:00+00:00,1823.0
Sweden,2020-10-08 00:00:00+00:00,1836.0
Sweden,2020-10-11 00:00:00+00:00,1825.0
Sweden,2020-10-14 00:00:00+00:00,1815.0
Sweden,2020-11-11 00:00:00+00:00,1808.0
Sweden,2020-11-14 00:00:00+00:00,1827.0
Sweden,2020-11-17 00:00:00+00:00,1820.0
Sweden,2021-03-25 00:00:00+00:00,1823.0
Sweden,2021-03-28 00:00:00+00:00,1838.0
Sweden,2021-03-31 00:00:00+00:00,1839.0
Sweden,2021-05-29 00:00:00+00:00,1845.0
Sweden,2021-06-05 00:00:00+00:00,1848.0
Sweden,2021-06-14 00:00:00+00:00,1865.0
Sweden,2021-06-18 00:00:00+00:00,1878.0
Sweden,2021-06-23 00:00:00+00:00,1896.0
Sweden,2021-06-29 00:00:00+00:00,1863.0
Sweden,2021-09-02 00:00:00+00:00,1886.0
Sweden,2021-09-05 00:00:00+00:00,1887.0
Sweden,2021-09-08 00:00:00+00:00,1860.0
Sweden,2021-10-09 00:00:00+00:00,1865.0
Sweden,2021-10-12 00:00:00+00:00,1876.0
Sweden,2021-11-11 00:00:00+00:00,1826.0
Sweden,2021-11-14 00:00:00+00:00,1820.0
Sweden,2022-03-24 00:00:00+00:00,1835.0
Sweden,2022-03-29 00:00:00+00:00,1808.0
Sweden,2022-06-02 00:00:00+00:00,1831.0
Sweden,2022-06-05 00:00:00+00:00,1803.0
Sweden,2022-06-09 00:00:00+00:00,1779.0
Sweden,2022-06-12 00:00:00+00:00,1765.0
Sweden,2022-09-24 00:00:00+00:00,1746.0
Sweden,2022-09-27 00:00:00+00:00,1735.0
Sweden,2022-11-16 00:00:00+00:00,1747.0
Sweden,2022-11-19 00:00:00+00:00,1757.0
Sweden,2023-01-09 00:00:00+00:00,1769.0
Sweden,2023-01-12 00:00:00+00:00,1773.0
Sweden,2023-03-24 00:00:00+00:00,1745.0
Sweden,2023-03-27 00:00:00+00:00,1751.0
Sweden,2023-06-16 00:00:00+00:00,1756.0
Sweden,2023-06-20 00:00:00+00:00,1736.0
Sweden,2023-09-09 00:00:00+00:00,1756.0
Sweden,2023-09-12 00:00:00+00:00,1720.0
Sweden,2023-10-12 00:00:00+00:00,1722.0
Sweden,2023-10-16 00:00:00+00:00,1738.0
Sweden,2023-11-16 00:00:00+00:00,1686.0
Sweden,2023-11-19 00:00:00+00:00,1691.0
Sweden,2024-01-12 00:00:00+00:00,1694.0
Sweden,2024-03-21 00:00:00+00:00,1691.0
Sweden,2024-03-25 00:00:00+00:00,1696.0
Sweden,2024-06-05 00:00:00+00:00,1692.0
Sweden,2024-06-08 00:00:00+00:00,1674.0
Sweden,2024-09-05 00:00:00+00:00,1697.0
Sweden,2024-09-08 00:00:00+00:00,1702.0
Sweden,2024-10-11 00:00:00+00:00,1708.0
Sweden,2024-10-14 00:00:00+00:00,1723.0
Sweden,2024-11-16 00:00:00+00:00,1737.0
Sweden,2024-11-19 00:00:00+00:00,1744.0
Sweden,2025-03-22 00:00:00+00:00,1729.0
Sweden,2025-03-25 00:00:00+00:00,1736.0
Sweden,2025-06-06 00:00:00+00:00,1754.0
Sweden,2025-06-10 00:00:00+00:00,1760.0
Sweden,2025-09-05 00:00:00+00:00,1765.0
Sweden,2025-09-08 00:00:00+00:00,1729.0
Sweden,2025-10-10 00:00:00+00:00,1703.0
Sweden,2025-10-13 00:00:00+00:00,1674.0
Sweden,2025-11-15 00:00:00+00:00,1664.0
Sweden,2025-11-18 00:00:00+00:00,1660.0
Sweden,2026-03-26 00:00:00+00:00,1702.0
Sweden,2026-03-31 00:00:00+00:00,1719.0
Sweden,2026-06-01 00:00:00+00:00,1714.0
Sweden,2026-06-04 00:00:00+00:00,1712.0
Sweden,2026-06-14 00:00:00+00:00,1755.0
Sweden,2026-06-20 00:00:00+00:00,1727.0
Sweden,2026-06-25 00:00:00+00:00,1742.0
Sweden,2026-06-30 00:00:00+00:00,1731.0
Switzerland,2015-03-27 00:00:00+00:00,1796.0
Switzerland,2015-03-31 00:00:00+00:00,1793.0
Switzerland,2015-06-10 00:00:00+00:00,1794.0
Switzerland,2015-06-14 00:00:00+00:00,1801.0
Switzerland,2015-09-05 00:00:00+00:00,1808.0
Switzerland,2015-09-08 00:00:00+00:00,1795.0
Switzerland,2015-10-09 00:00:00+00:00,1795.0
Switzerland,2015-10-12 00:00:00+00:00,1804.0
Switzerland,2015-11-13 00:00:00+00:00,1795.0
Switzerland,2015-11-17 00:00:00+00:00,1808.0
Switzerland,2016-03-25 00:00:00+00:00,1800.0
Switzerland,2016-03-29 00:00:00+00:00,1778.0
Switzerland,2016-05-28 00:00:00+00:00,1769.0
Switzerland,2016-06-03 00:00:00+00:00,1770.0
Switzerland,2016-06-11 00:00:00+00:00,1785.0
Switzerland,2016-06-15 00:00:00+00:00,1783.0
Switzerland,2016-06-19 00:00:00+00:00,1801.0
Switzerland,2016-06-25 00:00:00+00:00,1802.0
Switzerland,2016-09-06 00:00:00+00:00,1837.0
Switzerland,2016-10-07 00:00:00+00:00,1855.0
Switzerland,2016-10-10 00:00:00+00:00,1855.0
Switzerland,2016-11-13 00:00:00+00:00,1856.0
Switzerland,2017-03-25 00:00:00+00:00,1858.0
Switzerland,2017-06-01 00:00:00+00:00,1860.0
Switzerland,2017-06-09 00:00:00+00:00,1864.0
Switzerland,2017-08-31 00:00:00+00:00,1864.0
Switzerland,2017-09-03 00:00:00+00:00,1871.0
Switzerland,2017-10-07 00:00:00+00:00,1879.0
Switzerland,2017-10-10 00:00:00+00:00,1865.0
Switzerland,2017-11-09 00:00:00+00:00,1880.0
Switzerland,2017-11-12 00:00:00+00:00,1865.0
Switzerland,2018-03-23 00:00:00+00:00,1872.0
Switzerland,2018-03-27 00:00:00+00:00,1878.0
Switzerland,2018-06-03 00:00:00+00:00,1884.0
Switzerland,2018-06-08 00:00:00+00:00,1888.0
Switzerland,2018-06-17 00:00:00+00:00,1907.0
Switzerland,2018-06-22 00:00:00+00:00,1929.0
Switzerland,2018-06-27 00:00:00+00:00,1912.0
Switzerland,2018-07-03 00:00:00+00:00,1878.0
Switzerland,2018-09-08 00:00:00+00:00,1893.0
Switzerland,2018-09-11 00:00:00+00:00,1886.0
Switzerland,2018-10-12 00:00:00+00:00,1880.0
Switzerland,2018-10-15 00:00:00+00:00,1895.0
Switzerland,2018-11-14 00:00:00+00:00,1876.0
Switzerland,2018-11-18 00:00:00+00:00,1921.0
Switzerland,2019-03-23 00:00:00+00:00,1931.0
Switzerland,2019-03-26 00:00:00+00:00,1923.0
Switzerland,2019-06-05 00:00:00+00:00,1897.0
Switzerland,2019-06-09 00:00:00+00:00,1900.0
Switzerland,2019-09-05 00:00:00+00:00,1896.0
Switzerland,2019-09-08 00:00:00+00:00,1896.0
Switzerland,2019-10-12 00:00:00+00:00,1881.0
Switzerland,2019-10-15 00:00:00+00:00,1893.0
Switzerland,2019-11-15 00:00:00+00:00,1896.0
Switzerland,2019-11-18 00:00:00+00:00,1897.0
Switzerland,2020-09-03 00:00:00+00:00,1880.0
Switzerland,2020-09-06 00:00:00+00:00,1879.0
Switzerland,2020-10-07 00:00:00+00:00,1866.0
Switzerland,2020-10-10 00:00:00+00:00,1859.0
Switzerland,2020-10-13 00:00:00+00:00,1870.0
Switzerland,2020-11-11 00:00:00+00:00,1867.0
Switzerland,2020-11-14 00:00:00+00:00,1870.0
Switzerland,2021-03-25 00:00:00+00:00,1881.0
Switzerland,2021-03-28 00:00:00+00:00,1882.0
Switzerland,2021-03-31 00:00:00+00:00,1885.0
Switzerland,2021-05-30 00:00:00+00:00,1889.0
Switzerland,2021-06-03 00:00:00+00:00,1889.0
Switzerland,2021-06-12 00:00:00+00:00,1885.0
Switzerland,2021-06-16 00:00:00+00:00,1867.0
Switzerland,2021-06-20 00:00:00+00:00,1893.0
Switzerland,2021-06-28 00:00:00+00:00,1906.0
Switzerland,2021-07-02 00:00:00+00:00,1914.0
Switzerland,2021-09-01 00:00:00+00:00,1916.0
Switzerland,2021-09-05 00:00:00+00:00,1919.0
Switzerland,2021-09-08 00:00:00+00:00,1908.0
Switzerland,2021-10-09 00:00:00+00:00,1913.0
Switzerland,2021-10-12 00:00:00+00:00,1917.0
Switzerland,2021-11-12 00:00:00+00:00,1929.0
Switzerland,2021-11-15 00:00:00+00:00,1933.0
Switzerland,2022-03-26 00:00:00+00:00,1928.0
Switzerland,2022-03-29 00:00:00+00:00,1919.0
Switzerland,2022-06-02 00:00:00+00:00,1899.0
Switzerland,2022-06-05 00:00:00+00:00,1880.0
Switzerland,2022-06-09 00:00:00+00:00,1863.0
Switzerland,2022-06-12 00:00:00+00:00,1886.0
Switzerland,2022-09-24 00:00:00+00:00,1919.0
Switzerland,2022-09-27 00:00:00+00:00,1928.0
Switzerland,2022-11-17 00:00:00+00:00,1901.0
Switzerland,2022-11-24 00:00:00+00:00,1910.0
Switzerland,2022-11-28 00:00:00+00:00,1900.0
Switzerland,2022-12-02 00:00:00+00:00,1927.0
Switzerland,2022-12-06 00:00:00+00:00,1878.0
Switzerland,2023-03-25 00:00:00+00:00,1883.0
Switzerland,2023-03-28 00:00:00+00:00,1890.0
Switzerland,2023-06-16 00:00:00+00:00,1891.0
Switzerland,2023-06-19 00:00:00+00:00,1875.0
Switzerland,2023-09-09 00:00:00+00:00,1861.0
Switzerland,2023-09-12 00:00:00+00:00,1862.0
Switzerland,2023-10-15 00:00:00+00:00,1844.0
Switzerland,2023-11-15 00:00:00+00:00,1832.0
Switzerland,2023-11-18 00:00:00+00:00,1815.0
Switzerland,2023-11-21 00:00:00+00:00,1791.0
Switzerland,2024-03-23 00:00:00+00:00,1795.0
Switzerland,2024-03-26 00:00:00+00:00,1803.0
Switzerland,2024-06-04 00:00:00+00:00,1805.0
Switzerland,2024-06-08 00:00:00+00:00,1804.0
Switzerland,2024-06-15 00:00:00+00:00,1844.0
Switzerland,2024-06-19 00:00:00+00:00,1837.0
Switzerland,2024-06-23 00:00:00+00:00,1851.0
Switzerland,2024-06-29 00:00:00+00:00,1897.0
Switzerland,2024-07-06 00:00:00+00:00,1903.0
Switzerland,2024-09-05 00:00:00+00:00,1874.0
Switzerland,2024-09-08 00:00:00+00:00,1854.0
Switzerland,2024-10-12 00:00:00+00:00,1826.0
Switzerland,2024-10-15 00:00:00+00:00,1822.0
Switzerland,2024-11-15 00:00:00+00:00,1816.0
Switzerland,2024-11-18 00:00:00+00:00,1813.0
Switzerland,2025-03-21 00:00:00+00:00,1809.0
Switzerland,2025-03-25 00:00:00+00:00,1811.0
Switzerland,2025-06-07 00:00:00+00:00,1826.0
Switzerland,2025-06-10 00:00:00+00:00,1844.0
Switzerland,2025-09-05 00:00:00+00:00,1854.0
Switzerland,2025-09-08 00:00:00+00:00,1870.0
Switzerland,2025-10-10 00:00:00+00:00,1896.0
Switzerland,2025-10-13 00:00:00+00:00,1892.0
Switzerland,2025-11-15 00:00:00+00:00,1902.0
Switzerland,2025-11-18 00:00:00+00:00,1897.0
Switzerland,2026-03-27 00:00:00+00:00,1885.0
Switzerland,2026-03-31 00:00:00+00:00,1889.0
Switzerland,2026-05-31 00:00:00+00:00,1894.0
Switzerland,2026-06-06 00:00:00+00:00,1891.0
Switzerland,2026-06-13 00:00:00+00:00,1865.0
Switzerland,2026-06-18 00:00:00+00:00,1885.0
Switzerland,2026-06-24 00:00:00+00:00,1914.0
Switzerland,2026-07-02 00:00:00+00:00,1943.0
Switzerland,2026-07-07 00:00:00+00:00,1949.0
Switzerland,2026-07-11 00:00:00+00:00,1928.0
Türkiye,2015-03-28 00:00:00+00:00,1701.0
Türkiye,2015-03-31 00:00:00+00:00,1703.0
Türkiye,2015-06-08 00:00:00+00:00,1712.0
Türkiye,2015-06-12 00:00:00+00:00,1719.0
Türkiye,2015-09-03 00:00:00+00:00,1704.0
Türkiye,2015-09-06 00:00:00+00:00,1755.0
Türkiye,2015-10-10 00:00:00+00:00,1795.0
Türkiye,2015-10-13 00:00:00+00:00,1805.0
Türkiye,2015-11-13 00:00:00+00:00,1811.0
Türkiye,2015-11-17 00:00:00+00:00,1804.0
Türkiye,2016-03-24 00:00:00+00:00,1810.0
Türkiye,2016-03-29 00:00:00+00:00,1823.0
Türkiye,2016-05-22 00:00:00+00:00,1819.0
Türkiye,2016-05-29 00:00:00+00:00,1821.0
Türkiye,2016-06-05 00:00:00+00:00,1828.0
Türkiye,2016-06-12 00:00:00+00:00,1802.0
Türkiye,2016-06-17 00:00:00+00:00,1781.0
Türkiye,2016-06-21 00:00:00+00:00,1815.0
Türkiye,2016-08-31 00:00:00+00:00,1809.0
Türkiye,2016-09-05 00:00:00+00:00,1817.0
Türkiye,2016-10-06 00:00:00+00:00,1807.0
Türkiye,2016-10-09 00:00:00+00:00,1781.0
Türkiye,2016-11-12 00:00:00+00:00,1784.0
Türkiye,2017-03-24 00:00:00+00:00,1792.0
Türkiye,2017-03-27 00:00:00+00:00,1793.0
Türkiye,2017-06-05 00:00:00+00:00,1787.0
Türkiye,2017-06-11 00:00:00+00:00,1793.0
Türkiye,2017-09-02 00:00:00+00:00,1768.0
Türkiye,2017-09-05 00:00:00+00:00,1787.0
Türkiye,2017-10-06 00:00:00+00:00,1743.0
Türkiye,2017-10-09 00:00:00+00:00,1740.0
Türkiye,2017-11-09 00:00:00+00:00,1727.0
Türkiye,2017-11-13 00:00:00+00:00,1711.0
Türkiye,2018-03-23 00:00:00+00:00,1719.0
Türkiye,2018-03-27 00:00:00+00:00,1719.0
Türkiye,2018-05-28 00:00:00+00:00,1728.0
Türkiye,2018-06-01 00:00:00+00:00,1726.0
Türkiye,2018-06-05 00:00:00+00:00,1727.0
Türkiye,2018-09-07 00:00:00+00:00,1701.0
Türkiye,2018-09-10 00:00:00+00:00,1733.0
Türkiye,2018-10-11 00:00:00+00:00,1731.0
Türkiye,2018-10-14 00:00:00+00:00,1711.0
Türkiye,2018-11-17 00:00:00+00:00,1691.0
Türkiye,2018-11-20 00:00:00+00:00,1690.0
Türkiye,2019-03-22 00:00:00+00:00,1714.0
Türkiye,2019-03-25 00:00:00+00:00,1718.0
Türkiye,2019-05-30 00:00:00+00:00,1723.0
Türkiye,2019-06-02 00:00:00+00:00,1730.0
Türkiye,2019-06-08 00:00:00+00:00,1779.0
Türkiye,2019-06-11 00:00:00+00:00,1759.0
Türkiye,2019-09-07 00:00:00+00:00,1759.0
Türkiye,2019-09-10 00:00:00+00:00,1767.0
Türkiye,2019-10-11 00:00:00+00:00,1772.0
Türkiye,2019-10-14 00:00:00+00:00,1788.0
Türkiye,2019-11-14 00:00:00+00:00,1776.0
Türkiye,2019-11-17 00:00:00+00:00,1778.0
Türkiye,2020-09-03 00:00:00+00:00,1745.0
Türkiye,2020-09-06 00:00:00+00:00,1752.0
Türkiye,2020-10-07 00:00:00+00:00,1759.0
Türkiye,2020-10-11 00:00:00+00:00,1768.0
Türkiye,2020-10-14 00:00:00+00:00,1762.0
Türkiye,2020-11-11 00:00:00+00:00,1763.0
Türkiye,2020-11-15 00:00:00+00:00,1779.0
Türkiye,2020-11-18 00:00:00+00:00,1752.0
Türkiye,2021-03-24 00:00:00+00:00,1794.0
Türkiye,2021-03-27 00:00:00+00:00,1826.0
Türkiye,2021-03-30 00:00:00+00:00,1807.0
Türkiye,2021-05-27 00:00:00+00:00,1808.0
Türkiye,2021-05-31 00:00:00+00:00,1799.0
Türkiye,2021-06-03 00:00:00+00:00,1800.0
Türkiye,2021-06-11 00:00:00+00:00,1788.0
Türkiye,2021-06-16 00:00:00+00:00,1756.0
Türkiye,2021-06-20 00:00:00+00:00,1730.0
Türkiye,2021-09-01 00:00:00+00:00,1716.0
Türkiye,2021-09-04 00:00:00+00:00,1719.0
Türkiye,2021-09-07 00:00:00+00:00,1707.0
Türkiye,2021-10-08 00:00:00+00:00,1704.0
Türkiye,2021-10-11 00:00:00+00:00,1710.0
Türkiye,2021-11-13 00:00:00+00:00,1711.0
Türkiye,2021-11-16 00:00:00+00:00,1726.0
Türkiye,2022-03-24 00:00:00+00:00,1719.0
Türkiye,2022-03-29 00:00:00+00:00,1714.0
Türkiye,2022-06-04 00:00:00+00:00,1717.0
Türkiye,2022-06-07 00:00:00+00:00,1728.0
Türkiye,2022-06-11 00:00:00+00:00,1743.0
Türkiye,2022-06-14 00:00:00+00:00,1745.0
Türkiye,2022-09-22 00:00:00+00:00,1728.0
Türkiye,2022-09-25 00:00:00+00:00,1692.0
Türkiye,2022-11-16 00:00:00+00:00,1701.0
Türkiye,2022-11-19 00:00:00+00:00,1711.0
Türkiye,2023-03-25 00:00:00+00:00,1722.0
Türkiye,2023-03-28 00:00:00+00:00,1701.0
Türkiye,2023-06-16 00:00:00+00:00,1709.0
Türkiye,2023-06-19 00:00:00+00:00,1728.0
Türkiye,2023-09-08 00:00:00+00:00,1713.0
Türkiye,2023-09-12 00:00:00+00:00,1705.0
Türkiye,2023-10-12 00:00:00+00:00,1742.0
Türkiye,2023-10-15 00:00:00+00:00,1746.0
Türkiye,2023-11-18 00:00:00+00:00,1763.0
Türkiye,2023-11-21 00:00:00+00:00,1765.0
Türkiye,2024-03-22 00:00:00+00:00,1760.0
Türkiye,2024-03-26 00:00:00+00:00,1750.0
Türkiye,2024-06-04 00:00:00+00:00,1757.0
Türkiye,2024-06-10 00:00:00+00:00,1749.0
Türkiye,2024-06-18 00:00:00+00:00,1778.0
Türkiye,2024-06-22 00:00:00+00:00,1760.0
Türkiye,2024-06-26 00:00:00+00:00,1785.0
Türkiye,2024-07-02 00:00:00+00:00,1819.0
Türkiye,2024-07-06 00:00:00+00:00,1805.0
Türkiye,2024-09-06 00:00:00+00:00,1804.0
Türkiye,2024-09-09 00:00:00+00:00,1812.0
Türkiye,2024-10-11 00:00:00+00:00,1816.0
Türkiye,2024-10-14 00:00:00+00:00,1835.0
Türkiye,2024-11-16 00:00:00+00:00,1823.0
Türkiye,2024-11-19 00:00:00+00:00,1774.0
Türkiye,2025-03-20 00:00:00+00:00,1796.0
Türkiye,2025-03-23 00:00:00+00:00,1837.0
Türkiye,2025-06-07 00:00:00+00:00,1847.0
Türkiye,2025-06-10 00:00:00+00:00,1836.0
Türkiye,2025-09-04 00:00:00+00:00,1855.0
Türkiye,2025-09-07 00:00:00+00:00,1835.0
Türkiye,2025-10-11 00:00:00+00:00,1847.0
Türkiye,2025-10-14 00:00:00+00:00,1860.0
Türkiye,2025-11-15 00:00:00+00:00,1863.0
Türkiye,2025-11-18 00:00:00+00:00,1880.0
Türkiye,2026-03-26 00:00:00+00:00,1885.0
Türkiye,2026-03-31 00:00:00+00:00,1902.0
Türkiye,2026-06-01 00:00:00+00:00,1905.0
Türkiye,2026-06-06 00:00:00+00:00,1910.0
Türkiye,2026-06-13 00:00:00+00:00,1849.0
Türkiye,2026-06-19 00:00:00+00:00,1813.0
Türkiye,2026-06-25 00:00:00+00:00,1852.0
Ukraine,2015-03-27 00:00:00+00:00,1815.0
Ukraine,2015-03-31 00:00:00+00:00,1806.0
Ukraine,2015-06-09 00:00:00+00:00,1809.0
Ukraine,2015-06-14 00:00:00+00:00,1810.0
Ukraine,2015-09-05 00:00:00+00:00,1817.0
Ukraine,2015-09-08 00:00:00+00:00,1819.0
Ukraine,2015-10-09 00:00:00+00:00,1829.0
Ukraine,2015-10-12 00:00:00+00:00,1812.0
Ukraine,2015-11-14 00:00:00+00:00,1822.0
Ukraine,2015-11-17 00:00:00+00:00,1816.0
Ukraine,2016-03-24 00:00:00+00:00,1817.0
Ukraine,2016-03-28 00:00:00+00:00,1821.0
Ukraine,2016-05-29 00:00:00+00:00,1829.0
Ukraine,2016-06-03 00:00:00+00:00,1836.0
Ukraine,2016-06-12 00:00:00+00:00,1818.0
Ukraine,2016-06-16 00:00:00+00:00,1760.0
Ukraine,2016-06-21 00:00:00+00:00,1738.0
Ukraine,2016-09-05 00:00:00+00:00,1733.0
Ukraine,2016-10-06 00:00:00+00:00,1743.0
Ukraine,2016-10-09 00:00:00+00:00,1752.0
Ukraine,2016-11-12 00:00:00+00:00,1758.0
Ukraine,2016-11-15 00:00:00+00:00,1769.0
Ukraine,2017-03-24 00:00:00+00:00,1760.0
Ukraine,2017-06-06 00:00:00+00:00,1741.0
Ukraine,2017-06-11 00:00:00+00:00,1755.0
Ukraine,2017-09-02 00:00:00+00:00,1780.0
Ukraine,2017-09-05 00:00:00+00:00,1758.0
Ukraine,2017-10-06 00:00:00+00:00,1764.0
Ukraine,2017-10-09 00:00:00+00:00,1730.0
Ukraine,2017-11-10 00:00:00+00:00,1738.0
Ukraine,2018-03-23 00:00:00+00:00,1733.0
Ukraine,2018-03-27 00:00:00+00:00,1742.0
Ukraine,2018-05-31 00:00:00+00:00,1741.0
Ukraine,2018-06-03 00:00:00+00:00,1750.0
Ukraine,2018-09-06 00:00:00+00:00,1774.0
Ukraine,2018-09-09 00:00:00+00:00,1788.0
Ukraine,2018-10-10 00:00:00+00:00,1793.0
Ukraine,2018-10-16 00:00:00+00:00,1803.0
Ukraine,2018-11-16 00:00:00+00:00,1771.0
Ukraine,2018-11-20 00:00:00+00:00,1772.0
Ukraine,2019-03-22 00:00:00+00:00,1786.0
Ukraine,2019-03-25 00:00:00+00:00,1791.0
Ukraine,2019-06-07 00:00:00+00:00,1824.0
Ukraine,2019-06-10 00:00:00+00:00,1825.0
Ukraine,2019-09-07 00:00:00+00:00,1831.0
Ukraine,2019-09-10 00:00:00+00:00,1825.0
Ukraine,2019-10-11 00:00:00+00:00,1827.0
Ukraine,2019-10-14 00:00:00+00:00,1852.0
Ukraine,2019-11-14 00:00:00+00:00,1853.0
Ukraine,2019-11-17 00:00:00+00:00,1856.0
Ukraine,2020-09-03 00:00:00+00:00,1873.0
Ukraine,2020-09-06 00:00:00+00:00,1859.0
Ukraine,2020-10-07 00:00:00+00:00,1853.0
Ukraine,2020-10-10 00:00:00+00:00,1833.0
Ukraine,2020-10-13 00:00:00+00:00,1860.0
Ukraine,2020-11-11 00:00:00+00:00,1848.0
Ukraine,2020-11-14 00:00:00+00:00,1835.0
Ukraine,2021-03-24 00:00:00+00:00,1850.0
Ukraine,2021-03-28 00:00:00+00:00,1838.0
Ukraine,2021-03-31 00:00:00+00:00,1819.0
Ukraine,2021-05-23 00:00:00+00:00,1811.0
Ukraine,2021-06-03 00:00:00+00:00,1813.0
Ukraine,2021-06-07 00:00:00+00:00,1815.0
Ukraine,2021-06-13 00:00:00+00:00,1805.0
Ukraine,2021-06-17 00:00:00+00:00,1816.0
Ukraine,2021-06-21 00:00:00+00:00,1787.0
Ukraine,2021-06-29 00:00:00+00:00,1820.0
Ukraine,2021-07-03 00:00:00+00:00,1795.0
Ukraine,2021-09-01 00:00:00+00:00,1780.0
Ukraine,2021-09-04 00:00:00+00:00,1789.0
Ukraine,2021-09-08 00:00:00+00:00,1793.0
Ukraine,2021-10-09 00:00:00+00:00,1814.0
Ukraine,2021-10-12 00:00:00+00:00,1801.0
Ukraine,2021-11-11 00:00:00+00:00,1793.0
Ukraine,2021-11-16 00:00:00+00:00,1817.0
Ukraine,2022-06-01 00:00:00+00:00,1848.0
Ukraine,2022-06-05 00:00:00+00:00,1832.0
Ukraine,2022-06-08 00:00:00+00:00,1848.0
Ukraine,2022-06-11 00:00:00+00:00,1857.0
Ukraine,2022-06-14 00:00:00+00:00,1848.0
Ukraine,2022-09-21 00:00:00+00:00,1809.0
Ukraine,2022-09-24 00:00:00+00:00,1826.0
Ukraine,2022-09-27 00:00:00+00:00,1822.0
Ukraine,2023-03-26 00:00:00+00:00,1812.0
Ukraine,2023-06-12 00:00:00+00:00,1818.0
Ukraine,2023-06-16 00:00:00+00:00,1829.0
Ukraine,2023-06-19 00:00:00+00:00,1831.0
Ukraine,2023-09-09 00:00:00+00:00,1840.0
Ukraine,2023-09-12 00:00:00+00:00,1831.0
Ukraine,2023-10-14 00:00:00+00:00,1841.0
Ukraine,2023-10-17 00:00:00+00:00,1844.0
Ukraine,2023-11-20 00:00:00+00:00,1850.0
Ukraine,2024-03-21 00:00:00+00:00,1857.0
Ukraine,2024-03-26 00:00:00+00:00,1863.0
Ukraine,2024-06-03 00:00:00+00:00,1867.0
Ukraine,2024-06-07 00:00:00+00:00,1850.0
Ukraine,2024-06-11 00:00:00+00:00,1853.0
Ukraine,2024-06-17 00:00:00+00:00,1786.0
Ukraine,2024-06-21 00:00:00+00:00,1806.0
Ukraine,2024-06-26 00:00:00+00:00,1816.0
Ukraine,2024-09-07 00:00:00+00:00,1786.0
Ukraine,2024-09-10 00:00:00+00:00,1767.0
Ukraine,2024-10-11 00:00:00+00:00,1786.0
Ukraine,2024-10-14 00:00:00+00:00,1783.0
Ukraine,2024-11-16 00:00:00+00:00,1784.0
Ukraine,2024-11-19 00:00:00+00:00,1802.0
Ukraine,2025-03-20 00:00:00+00:00,1836.0
Ukraine,2025-03-23 00:00:00+00:00,1809.0
Ukraine,2025-06-07 00:00:00+00:00,1791.0
Ukraine,2025-06-10 00:00:00+00:00,1799.0
Ukraine,2025-09-05 00:00:00+00:00,1788.0
Ukraine,2025-09-09 00:00:00+00:00,1773.0
Ukraine,2025-10-10 00:00:00+00:00,1794.0
Ukraine,2025-10-13 00:00:00+00:00,1797.0
Ukraine,2025-11-13 00:00:00+00:00,1788.0
Ukraine,2025-11-16 00:00:00+00:00,1802.0
Ukraine,2026-03-26 00:00:00+00:00,1760.0
Ukraine,2026-03-31 00:00:00+00:00,1767.0
Ukraine,2026-05-31 00:00:00+00:00,1785.0
Ukraine,2026-06-07 00:00:00+00:00,1780.0
Wales,2015-03-28 00:00:00+00:00,1670.0
Wales,2015-06-12 00:00:00+00:00,1698.0
Wales,2015-09-03 00:00:00+00:00,1708.0
Wales,2015-09-06 00:00:00+00:00,1698.0
Wales,2015-10-10 00:00:00+00:00,1678.0
Wales,2015-10-13 00:00:00+00:00,1679.0
Wales,2015-11-13 00:00:00+00:00,1672.0
Wales,2016-03-24 00:00:00+00:00,1667.0
Wales,2016-03-28 00:00:00+00:00,1663.0
Wales,2016-06-05 00:00:00+00:00,1654.0
Wales,2016-06-11 00:00:00+00:00,1687.0
Wales,2016-06-16 00:00:00+00:00,1678.0
Wales,2016-06-20 00:00:00+00:00,1730.0
Wales,2016-06-25 00:00:00+00:00,1750.0
Wales,2016-07-01 00:00:00+00:00,1807.0
Wales,2016-07-06 00:00:00+00:00,1778.0
Wales,2016-09-05 00:00:00+00:00,1781.0
Wales,2016-10-06 00:00:00+00:00,1784.0
Wales,2016-10-09 00:00:00+00:00,1767.0
Wales,2016-11-12 00:00:00+00:00,1760.0
Wales,2017-03-24 00:00:00+00:00,1768.0
Wales,2017-06-11 00:00:00+00:00,1773.0
Wales,2017-09-02 00:00:00+00:00,1784.0
Wales,2017-09-05 00:00:00+00:00,1792.0
Wales,2017-10-06 00:00:00+00:00,1802.0
Wales,2017-10-09 00:00:00+00:00,1773.0
Wales,2017-11-10 00:00:00+00:00,1769.0
Wales,2017-11-14 00:00:00+00:00,1764.0
Wales,2018-03-22 00:00:00+00:00,1787.0
Wales,2018-03-26 00:00:00+00:00,1776.0
Wales,2018-05-28 00:00:00+00:00,1778.0
Wales,2018-09-06 00:00:00+00:00,1799.0
Wales,2018-09-09 00:00:00+00:00,1783.0
Wales,2018-10-11 00:00:00+00:00,1773.0
Wales,2018-10-16 00:00:00+00:00,1795.0
Wales,2018-11-16 00:00:00+00:00,1775.0
Wales,2018-11-20 00:00:00+00:00,1760.0
Wales,2019-03-20 00:00:00+00:00,1762.0
Wales,2019-03-24 00:00:00+00:00,1776.0
Wales,2019-06-08 00:00:00+00:00,1767.0
Wales,2019-06-11 00:00:00+00:00,1746.0
Wales,2019-09-06 00:00:00+00:00,1748.0
Wales,2019-09-09 00:00:00+00:00,1751.0
Wales,2019-10-10 00:00:00+00:00,1756.0
Wales,2019-10-13 00:00:00+00:00,1759.0
Wales,2019-11-16 00:00:00+00:00,1770.0
Wales,2019-11-19 00:00:00+00:00,1782.0
Wales,2020-09-03 00:00:00+00:00,1800.0
Wales,2020-09-06 00:00:00+00:00,1805.0
Wales,2020-10-08 00:00:00+00:00,1799.0
Wales,2020-10-11 00:00:00+00:00,1799.0
Wales,2020-10-14 00:00:00+00:00,1809.0
Wales,2020-11-12 00:00:00+00:00,1804.0
Wales,2020-11-15 00:00:00+00:00,1813.0
Wales,2020-11-18 00:00:00+00:00,1828.0
Wales,2021-03-24 00:00:00+00:00,1822.0
Wales,2021-03-27 00:00:00+00:00,1832.0
Wales,2021-03-30 00:00:00+00:00,1844.0
Wales,2021-06-02 00:00:00+00:00,1840.0
Wales,2021-06-05 00:00:00+00:00,1832.0
Wales,2021-06-12 00:00:00+00:00,1836.0
Wales,2021-06-16 00:00:00+00:00,1868.0
Wales,2021-06-20 00:00:00+00:00,1859.0
Wales,2021-06-26 00:00:00+00:00,1821.0
Wales,2021-09-01 00:00:00+00:00,1821.0
Wales,2021-09-05 00:00:00+00:00,1826.0
Wales,2021-09-08 00:00:00+00:00,1808.0
Wales,2021-10-08 00:00:00+00:00,1815.0
Wales,2021-10-11 00:00:00+00:00,1822.0
Wales,2021-11-13 00:00:00+00:00,1827.0
Wales,2021-11-16 00:00:00+00:00,1835.0
Wales,2022-03-24 00:00:00+00:00,1844.0
Wales,2022-03-29 00:00:00+00:00,1841.0
Wales,2022-06-01 00:00:00+00:00,1824.0
Wales,2022-06-05 00:00:00+00:00,1840.0
Wales,2022-06-08 00:00:00+00:00,1823.0
Wales,2022-06-11 00:00:00+00:00,1829.0
Wales,2022-06-14 00:00:00+00:00,1822.0
Wales,2022-09-22 00:00:00+00:00,1816.0
Wales,2022-09-25 00:00:00+00:00,1789.0
Wales,2022-11-21 00:00:00+00:00,1790.0
Wales,2022-11-25 00:00:00+00:00,1741.0
Wales,2022-11-29 00:00:00+00:00,1716.0
Wales,2023-03-25 00:00:00+00:00,1731.0
Wales,2023-03-28 00:00:00+00:00,1733.0
Wales,2023-06-16 00:00:00+00:00,1679.0
Wales,2023-06-19 00:00:00+00:00,1660.0
Wales,2023-09-07 00:00:00+00:00,1660.0
Wales,2023-09-11 00:00:00+00:00,1673.0
Wales,2023-10-11 00:00:00+00:00,1674.0
Wales,2023-10-15 00:00:00+00:00,1705.0
Wales,2023-11-18 00:00:00+00:00,1697.0
Wales,2023-11-21 00:00:00+00:00,1695.0
Wales,2024-03-21 00:00:00+00:00,1715.0
Wales,2024-03-26 00:00:00+00:00,1709.0
Wales,2024-06-06 00:00:00+00:00,1699.0
Wales,2024-06-09 00:00:00+00:00,1683.0
Wales,2024-09-06 00:00:00+00:00,1684.0
Wales,2024-09-09 00:00:00+00:00,1701.0
Wales,2024-10-11 00:00:00+00:00,1699.0
Wales,2024-10-14 00:00:00+00:00,1705.0
Wales,2024-11-16 00:00:00+00:00,1717.0
Wales,2024-11-19 00:00:00+00:00,1732.0
Wales,2025-03-22 00:00:00+00:00,1737.0
Wales,2025-03-25 00:00:00+00:00,1736.0
Wales,2025-06-06 00:00:00+00:00,1736.0
Wales,2025-06-09 00:00:00+00:00,1726.0
Wales,2025-09-04 00:00:00+00:00,1735.0
Wales,2025-09-09 00:00:00+00:00,1724.0
Wales,2025-10-09 00:00:00+00:00,1721.0
Wales,2025-10-13 00:00:00+00:00,1692.0
Wales,2025-11-15 00:00:00+00:00,1693.0
Wales,2025-11-18 00:00:00+00:00,1715.0
Wales,2026-03-26 00:00:00+00:00,1703.0
Wales,2026-03-31 00:00:00+00:00,1698.0
Wales,2026-06-02 00:00:00+00:00,1691.0
Wales,2026-06-06 00:00:00+00:00,1682.0
