fixture_id,season,round,date,status_type,home_team,away_team,home_goals,away_goals,group,fifa_home_rank,fifa_home_points,fifa_away_rank,fifa_away_points,fifa_rank_diff,fifa_points_diff,rolling_points_home,rolling_points_away,rolling_gd_home,rolling_gd_away,rest_days_home,rest_days_away,elo_home,elo_away,elo_diff,result
7697205,18/19,2,2018-09-10 18:45:00+00:00,finished,Scotland,Albania,2.0,0.0,"UEFA Nations League, League C, Gr. 1",42.0,1491.223887,67.0,1376.033234,25.0,115.19065300000011,,3.0,,1.0,,3.0,1500.0,1508.1506753883134,-8.150675388313402,H
7697223,18/19,3,2018-10-12 18:45:00+00:00,finished,Austria,Northern Ireland,1.0,0.0,"UEFA Nations League, League B, Gr. 3",23.0,1598.822839,70.0,1365.296485,47.0,233.52635399999986,0.0,0.0,-1.0,-1.0,31.0,34.0,1492.1765211161367,1488.1506753883134,4.025845727823253,H
7697215,18/19,2,2018-09-10 18:45:00+00:00,finished,Malta,Azerbaijan,1.0,1.0,"UEFA Nations League, League D, Gr. 3",161.0,992.793497,126.0,1131.995112,-35.0,-139.20161500000006,0.0,1.0,-2.0,0.0,3.0,3.0,1487.77398691753,1498.1506753883134,-10.376688470783392,D
7697202,18/19,2,2018-09-10 18:45:00+00:00,finished,Sweden,Türkiye,2.0,3.0,"UEFA Nations League, League B, Gr. 2",37.0,1525.578992,27.0,1582.54473,-10.0,-56.9657380000001,,0.0,,-1.0,,3.0,1500.0,1488.1506753883134,11.849324611686598,A
7697179,18/19,1,2018-09-08 18:45:00+00:00,finished,Estonia,Greece,0.0,1.0,"UEFA Nations League, League C, Gr. 2",127.0,1130.63629,46.0,1473.187305,-81.0,-342.551015,,,,,,,1500.0,1500.0,0.0,A
7697196,18/19,1,2018-09-07 18:45:00+00:00,finished,Romania,Montenegro,0.0,0.0,"UEFA Nations League, League C, Gr. 4",52.0,1455.894657,80.0,1301.977191,28.0,153.9174660000001,,,,,,,1500.0,1500.0,0.0,D
7697168,18/19,2,2018-09-09 18:45:00+00:00,finished,France,Netherlands,2.0,1.0,"UEFA Nations League, League A, Gr. 1",3.0,1948.970817,9.0,1775.54224,6.0,173.4285769999999,1.0,,0.0,,3.0,,1501.8493246116866,1500.0,1.8493246116865976,H
7697188,18/19,2,2018-09-09 18:45:00+00:00,finished,Liechtenstein,Gibraltar,2.0,0.0,"UEFA Nations League, League D, Gr. 4",206.0,797.701009,202.0,820.260818,-4.0,-22.559808999999973,0.0,0.0,-1.0,-2.0,3.0,3.0,1491.8493246116866,1482.22601308247,9.623311529216608,H
7697212,18/19,2,2018-09-11 18:45:00+00:00,finished,Moldova,Belarus,0.0,0.0,"UEFA Nations League, League D, Gr. 2",159.0,1008.240035,96.0,1242.876029,-63.0,-234.63599399999998,0.0,3.0,-4.0,5.0,3.0,3.0,1484.7174836469123,1516.3013507766268,-31.583867129714463,D
7697197,18/19,1,2018-09-07 18:45:00+00:00,finished,Lithuania,Serbia,0.0,1.0,"UEFA Nations League, League C, Gr. 4",149.0,1056.850321,40.0,1502.133186,-109.0,-445.28286500000013,,,,,,,1500.0,1500.0,0.0,A
7697175,18/19,1,2018-09-08 13:00:00+00:00,finished,Northern Ireland,Bosnia & Herzegovina,1.0,2.0,"UEFA Nations League, League B, Gr. 3",70.0,1365.296485,61.0,1408.930486,-9.0,-43.6340009999999,,,,,,,1500.0,1500.0,0.0,A
7697199,18/19,2,2018-09-11 18:45:00+00:00,finished,Iceland,Belgium,0.0,3.0,"UEFA Nations League, League A, Gr. 2",74.0,1342.771961,8.0,1778.355242,-66.0,-435.58328100000017,0.0,,-6.0,,3.0,,1482.679814799834,1500.0,-17.32018520016595,A
7697180,18/19,1,2018-09-08 16:00:00+00:00,finished,Finland,Hungary,1.0,0.0,"UEFA Nations League, League C, Gr. 2",75.0,1341.922408,39.0,1506.393663,-36.0,-164.47125500000016,,,,,,,1500.0,1500.0,0.0,H
7697234,18/19,3,2018-10-11 18:45:00+00:00,finished,Israel,Scotland,2.0,1.0,"UEFA Nations League, League C, Gr. 1",76.0,1333.904007,42.0,1491.223887,-34.0,-157.31988,0.0,3.0,-1.0,2.0,34.0,31.0,1491.8493246116866,1512.5672892794655,-20.717964667778915,H
7697216,18/19,3,2018-10-13 18:45:00+00:00,finished,Netherlands,Germany,3.0,0.0,"UEFA Nations League, League A, Gr. 1",9.0,1775.54224,12.0,1726.218839,3.0,49.3234010000001,0.0,1.0,-1.0,0.0,34.0,37.0,1491.900681021774,1498.1506753883134,-6.24999436653934,H
7697172,18/19,2,2018-09-09 13:00:00+00:00,finished,Ukraine,Slovakia,1.0,0.0,"UEFA Nations League, League B, Gr. 1",33.0,1549.287173,45.0,1473.660727,12.0,75.62644599999999,3.0,,1.0,,2.0,,1511.8493246116866,1500.0,11.849324611686598,H
7697191,18/19,1,2018-09-07 18:45:00+00:00,finished,Faroe Islands,Malta,3.0,1.0,"UEFA Nations League, League D, Gr. 3",123.0,1136.585036,161.0,992.793497,38.0,143.79153899999994,,,,,,,1500.0,1500.0,0.0,H
7697187,18/19,2,2018-09-09 16:00:00+00:00,finished,Bulgaria,Norway,1.0,0.0,"UEFA Nations League, League C, Gr. 3",85.0,1271.683325,19.0,1651.286867,-66.0,-379.60354200000006,3.0,3.0,1.0,2.0,2.0,2.0,1511.8493246116866,1512.22601308247,-0.3766884707833924,H
7697214,18/19,3,2018-10-12 18:45:00+00:00,finished,Belgium,Switzerland,2.0,1.0,"UEFA Nations League, League A, Gr. 2",8.0,1778.355242,14.0,1710.884769,6.0,67.47047300000008,3.0,3.0,3.0,6.0,31.0,34.0,1519.8866232407447,1517.320185200166,2.5664380405787597,H
7697169,18/19,1,2018-09-07 18:45:00+00:00,finished,Italy,Poland,1.0,1.0,"UEFA Nations League, League A, Gr. 3",15.0,1704.733836,36.0,1526.183359,21.0,178.550477,,,,,,,1500.0,1500.0,0.0,D
7697190,18/19,1,2018-09-08 16:00:00+00:00,finished,Belarus,San Marino,5.0,0.0,"UEFA Nations League, League D, Gr. 2",96.0,1242.876029,211.0,721.201827,115.0,521.674202,,,,,,,1500.0,1500.0,0.0,H
7697189,18/19,1,2018-09-08 18:45:00+00:00,finished,Luxembourg,Moldova,4.0,0.0,"UEFA Nations League, League D, Gr. 2",98.0,1232.81815,159.0,1008.240035,61.0,224.57811500000003,,,,,,,1500.0,1500.0,0.0,H
7697181,18/19,1,2018-09-06 18:45:00+00:00,finished,Norway,Cyprus,2.0,0.0,"UEFA Nations League, League C, Gr. 3",19.0,1651.286867,124.0,1133.247165,105.0,518.039702,,,,,,,1500.0,1500.0,0.0,H
7697166,18/19,1,2018-09-06 18:45:00+00:00,finished,Germany,France,0.0,0.0,"UEFA Nations League, League A, Gr. 1",12.0,1726.218839,3.0,1948.970817,-9.0,-222.751978,,,,,,,1500.0,1500.0,0.0,D
7697176,18/19,1,2018-09-06 18:45:00+00:00,finished,Wales,Ireland,4.0,1.0,"UEFA Nations League, League B, Gr. 4",38.0,1516.946629,55.0,1441.096901,17.0,75.84972800000014,,,,,,,1500.0,1500.0,0.0,H
7697233,18/19,3,2018-10-12 18:45:00+00:00,finished,Estonia,Finland,0.0,1.0,"UEFA Nations League, League C, Gr. 2",127.0,1130.63629,75.0,1341.922408,-52.0,-211.286118,0.0,3.0,-1.0,1.0,31.0,31.0,1480.549502569204,1515.7518482074229,-35.20234563821896,A
7697207,18/19,2,2018-09-10 18:45:00+00:00,finished,Montenegro,Lithuania,2.0,0.0,"UEFA Nations League, League C, Gr. 4",80.0,1301.977191,149.0,1056.850321,69.0,245.12687000000005,1.0,0.0,0.0,-1.0,3.0,3.0,1501.8493246116866,1488.1506753883134,13.698649223373195,H
7697167,18/19,1,2018-09-08 16:00:00+00:00,finished,Switzerland,Iceland,6.0,0.0,"UEFA Nations League, League A, Gr. 2",14.0,1710.884769,74.0,1342.771961,60.0,368.1128080000001,,,,,,,1500.0,1500.0,0.0,H
7697182,18/19,1,2018-09-06 18:45:00+00:00,finished,Slovenia,Bulgaria,1.0,2.0,"UEFA Nations League, League C, Gr. 3",56.0,1441.087158,85.0,1271.683325,29.0,169.40383300000008,,,,,,,1500.0,1500.0,0.0,A
7697201,18/19,2,2018-09-11 18:45:00+00:00,finished,Spain,Croatia,6.0,0.0,"UEFA Nations League, League A, Gr. 4",1.0,1995.881879,13.0,1723.050142,12.0,272.831737,3.0,,1.0,,3.0,,1511.8493246116866,1500.0,11.849324611686598,H
7697208,18/19,2,2018-09-11 18:45:00+00:00,finished,San Marino,Luxembourg,0.0,3.0,"UEFA Nations League, League D, Gr. 2",211.0,721.201827,98.0,1232.81815,-113.0,-511.6163230000001,0.0,3.0,-5.0,4.0,3.0,3.0,1483.6986492233732,1515.2825163530877,-31.583867129714463,A
7697193,18/19,1,2018-09-06 14:00:00+00:00,finished,Kazakhstan,Georgia,0.0,2.0,"UEFA Nations League, League D, Gr. 1",111.0,1180.780449,72.0,1355.261687,-39.0,-174.48123799999985,,,,,,,1500.0,1500.0,0.0,A
7697200,18/19,2,2018-09-10 18:45:00+00:00,finished,Portugal,Italy,1.0,0.0,"UEFA Nations League, League A, Gr. 3",7.0,1787.854725,15.0,1704.733836,8.0,83.1208889999998,,1.0,,0.0,,3.0,1500.0,1498.1506753883134,1.8493246116865976,H
7697186,18/19,2,2018-09-09 18:45:00+00:00,finished,Cyprus,Slovenia,2.0,1.0,"UEFA Nations League, League C, Gr. 3",124.0,1133.247165,56.0,1441.087158,-68.0,-307.83999300000005,0.0,0.0,-2.0,-1.0,3.0,3.0,1487.77398691753,1488.1506753883134,-0.3766884707833924,H
7697184,18/19,1,2018-09-06 16:00:00+00:00,finished,Armenia,Liechtenstein,2.0,1.0,"UEFA Nations League, League D, Gr. 4",107.0,1189.632762,206.0,797.701009,99.0,391.93175299999996,,,,,,,1500.0,1500.0,0.0,H
7697206,18/19,2,2018-09-10 18:45:00+00:00,finished,Serbia,Romania,2.0,2.0,"UEFA Nations League, League C, Gr. 4",40.0,1502.133186,52.0,1455.894657,12.0,46.23852899999997,3.0,1.0,1.0,0.0,3.0,3.0,1511.8493246116866,1498.1506753883134,13.698649223373195,D
7697222,18/19,3,2018-10-11 19:45:00+00:00,finished,Russia,Sweden,0.0,0.0,"UEFA Nations League, League B, Gr. 2",35.0,1529.602834,37.0,1525.578992,2.0,4.023842000000059,3.0,0.0,1.0,-1.0,34.0,31.0,1511.8493246116866,1487.8234788838633,24.025845727823253,D
7697231,18/19,3,2018-10-13 18:45:00+00:00,finished,Ireland,Denmark,0.0,0.0,"UEFA Nations League, League B, Gr. 4",55.0,1441.096901,21.0,1619.474248,-34.0,-178.3773470000001,0.0,3.0,-3.0,2.0,37.0,34.0,1485.7363180704517,1512.8249759384805,-27.088657868028804,D
7697194,18/19,2,2018-09-09 16:00:00+00:00,finished,Georgia,Latvia,1.0,0.0,"UEFA Nations League, League D, Gr. 1",72.0,1355.261687,137.0,1085.660758,65.0,269.60092899999995,3.0,1.0,2.0,0.0,3.0,2.0,1517.77398691753,1498.1506753883134,19.623311529216608,H
7697221,18/19,3,2018-10-13 13:00:00+00:00,finished,Slovakia,Czechia,1.0,2.0,"UEFA Nations League, League B, Gr. 1",45.0,1473.660727,48.0,1467.260216,3.0,6.400511000000051,0.0,0.0,-1.0,-1.0,34.0,36.0,1492.1765211161367,1488.1506753883134,4.025845727823253,A
7697219,18/19,3,2018-10-11 18:45:00+00:00,finished,Poland,Portugal,2.0,3.0,"UEFA Nations League, League A, Gr. 3",36.0,1526.183359,7.0,1787.854725,-29.0,-261.6713659999998,1.0,3.0,0.0,1.0,34.0,31.0,1501.8493246116866,1508.099318978226,-6.24999436653934,A
7697174,18/19,1,2018-09-07 18:45:00+00:00,finished,Türkiye,Russia,1.0,2.0,"UEFA Nations League, League B, Gr. 2",27.0,1582.54473,35.0,1529.602834,8.0,52.94189600000004,,,,,,,1500.0,1500.0,0.0,A
7697204,18/19,2,2018-09-10 18:45:00+00:00,finished,Andorra,Kazakhstan,1.0,1.0,"UEFA Nations League, League D, Gr. 1",172.0,946.429826,111.0,1180.780449,-61.0,-234.35062300000004,1.0,0.0,0.0,-2.0,4.0,4.0,1501.8493246116866,1482.22601308247,19.623311529216608,D
7697170,18/19,1,2018-09-08 18:45:00+00:00,finished,England,Spain,1.0,2.0,"UEFA Nations League, League A, Gr. 4",4.0,1922.831632,1.0,1995.881879,-3.0,-73.05024700000013,,,,,,,1500.0,1500.0,0.0,A
7697192,18/19,1,2018-09-07 16:00:00+00:00,finished,Azerbaijan,Kosovo,0.0,0.0,"UEFA Nations League, League D, Gr. 3",126.0,1131.995112,78.0,1319.120924,-48.0,-187.125812,,,,,,,1500.0,1500.0,0.0,D
7697213,18/19,2,2018-09-10 18:45:00+00:00,finished,Kosovo,Faroe Islands,2.0,0.0,"UEFA Nations League, League D, Gr. 3",78.0,1319.120924,123.0,1136.585036,45.0,182.5358880000001,1.0,3.0,0.0,2.0,3.0,3.0,1501.8493246116866,1512.22601308247,-10.376688470783392,H
7697177,18/19,1,2018-09-07 18:45:00+00:00,finished,Albania,Israel,1.0,0.0,"UEFA Nations League, League C, Gr. 1",67.0,1376.033234,76.0,1333.904007,9.0,42.1292269999999,,,,,,,1500.0,1500.0,0.0,H
7697211,18/19,2,2018-09-11 18:45:00+00:00,finished,Finland,Estonia,1.0,0.0,"UEFA Nations League, League C, Gr. 2",75.0,1341.922408,127.0,1130.63629,52.0,211.286118,3.0,0.0,1.0,-1.0,3.0,3.0,1508.1506753883134,1488.1506753883134,20.0,H
7697183,18/19,1,2018-09-06 18:45:00+00:00,finished,Gibraltar,North Macedonia,0.0,2.0,"UEFA Nations League, League D, Gr. 4",202.0,820.260818,69.0,1369.159317,-133.0,-548.8984990000001,,,,,,,1500.0,1500.0,0.0,A
7697203,18/19,2,2018-09-11 18:45:00+00:00,finished,Bosnia & Herzegovina,Austria,1.0,0.0,"UEFA Nations League, League B, Gr. 3",61.0,1408.930486,23.0,1598.822839,-38.0,-189.89235299999996,3.0,,1.0,,3.0,,1511.8493246116866,1500.0,11.849324611686598,H
7697220,18/19,3,2018-10-12 18:45:00+00:00,finished,Croatia,England,0.0,0.0,"UEFA Nations League, League A, Gr. 4",13.0,1723.050142,4.0,1922.831632,-9.0,-199.78148999999985,0.0,0.0,-6.0,-1.0,31.0,34.0,1483.3751073717904,1488.1506753883134,-4.775568016523039,D
7697195,18/19,1,2018-09-06 18:45:00+00:00,finished,Latvia,Andorra,0.0,0.0,"UEFA Nations League, League D, Gr. 1",137.0,1085.660758,172.0,946.429826,35.0,139.23093199999994,,,,,,,1500.0,1500.0,0.0,D
7697178,18/19,2,2018-09-09 16:00:00+00:00,finished,Denmark,Wales,2.0,0.0,"UEFA Nations League, League B, Gr. 4",21.0,1619.474248,38.0,1516.946629,17.0,102.52761899999996,,3.0,,3.0,,2.0,1500.0,1514.2636819295483,-14.263681929548284,H
7697173,18/19,1,2018-09-06 18:45:00+00:00,finished,Czechia,Ukraine,1.0,2.0,"UEFA Nations League, League B, Gr. 1",48.0,1467.260216,33.0,1549.287173,-15.0,-82.02695700000004,,,,,,,1500.0,1500.0,0.0,A
7697185,18/19,2,2018-09-09 16:00:00+00:00,finished,North Macedonia,Armenia,2.0,0.0,"UEFA Nations League, League D, Gr. 4",69.0,1369.159317,107.0,1189.632762,38.0,179.52655500000014,3.0,3.0,2.0,1.0,2.0,3.0,1517.77398691753,1508.1506753883134,9.623311529216608,H
7697299,18/19,5,2018-11-15 19:45:00+00:00,finished,Austria,Bosnia & Herzegovina,0.0,0.0,"UEFA Nations League, League B, Gr. 3",23.0,1598.822839,61.0,1408.930486,38.0,189.89235299999996,1.5,3.0,0.0,1.3333333333333333,34.0,31.0,1500.2155304970224,1530.2900615018596,-30.074531004837127,D
7697256,18/19,3,2018-10-12 18:45:00+00:00,finished,Moldova,San Marino,2.0,0.0,"UEFA Nations League, League D, Gr. 2",159.0,1008.240035,211.0,721.201827,52.0,287.03820800000005,0.5,0.0,-2.0,-4.0,31.0,31.0,1483.7586447774956,1464.5206812018941,19.237963575601498,H
7697267,18/19,4,2018-10-15 18:45:00+00:00,finished,Iceland,Switzerland,1.0,2.0,"UEFA Nations League, League A, Gr. 2",74.0,1342.771961,14.0,1710.884769,-60.0,-368.1128080000001,0.0,1.5,-4.5,2.5,34.0,3.0,1462.7931915590893,1509.2407529308362,-46.447561371746815,A
7697257,18/19,6,2018-11-20 19:45:00+00:00,finished,Portugal,Poland,1.0,1.0,"UEFA Nations League, League A, Gr. 3",7.0,1787.854725,36.0,1526.183359,29.0,261.6713659999998,2.3333333333333335,0.3333333333333333,0.6666666666666666,-0.6666666666666666,3.0,37.0,1521.122589238009,1478.3215562083456,42.80103302966336,D
7697265,18/19,4,2018-10-16 18:45:00+00:00,finished,France,Germany,2.0,1.0,"UEFA Nations League, League A, Gr. 1",3.0,1948.970817,12.0,1726.218839,9.0,222.751978,2.0,0.5,0.5,-1.5,37.0,3.0,1509.9486435899125,1483.581971740189,26.366671849723616,H
7697304,18/19,6,2018-11-18 19:45:00+00:00,finished,Switzerland,Belgium,5.0,2.0,"UEFA Nations League, League A, Gr. 2",14.0,1710.884769,8.0,1778.355242,-6.0,-67.47047300000008,2.0,3.0,2.0,2.0,34.0,3.0,1519.7742280901673,1537.202957069536,-17.42872897936877,H
7697293,18/19,5,2018-11-16 19:45:00+00:00,finished,Slovenia,Norway,1.0,1.0,"UEFA Nations League, League C, Gr. 3",56.0,1441.087158,19.0,1651.286867,-37.0,-210.19970899999998,0.25,2.25,-0.75,0.75,31.0,31.0,1471.095995383761,1520.1532133555224,-49.057217971761474,D
7697273,18/19,4,2018-10-15 18:45:00+00:00,finished,Belarus,Moldova,0.0,0.0,"UEFA Nations League, League D, Gr. 2",96.0,1242.876029,159.0,1008.240035,63.0,234.63599399999998,2.3333333333333335,1.3333333333333333,2.0,-0.6666666666666666,3.0,3.0,1525.8930185517245,1495.1914268614692,30.701591690255327,D
7697232,18/19,3,2018-10-12 18:45:00+00:00,finished,Greece,Hungary,1.0,0.0,"UEFA Nations League, League C, Gr. 2",46.0,1473.187305,39.0,1506.393663,-7.0,-33.20635800000014,1.5,1.5,0.0,0.0,31.0,31.0,1503.137334416495,1500.5613148068783,2.576019609616651,H
7697249,18/19,6,2018-11-20 19:45:00+00:00,finished,Sweden,Russia,2.0,0.0,"UEFA Nations League, League B, Gr. 2",37.0,1525.578992,35.0,1529.602834,-2.0,-4.023842000000059,1.3333333333333333,2.3333333333333335,0.0,1.0,3.0,37.0,1502.128884234501,1521.1936181042267,-19.064733869725842,H
7697297,18/19,5,2018-11-16 19:45:00+00:00,finished,Wales,Denmark,1.0,2.0,"UEFA Nations League, League B, Gr. 4",38.0,1516.946629,21.0,1619.474248,-17.0,-102.52761899999996,2.0,2.0,0.6666666666666666,1.0,31.0,34.0,1512.8174847758874,1513.911841853923,-1.0943570780357277,A
7697243,18/19,3,2018-10-13 16:00:00+00:00,finished,Latvia,Kazakhstan,1.0,1.0,"UEFA Nations League, League D, Gr. 1",137.0,1085.660758,111.0,1180.780449,-26.0,-95.1196910000001,0.5,0.5,-0.5,-1.0,34.0,32.0,1490.5392818363036,1484.6146195304602,5.9246623058434125,D
7697286,18/19,5,2018-11-15 15:00:00+00:00,finished,Kazakhstan,Latvia,1.0,1.0,"UEFA Nations League, League D, Gr. 1",111.0,1180.780449,137.0,1085.660758,26.0,95.1196910000001,1.25,0.5,0.5,-1.0,30.0,29.0,1501.9007515452795,1470.2647761878036,31.6359753574759,D
7697266,18/19,4,2018-10-16 18:45:00+00:00,finished,Ukraine,Czechia,1.0,0.0,"UEFA Nations League, League B, Gr. 1",33.0,1549.287173,48.0,1467.260216,15.0,82.02695700000004,3.0,1.5,1.0,0.0,37.0,3.0,1519.67280349555,1500.1116660074276,19.561137488122313,H
7697296,18/19,5,2018-11-17 17:00:00+00:00,finished,Türkiye,Sweden,0.0,1.0,"UEFA Nations League, League B, Gr. 2",27.0,1582.54473,37.0,1525.578992,10.0,56.9657380000001,1.0,0.5,-0.6666666666666666,-0.5,34.0,36.0,1488.4751780144259,1490.3312038813474,-1.8560258669215273,A
7697250,18/19,6,2018-11-19 19:45:00+00:00,finished,Czechia,Slovakia,1.0,0.0,"UEFA Nations League, League B, Gr. 1",48.0,1467.260216,45.0,1473.660727,-3.0,-6.400511000000051,1.0,1.0,-0.3333333333333333,0.3333333333333333,34.0,3.0,1492.498584970143,1496.8132321241883,-4.31464715404536,H
7697218,18/19,4,2018-10-14 18:45:00+00:00,finished,Poland,Italy,0.0,1.0,"UEFA Nations League, League A, Gr. 3",36.0,1526.183359,15.0,1704.733836,-21.0,-178.550477,0.5,0.5,-0.5,-0.5,3.0,34.0,1490.1742981249006,1490.0513564100875,0.12294171481312333,A
7697260,18/19,3,2018-10-13 18:45:00+00:00,finished,North Macedonia,Liechtenstein,4.0,1.0,"UEFA Nations League, League D, Gr. 4",69.0,1369.159317,206.0,797.701009,137.0,571.4583080000001,3.0,1.5,2.0,0.5,34.0,34.0,1529.6008838293706,1503.6762215235271,25.924662305843412,H
7697238,18/19,3,2018-10-13 16:00:00+00:00,finished,Norway,Slovenia,1.0,0.0,"UEFA Nations League, League C, Gr. 3",19.0,1651.286867,56.0,1441.087158,37.0,210.19970899999998,1.5,0.0,0.5,-1.0,34.0,33.0,1504.0648644280109,1479.9895267338543,24.075337694156588,H
7697271,18/19,5,2018-11-17 17:00:00+00:00,finished,Azerbaijan,Faroe Islands,2.0,0.0,"UEFA Nations League, League D, Gr. 3",126.0,1131.995112,123.0,1136.585036,-3.0,-4.589923999999883,1.5,1.0,0.75,-0.75,34.0,34.0,1517.3673712898826,1478.3107247119854,39.056646577897254,H
7697278,18/19,4,2018-10-16 18:45:00+00:00,finished,Norway,Bulgaria,1.0,0.0,"UEFA Nations League, League C, Gr. 3",19.0,1651.286867,85.0,1271.683325,66.0,379.60354200000006,2.0,3.0,0.6666666666666666,1.0,3.0,3.0,1511.5558045668133,1527.5014134049482,-15.94560883813483,H
7697301,18/19,6,2018-11-18 14:00:00+00:00,finished,England,Croatia,2.0,1.0,"UEFA Nations League, League A, Gr. 4",4.0,1922.831632,13.0,1723.050142,9.0,199.78148999999985,1.3333333333333333,1.3333333333333333,0.0,-1.6666666666666667,33.0,2.0,1502.7636170015503,1490.7666495488584,11.996967452691933,H
7697251,18/19,3,2018-10-12 18:45:00+00:00,finished,Belarus,Luxembourg,1.0,0.0,"UEFA Nations League, League D, Gr. 2",96.0,1242.876029,98.0,1232.81815,2.0,10.057878999999957,2.0,3.0,2.5,3.5,31.0,31.0,1517.2601896460435,1534.4604843745667,-17.200294728523204,H
7697279,18/19,4,2018-10-16 18:45:00+00:00,finished,Latvia,Georgia,0.0,3.0,"UEFA Nations League, League D, Gr. 1",137.0,1085.660758,72.0,1355.261687,-65.0,-269.60092899999995,0.6666666666666666,3.0,-0.3333333333333333,2.0,3.0,3.0,1488.5257973115256,1538.4073582948222,-49.881560983296595,A
7697305,18/19,5,2018-11-16 19:45:00+00:00,finished,Netherlands,France,2.0,0.0,"UEFA Nations League, League A, Gr. 1",9.0,1775.54224,3.0,1948.970817,-6.0,-173.4285769999999,1.5,2.3333333333333335,1.0,0.6666666666666666,34.0,31.0,1506.4693846698985,1517.3778886107173,-10.908503940818719,H
7697307,18/19,5,2018-11-17 19:45:00+00:00,finished,Italy,Portugal,0.0,0.0,"UEFA Nations League, League A, Gr. 3",15.0,1704.733836,7.0,1787.854725,-8.0,-83.1208889999998,1.3333333333333333,3.0,0.0,1.0,34.0,37.0,1501.9040983266425,1519.774345465012,-17.87024713836945,D
7697239,18/19,3,2018-10-13 18:45:00+00:00,finished,Bulgaria,Cyprus,2.0,1.0,"UEFA Nations League, League C, Gr. 3",85.0,1271.683325,124.0,1133.247165,39.0,138.43615999999997,3.0,1.5,1.0,-0.5,34.0,34.0,1520.0104732661457,1495.9351355719891,24.075337694156588,H
7697290,18/19,5,2018-11-15 19:45:00+00:00,finished,Greece,Finland,1.0,0.0,"UEFA Nations League, League C, Gr. 2",46.0,1473.187305,75.0,1341.922408,29.0,131.26489700000002,1.5,3.0,-0.25,1.25,31.0,31.0,1499.626613871221,1538.1972841989764,-38.57067032775535,H
7697306,18/19,5,2018-11-15 19:45:00+00:00,finished,Belgium,Iceland,2.0,0.0,"UEFA Nations League, League A, Gr. 2",8.0,1778.355242,74.0,1342.771961,66.0,435.58328100000017,3.0,0.0,2.0,-3.3333333333333335,34.0,31.0,1527.9660555100745,1452.2597163997582,75.70633911031632,H
7697288,18/19,5,2018-11-17 19:45:00+00:00,finished,Romania,Lithuania,3.0,0.0,"UEFA Nations League, League C, Gr. 4",52.0,1455.894657,149.0,1056.850321,97.0,399.04433600000016,1.5,0.0,0.25,-1.75,34.0,34.0,1510.1546994670064,1446.069528995685,64.08517047132136,H
7697246,18/19,6,2018-11-19 19:45:00+00:00,finished,Denmark,Ireland,0.0,0.0,"UEFA Nations League, League B, Gr. 4",21.0,1619.474248,55.0,1441.096901,34.0,178.3773470000001,2.3333333333333335,0.3333333333333333,1.0,-1.3333333333333333,3.0,34.0,1525.730727943554,1473.2706733701896,52.46005457336446,D
7697254,18/19,6,2018-11-19 19:45:00+00:00,finished,Germany,Netherlands,2.0,2.0,"UEFA Nations League, League A, Gr. 1",12.0,1726.218839,9.0,1775.54224,-3.0,-49.3234010000001,0.3333333333333333,2.0,-1.3333333333333333,1.3333333333333333,34.0,3.0,1476.1527267193842,1519.1527542575507,-43.00002753816648,D
7697259,18/19,3,2018-10-13 16:00:00+00:00,finished,Armenia,Gibraltar,0.0,1.0,"UEFA Nations League, League D, Gr. 4",107.0,1189.632762,202.0,820.260818,95.0,369.371944,1.5,0.0,-0.5,-2.0,34.0,33.0,1496.3237784764729,1470.3991161706294,25.924662305843412,A
7697242,18/19,3,2018-10-11 18:45:00+00:00,finished,Montenegro,Serbia,0.0,2.0,"UEFA Nations League, League C, Gr. 4",80.0,1301.977191,40.0,1502.133186,-40.0,-200.15599500000008,2.0,2.0,1.0,0.5,31.0,31.0,1513.5085722058338,1509.6221563411182,3.886415864715673,A
7697282,18/19,5,2018-11-15 19:45:00+00:00,finished,Luxembourg,Belarus,0.0,2.0,"UEFA Nations League, League D, Gr. 2",98.0,1232.81815,96.0,1242.876029,-2.0,-10.057878999999957,2.25,2.0,2.25,1.5,31.0,31.0,1536.7318234974134,1523.2061188234088,13.5257046740046,A
7697295,18/19,5,2018-11-17 19:45:00+00:00,finished,Albania,Scotland,0.0,4.0,"UEFA Nations League, League C, Gr. 1",67.0,1376.033234,42.0,1491.223887,-25.0,-115.19065300000011,1.0,1.5,-1.0,0.5,34.0,37.0,1483.5652176887124,1503.8349718393372,-20.26975415062475,A
7697227,18/19,4,2018-10-14 16:00:00+00:00,finished,Russia,Türkiye,2.0,0.0,"UEFA Nations League, League B, Gr. 2",35.0,1529.602834,27.0,1582.54473,-8.0,-52.94189600000004,2.0,1.5,0.5,0.0,2.0,33.0,1509.3415996142026,1500.32719650445,9.014403109752493,H
7697210,18/19,2,2018-09-11 18:45:00+00:00,finished,Hungary,Greece,2.0,1.0,"UEFA Nations League, League C, Gr. 2",39.0,1506.393663,46.0,1473.187305,7.0,33.20635800000014,0.0,3.0,-1.0,1.0,3.0,3.0,1491.8493246116866,1511.8493246116866,-20.0,H
7697261,18/19,4,2018-10-15 18:45:00+00:00,finished,Bosnia & Herzegovina,Northern Ireland,2.0,0.0,"UEFA Nations League, League B, Gr. 3",61.0,1408.930486,70.0,1365.296485,9.0,43.6340009999999,3.0,0.0,1.0,-1.0,34.0,3.0,1519.67280349555,1480.1116660074276,39.56113748812231,H
7697252,18/19,3,2018-10-11 18:45:00+00:00,finished,Faroe Islands,Azerbaijan,0.0,3.0,"UEFA Nations League, League D, Gr. 3",123.0,1136.585036,126.0,1131.995112,3.0,4.589923999999883,1.5,1.0,0.0,0.0,31.0,31.0,1499.565050842323,1499.7100338948821,-0.1449830525591551,A
7888071,18/19,4,2018-10-14 18:45:00+00:00,finished,Israel,Albania,2.0,0.0,"UEFA Nations League, League C, Gr. 1",76.0,1333.904007,67.0,1376.033234,-9.0,-42.1292269999999,1.5,1.5,0.0,-0.5,3.0,34.0,1500.581642051815,1495.583386108848,4.998255942967035,H
7697245,18/19,6,2018-11-20 19:45:00+00:00,finished,Scotland,Israel,3.0,2.0,"UEFA Nations League, League C, Gr. 1",42.0,1491.223887,76.0,1333.904007,34.0,157.31988,2.0,2.0,1.6666666666666667,0.6666666666666666,3.0,37.0,1524.9856725249103,1512.5998104719504,12.385862052959965,H
7697287,18/19,5,2018-11-15 19:45:00+00:00,finished,Hungary,Estonia,2.0,0.0,"UEFA Nations League, League C, Gr. 2",39.0,1506.393663,127.0,1130.63629,88.0,375.75737300000014,1.0,0.25,-0.25,-0.75,31.0,31.0,1493.6911586372667,1468.484943292536,25.20621534473071,H
7697258,18/19,4,2018-10-14 16:00:00+00:00,finished,Faroe Islands,Kosovo,1.0,1.0,"UEFA Nations League, League D, Gr. 3",123.0,1136.585036,78.0,1319.120924,-45.0,-182.5358880000001,1.0,2.3333333333333335,-1.0,1.3333333333333333,2.0,2.0,1478.8357862232212,1525.5764888495485,-46.74070262632722,D
7697300,18/19,5,2018-11-15 19:45:00+00:00,finished,Croatia,Spain,3.0,2.0,"UEFA Nations League, League A, Gr. 4",13.0,1723.050142,1.0,1995.881879,-12.0,-272.831737,0.5,2.0,-3.0,2.0,34.0,31.0,1481.658863701492,1515.5775192969577,-33.91865559546568,H
7697248,18/19,4,2018-10-14 18:45:00+00:00,finished,Lithuania,Montenegro,1.0,4.0,"UEFA Nations League, League C, Gr. 4",149.0,1056.850321,80.0,1301.977191,-69.0,-245.12687000000005,0.0,1.3333333333333333,-1.3333333333333333,0.0,3.0,3.0,1465.313576424348,1495.572874917979,-30.25929849363115,A
7697255,18/19,3,2018-10-11 18:45:00+00:00,finished,Kosovo,Malta,3.0,1.0,"UEFA Nations League, League D, Gr. 3",78.0,1319.120924,161.0,992.793497,83.0,326.32742700000006,2.0,0.5,1.0,-1.0,31.0,31.0,1514.5102868518336,1486.2146284109613,28.29565844087233,H
7697241,18/19,3,2018-10-13 16:00:00+00:00,finished,Georgia,Andorra,3.0,0.0,"UEFA Nations League, League D, Gr. 1",72.0,1355.261687,172.0,946.429826,100.0,408.8318609999999,3.0,1.0,1.5,0.0,34.0,32.0,1525.3853804695398,1499.4607181636964,25.924662305843412,H
7697268,18/19,5,2018-11-16 19:45:00+00:00,finished,Gibraltar,Armenia,2.0,6.0,"UEFA Nations League, League D, Gr. 4",202.0,820.260818,107.0,1189.632762,-95.0,-369.371944,1.5,1.5,-0.5,0.5,31.0,31.0,1491.3234463702927,1502.183476331457,-10.8600299611644,A
7697244,18/19,3,2018-10-11 18:45:00+00:00,finished,Lithuania,Romania,1.0,2.0,"UEFA Nations League, League C, Gr. 4",149.0,1056.850321,52.0,1455.894657,-97.0,-399.04433600000016,0.0,1.0,-1.5,0.0,31.0,31.0,1476.4914277941662,1500.3778436588818,-23.886415864715673,A
7697302,18/19,5,2018-11-16 19:45:00+00:00,finished,Slovakia,Ukraine,4.0,1.0,"UEFA Nations League, League B, Gr. 1",45.0,1473.660727,33.0,1549.287173,-12.0,-75.62644599999999,0.0,3.0,-1.0,1.0,34.0,31.0,1480.2155304970224,1527.2858845328346,-47.070354035812215,H
7697269,18/19,4,2018-10-16 18:45:00+00:00,finished,Ireland,Wales,0.0,1.0,"UEFA Nations League, League B, Gr. 4",55.0,1441.096901,38.0,1516.946629,-17.0,-75.84972800000014,0.5,1.5,-1.5,0.5,3.0,37.0,1484.6494521550092,1501.4387059910678,-16.789253836058606,A
7697274,18/19,4,2018-10-16 16:00:00+00:00,finished,Armenia,North Macedonia,4.0,0.0,"UEFA Nations League, League D, Gr. 4",107.0,1189.632762,69.0,1369.159317,-38.0,-179.52655500000014,1.0,3.0,-0.6666666666666666,2.3333333333333335,3.0,2.0,1483.7649086623485,1542.622861654653,-58.85795299230449,H
7697298,18/19,6,2018-11-18 17:00:00+00:00,finished,Northern Ireland,Austria,1.0,2.0,"UEFA Nations League, League B, Gr. 3",70.0,1365.296485,23.0,1598.822839,-47.0,-233.52635399999986,0.0,1.3333333333333333,-1.3333333333333333,0.0,33.0,2.0,1469.494408001118,1499.2136670292668,-29.719259028148826,A
7697264,18/19,4,2018-10-15 18:45:00+00:00,finished,Spain,England,2.0,3.0,"UEFA Nations League, League A, Gr. 4",1.0,1995.881879,4.0,1922.831632,3.0,73.05024700000013,3.0,0.5,3.5,-0.5,34.0,3.0,1528.4742172398962,1489.8669190586118,38.60729818128448,A
7697289,18/19,5,2018-11-17 14:00:00+00:00,finished,Serbia,Montenegro,2.0,1.0,"UEFA Nations League, League C, Gr. 4",40.0,1502.133186,80.0,1301.977191,40.0,200.15599500000008,2.0,1.75,0.75,0.75,34.0,33.0,1528.9588491906666,1514.816922346642,14.14192684402451,H
8600732,20/21,1,2020-09-05 18:45:00+00:00,finished,Denmark,Belgium,0.0,2.0,"UEFA Nations League, League A, Gr. 2",21.0,1619.474248,8.0,1778.355242,-13.0,-158.8809940000001,2.0,2.25,0.75,0.75,655.0,656.0,1522.4731306321946,1522.084214520717,0.3889161114775561,A
8600742,20/21,1,2020-09-04 18:45:00+00:00,finished,Netherlands,Poland,1.0,0.0,"UEFA Nations League, League A, Gr. 1",9.0,1775.54224,36.0,1526.183359,27.0,249.35888099999988,1.75,0.5,1.0,-0.5,654.0,653.0,1519.7851194246703,1481.3284407085832,38.456678716087026,H
8600811,20/21,2,2020-09-06 16:00:00+00:00,finished,Hungary,Russia,2.0,3.0,"UEFA Nations League, League B, Gr. 3",39.0,1506.393663,35.0,1529.602834,-4.0,-23.20917099999997,2.0,2.0,0.8,0.6,2.0,2.0,1528.8000074824452,1522.012216658492,6.7877908239531735,A
8600731,20/21,1,2020-09-03 18:45:00+00:00,finished,Ukraine,Switzerland,2.0,1.0,"UEFA Nations League, League A, Gr. 4",33.0,1549.287173,14.0,1710.884769,-19.0,-161.59759600000007,2.25,2.25,0.0,2.25,656.0,654.0,1510.6881829056688,1534.8929706389863,-24.204787733317517,H
7697253,18/19,4,2018-10-14 16:00:00+00:00,finished,Azerbaijan,Malta,1.0,1.0,"UEFA Nations League, League D, Gr. 3",126.0,1131.995112,161.0,992.793497,35.0,139.20161500000006,1.6666666666666667,0.3333333333333333,1.0,-1.3333333333333333,2.0,2.0,1520.4392985139839,1475.1484264132464,45.29087210073749,D
8600730,20/21,1,2020-09-04 18:45:00+00:00,finished,Italy,Bosnia & Herzegovina,1.0,1.0,"UEFA Nations League, League A, Gr. 1",15.0,1704.733836,61.0,1408.930486,46.0,295.80335000000014,1.25,2.5,0.0,1.0,656.0,658.0,1500.5558545536455,1531.2919249696151,-30.736070415969607,D
7697247,18/19,4,2018-10-14 13:00:00+00:00,finished,Romania,Serbia,0.0,0.0,"UEFA Nations League, League C, Gr. 4",52.0,1455.894657,40.0,1502.133186,-12.0,-46.23852899999997,1.6666666666666667,2.3333333333333335,0.3333333333333333,1.0,2.0,2.0,1511.5556950287,1527.557853628973,-16.002158600272878,D
8600840,20/21,1,2020-09-04 18:45:00+00:00,finished,Belarus,Albania,0.0,2.0,"UEFA Nations League, League C, Gr. 4",96.0,1242.876029,67.0,1376.033234,-29.0,-133.15720499999998,2.2,0.75,1.0,-1.75,656.0,656.0,1554.6237336871336,1462.4145170031393,92.20921668399433,A
8600767,20/21,1,2020-09-04 18:45:00+00:00,finished,Romania,Northern Ireland,1.0,1.0,"UEFA Nations League, League B, Gr. 1",52.0,1455.894657,70.0,1365.296485,18.0,90.59817199999998,2.2,0.0,1.0,-1.25,653.0,656.0,1532.8830655992967,1458.4824226613168,74.40064293797991,D
8600836,20/21,2,2020-09-07 18:45:00+00:00,finished,Czechia,Scotland,1.0,2.0,"UEFA Nations League, League B, Gr. 2",48.0,1467.260216,42.0,1491.223887,-6.0,-23.963671000000204,1.8,2.0,0.4,1.2,3.0,3.0,1518.0304953734258,1530.1797479999234,-12.149252626497628,A
7697235,18/19,6,2018-11-19 19:45:00+00:00,finished,Cyprus,Norway,0.0,2.0,"UEFA Nations League, League C, Gr. 3",124.0,1133.247165,19.0,1651.286867,-105.0,-518.039702,1.0,2.0,-0.4,0.6,3.0,3.0,1488.8159450360326,1520.6117617110967,-31.79581667506409,A
7697226,18/19,6,2018-11-20 19:45:00+00:00,finished,Kosovo,Azerbaijan,4.0,0.0,"UEFA Nations League, League D, Gr. 3",78.0,1319.120924,126.0,1131.995112,48.0,187.125812,2.2,1.8,1.8,1.0,3.0,3.0,1547.0861912105343,1528.004558931998,19.08163227853629,H
7697270,18/19,4,2018-10-15 18:45:00+00:00,finished,Finland,Greece,2.0,0.0,"UEFA Nations League, League C, Gr. 2",75.0,1341.922408,46.0,1473.187305,-29.0,-131.26489700000002,3.0,2.0,1.0,0.3333333333333333,3.0,3.0,1526.6073969903343,1511.216501079863,15.390895910471272,H
8600753,20/21,3,2020-10-11 16:00:00+00:00,finished,Bosnia & Herzegovina,Netherlands,0.0,0.0,"UEFA Nations League, League A, Gr. 1",61.0,1408.930486,9.0,1775.54224,-52.0,-366.611754,1.6,2.0,0.4,1.0,33.0,33.0,1518.8741863900718,1514.2960430395053,4.578143350566506,D
8600812,20/21,2,2020-09-06 18:45:00+00:00,finished,Serbia,Türkiye,0.0,0.0,"UEFA Nations League, League B, Gr. 3",40.0,1502.133186,27.0,1582.54473,-13.0,-80.41154400000005,2.0,0.6,0.8,-0.8,3.0,3.0,1532.5568496895555,1466.0005841780417,66.55626551151386,D
7697283,18/19,6,2018-11-18 17:00:00+00:00,finished,San Marino,Belarus,0.0,2.0,"UEFA Nations League, League D, Gr. 2",211.0,721.201827,96.0,1242.876029,-115.0,-521.674202,0.0,2.2,-2.8,1.6,2.0,2.0,1431.9159640414773,1541.5397741916197,-109.62381015014239,A
7697280,18/19,5,2018-11-15 19:45:00+00:00,finished,San Marino,Moldova,0.0,1.0,"UEFA Nations League, League D, Gr. 2",211.0,721.201827,159.0,1008.240035,-52.0,-287.03820800000005,0.0,1.25,-3.25,-0.5,31.0,31.0,1442.183731089393,1497.8783265897848,-55.69459550039187,A
8600736,20/21,3,2020-10-11 18:45:00+00:00,finished,Iceland,Denmark,0.0,3.0,"UEFA Nations League, League A, Gr. 2",74.0,1342.771961,21.0,1619.474248,-53.0,-276.70228700000007,0.0,1.2,-2.2,-0.2,33.0,33.0,1422.9286548976888,1503.2769766427273,-80.34832174503845,A
8600827,20/21,3,2020-10-11 16:00:00+00:00,finished,Croatia,Sweden,2.0,1.0,"UEFA Nations League, League A, Gr. 3",13.0,1723.050142,37.0,1525.578992,24.0,197.47115000000008,0.8,1.4,-1.0,0.0,32.0,32.0,1460.0114800362628,1486.413936245517,-26.402456209254296,H
8600777,20/21,1,2020-09-04 18:45:00+00:00,finished,Slovakia,Czechia,1.0,3.0,"UEFA Nations League, League B, Gr. 2",45.0,1473.660727,48.0,1467.260216,3.0,6.400511000000051,0.75,1.5,0.0,0.0,654.0,654.0,1488.542348465004,1500.7694686293273,-12.227120164323424,A
7697229,18/19,6,2018-11-19 17:00:00+00:00,finished,Andorra,Latvia,0.0,0.0,"UEFA Nations League, League D, Gr. 1",172.0,946.429826,137.0,1085.660758,-35.0,-139.23093199999994,0.6,0.6,-1.4,-0.8,3.0,4.0,1471.7555120878383,1472.9766099886476,-1.2210979008093545,D
8600837,20/21,2,2020-09-07 18:45:00+00:00,finished,Israel,Slovakia,1.0,1.0,"UEFA Nations League, League B, Gr. 2",76.0,1333.904007,45.0,1473.660727,-31.0,-139.75671999999986,1.4,0.6,0.2,-0.4,3.0,3.0,1507.4057349969373,1471.2813217209055,36.12441327603187,D
7697236,18/19,6,2018-11-19 19:45:00+00:00,finished,Bulgaria,Slovenia,1.0,1.0,"UEFA Nations League, League C, Gr. 3",85.0,1271.683325,56.0,1441.087158,-29.0,-169.40383300000008,2.0,0.4,0.4,-0.6,3.0,3.0,1519.934846224684,1470.6374470281867,49.29739919649728,D
7697225,18/19,6,2018-11-20 19:45:00+00:00,finished,Malta,Faroe Islands,1.0,1.0,"UEFA Nations League, League D, Gr. 3",161.0,992.793497,123.0,1136.585036,-38.0,-143.79153899999994,0.4,0.8,-1.8,-1.0,3.0,3.0,1457.2357127875978,1467.67353706987,-10.437824282272231,D
7697275,18/19,4,2018-10-16 18:45:00+00:00,finished,Gibraltar,Liechtenstein,2.0,1.0,"UEFA Nations League, League D, Gr. 4",202.0,820.260818,206.0,797.701009,4.0,22.559808999999973,1.0,1.0,-1.0,-0.6666666666666666,3.0,3.0,1482.9579859847538,1490.6542436982447,-7.6962577134909225,H
8600758,20/21,1,2020-09-04 18:45:00+00:00,finished,Scotland,Israel,1.0,1.0,"UEFA Nations League, League B, Gr. 2",42.0,1491.223887,76.0,1333.904007,34.0,157.31988,2.25,1.5,1.5,0.25,653.0,653.0,1532.7944451371625,1504.7910378596982,28.003407277464248,D
8600875,20/21,2,2020-09-08 18:45:00+00:00,finished,Sweden,Portugal,0.0,2.0,"UEFA Nations League, League A, Gr. 3",37.0,1525.578992,7.0,1787.854725,-30.0,-262.27573299999995,1.4,2.2,0.2,1.0,3.0,3.0,1503.018707146574,1530.7056102741183,-27.686903127544383,A
7697284,18/19,6,2018-11-18 17:00:00+00:00,finished,Moldova,Luxembourg,1.0,1.0,"UEFA Nations League, League D, Gr. 2",159.0,1008.240035,98.0,1232.81815,-61.0,-224.57811500000003,1.6,1.8,-0.2,1.4,2.0,2.0,1508.1460936377005,1518.3981681292025,-10.252074491502071,D
8600853,20/21,2,2020-09-08 18:45:00+00:00,finished,Belgium,Iceland,5.0,1.0,"UEFA Nations League, League A, Gr. 2",8.0,1778.355242,74.0,1342.771961,66.0,435.58328100000017,2.4,0.0,1.0,-2.6,3.0,3.0,1539.8744146857996,1433.0965029422882,106.77791174351137,H
7697294,18/19,6,2018-11-18 19:45:00+00:00,finished,Hungary,Finland,2.0,0.0,"UEFA Nations League, League C, Gr. 2",39.0,1506.393663,75.0,1341.922408,36.0,164.47125500000016,1.4,2.4,0.2,0.8,3.0,3.0,1504.8818560782897,1528.9565175594084,-24.07466148111871,H
8600814,20/21,1,2020-09-03 18:45:00+00:00,finished,Bulgaria,Ireland,1.0,1.0,"UEFA Nations League, League B, Gr. 4",85.0,1271.683325,55.0,1441.096901,-30.0,-169.41357599999992,1.6,0.5,0.2,-1.0,653.0,653.0,1516.7588573010348,1476.528270681549,40.23058661948585,D
7697237,18/19,6,2018-11-20 19:45:00+00:00,finished,Serbia,Lithuania,4.0,1.0,"UEFA Nations League, League C, Gr. 4",40.0,1502.133186,149.0,1056.850321,109.0,445.28286500000013,2.2,0.0,0.8,-2.0,3.0,3.0,1536.7195586756359,1434.78789791713,101.93166075850581,H
7697277,18/19,4,2018-10-16 18:45:00+00:00,finished,Slovenia,Cyprus,1.0,1.0,"UEFA Nations League, League C, Gr. 3",56.0,1441.087158,124.0,1133.247165,68.0,307.83999300000005,0.0,1.0,-1.0,-0.6666666666666666,3.0,3.0,1472.4985865950518,1488.4441954331867,-15.94560883813483,D
8600740,20/21,1,2020-09-05 18:45:00+00:00,finished,Portugal,Croatia,4.0,1.0,"UEFA Nations League, League A, Gr. 3",7.0,1787.854725,13.0,1723.050142,6.0,64.80458299999987,2.0,1.0,0.5,-1.5,654.0,657.0,1518.1157047377712,1482.9472184836109,35.16848625416037,H
7697292,18/19,5,2018-11-16 19:45:00+00:00,finished,Cyprus,Bulgaria,1.0,1.0,"UEFA Nations League, League C, Gr. 3",124.0,1133.247165,85.0,1271.683325,-39.0,-138.43615999999997,1.0,2.25,-0.5,0.5,31.0,31.0,1489.8467866444776,1518.904004616239,-29.057217971761474,D
8600734,20/21,1,2020-09-05 18:45:00+00:00,finished,Sweden,France,0.0,1.0,"UEFA Nations League, League A, Gr. 3",37.0,1525.578992,3.0,1948.970817,-34.0,-423.3918249999999,1.75,1.75,0.5,0.0,654.0,658.0,1515.1571745715287,1504.6945190230651,10.462655548463545,A
7697285,18/19,5,2018-11-15 19:45:00+00:00,finished,Andorra,Georgia,1.0,1.0,"UEFA Nations League, League D, Gr. 1",172.0,946.429826,72.0,1355.261687,-100.0,-408.8318609999999,0.5,3.0,-1.75,2.25,30.0,30.0,1471.1660928483727,1556.6683794185442,-85.50228657017146,D
7697276,18/19,4,2018-10-15 18:45:00+00:00,finished,Luxembourg,San Marino,3.0,0.0,"UEFA Nations League, League D, Gr. 2",98.0,1232.81815,211.0,721.201827,113.0,511.6163230000001,2.0,0.0,2.0,-3.3333333333333335,3.0,3.0,1525.8276554688857,1453.0878991179206,72.73975635096508,H
8600769,20/21,2,2020-09-06 18:45:00+00:00,finished,Switzerland,Germany,1.0,1.0,"UEFA Nations League, League A, Gr. 4",14.0,1710.884769,12.0,1726.218839,-2.0,-15.334069999999883,1.8,0.6,1.6,-0.8,3.0,3.0,1526.0617846849784,1474.5434315279483,51.518353157030106,D
7697228,18/19,6,2018-11-19 19:45:00+00:00,finished,North Macedonia,Gibraltar,4.0,0.0,"UEFA Nations League, League D, Gr. 4",69.0,1369.159317,202.0,820.260818,133.0,548.8984990000001,2.4,1.2,1.0,-1.2,3.0,3.0,1540.1994675021995,1469.675104819905,70.5243626822944,H
7697262,18/19,4,2018-10-15 18:45:00+00:00,finished,Estonia,Hungary,3.0,3.0,"UEFA Nations League, League C, Gr. 2",127.0,1130.63629,39.0,1506.393663,-88.0,-375.75737300000014,0.0,1.0,-1.0,-0.3333333333333333,3.0,3.0,1469.6939537862925,1492.4821481435101,-22.788194357217662,D
8600763,20/21,1,2020-09-03 18:45:00+00:00,finished,Germany,Spain,1.0,1.0,"UEFA Nations League, League A, Gr. 4",12.0,1726.218839,1.0,1995.881879,-11.0,-269.66304000000014,0.5,1.5,-1.0,1.25,653.0,657.0,1475.5203615522646,1506.4697334495913,-30.949371897326728,D
7697272,18/19,5,2018-11-17 17:00:00+00:00,finished,Malta,Kosovo,0.0,5.0,"UEFA Nations League, League D, Gr. 3",161.0,992.793497,78.0,1319.120924,-83.0,-326.32742700000006,0.5,2.0,-1.0,1.0,34.0,34.0,1478.2203536373477,1526.1015503607844,-47.88119672343669,A
8600871,20/21,2,2020-09-07 18:45:00+00:00,finished,Netherlands,Italy,0.0,1.0,"UEFA Nations League, League A, Gr. 1",9.0,1775.54224,15.0,1704.733836,6.0,70.80840399999988,2.0,1.2,1.0,0.0,3.0,3.0,1526.8923933983929,1499.5728441777335,27.319549220659383,A
8600733,20/21,2,2020-09-06 18:45:00+00:00,finished,Spain,Ukraine,4.0,0.0,"UEFA Nations League, League A, Gr. 4",1.0,1995.881879,33.0,1549.287173,32.0,446.5947060000001,1.4,2.4,1.0,0.2,3.0,3.0,1507.4466634739076,1519.5193688596767,-12.07270538576904,H
8600794,20/21,1,2020-09-04 18:45:00+00:00,finished,Norway,Austria,1.0,2.0,"UEFA Nations League, League B, Gr. 1",19.0,1651.286867,23.0,1598.822839,4.0,52.4640280000001,2.0,1.75,0.6,0.25,654.0,656.0,1537.0409530165769,1510.225652369068,26.81530064750882,A
7697230,18/19,6,2018-11-19 17:00:00+00:00,finished,Georgia,Kazakhstan,2.0,1.0,"UEFA Nations League, League D, Gr. 1",72.0,1355.261687,111.0,1180.780449,39.0,174.48123799999985,2.6,1.2,1.8,0.4,3.0,4.0,1556.0789601790786,1499.1889177444355,56.89004243464319,H
7697240,18/19,6,2018-11-20 19:45:00+00:00,finished,Montenegro,Romania,0.0,1.0,"UEFA Nations League, League C, Gr. 4",80.0,1301.977191,52.0,1455.894657,-28.0,-153.9174660000001,1.4,1.8,0.4,0.8,3.0,3.0,1507.0562128616727,1521.4363305455613,-14.380117683888557,A
7697291,18/19,6,2018-11-18 19:45:00+00:00,finished,Greece,Estonia,0.0,1.0,"UEFA Nations League, League C, Gr. 2",46.0,1473.187305,127.0,1130.63629,81.0,342.551015,1.8,0.2,0.0,-1.0,3.0,3.0,1508.867380510789,1457.2942458515129,51.57313465927609,A
7697224,18/19,6,2018-11-19 19:45:00+00:00,finished,Liechtenstein,Armenia,2.0,2.0,"UEFA Nations League, League D, Gr. 4",206.0,797.701009,107.0,1189.632762,-99.0,-391.93175299999996,0.6,1.8,-1.0,1.2,3.0,3.0,1466.2936097960508,1523.8318178818447,-57.53820808579394,D
7697263,18/19,5,2018-11-16 19:45:00+00:00,finished,Liechtenstein,North Macedonia,0.0,2.0,"UEFA Nations League, League D, Gr. 4",206.0,797.701009,69.0,1369.159317,-137.0,-571.4583080000001,0.75,2.25,-0.75,0.75,31.0,31.0,1482.2887833127058,1524.2042939855444,-41.915510672838536,A
8600790,20/21,1,2020-09-05 16:00:00+00:00,finished,Iceland,England,0.0,1.0,"UEFA Nations League, League A, Gr. 2",74.0,1342.771961,4.0,1922.831632,-70.0,-580.059671,0.0,1.75,-3.0,0.25,659.0,657.0,1443.0228148402966,1510.5830480667978,-67.56023322650117,A
7697281,18/19,4,2018-10-16 14:00:00+00:00,finished,Kazakhstan,Andorra,4.0,0.0,"UEFA Nations League, League D, Gr. 1",111.0,1180.780449,172.0,946.429826,61.0,234.35062300000004,0.6666666666666666,0.6666666666666666,-0.6666666666666666,-1.0,2.0,2.0,1486.6281040552383,1486.438740338414,0.18936371682434583,H
8600816,20/21,1,2020-09-03 18:45:00+00:00,finished,Finland,Wales,0.0,1.0,"UEFA Nations League, League B, Gr. 4",75.0,1341.922408,38.0,1516.946629,-37.0,-175.02422100000013,1.8,1.5,0.2,0.25,654.0,656.0,1515.7152796384837,1500.9985986862564,14.716680952227307,A
8600856,20/21,3,2020-10-11 13:00:00+00:00,finished,Ireland,Wales,0.0,0.0,"UEFA Nations League, League B, Gr. 4",55.0,1441.096901,38.0,1516.946629,-17.0,-75.84972800000014,0.6,1.8,-0.4,0.0,34.0,35.0,1468.2928737867053,1521.4200053319375,-53.12713154523226,D
8600839,20/21,1,2020-09-03 16:00:00+00:00,finished,Latvia,Andorra,0.0,0.0,"UEFA Nations League, League D, Gr. 1",137.0,1085.660758,172.0,946.429826,35.0,139.23093199999994,0.6,0.6,-0.8,-1.4,653.0,653.0,1474.7919686352518,1469.940153441234,4.851815194017718,D
8600818,20/21,1,2020-09-05 13:00:00+00:00,finished,North Macedonia,Armenia,2.0,1.0,"UEFA Nations League, League C, Gr. 2",69.0,1369.159317,107.0,1189.632762,38.0,179.52655500000014,2.4,1.4,1.4,1.0,655.0,655.0,1551.985324141693,1524.046552502672,27.938771639020842,H
8600779,20/21,3,2020-10-11 18:45:00+00:00,finished,Poland,Italy,0.0,0.0,"UEFA Nations League, League A, Gr. 1",36.0,1526.183359,15.0,1704.733836,-21.0,-178.550477,0.8,1.6,-0.4,0.2,34.0,34.0,1487.621915690316,1512.169194536621,-24.547278846305062,D
8600771,20/21,5,2020-11-14 19:45:00+00:00,finished,Germany,Ukraine,3.0,1.0,"UEFA Nations League, League A, Gr. 4",12.0,1726.218839,33.0,1549.287173,21.0,176.93166599999995,1.4,1.2,0.2,-1.2,32.0,32.0,1489.168603011082,1500.3421354148322,-11.173532403750187,H
8600880,20/21,3,2020-10-11 13:00:00+00:00,finished,Kazakhstan,Albania,0.0,0.0,"UEFA Nations League, League C, Gr. 4",111.0,1180.780449,67.0,1376.033234,-44.0,-195.2527849999999,1.4,0.6,0.8,-1.4,33.0,33.0,1496.3307671480763,1469.9842256302245,26.346541517851847,D
8600789,20/21,3,2020-10-11 18:45:00+00:00,finished,Northern Ireland,Austria,0.0,1.0,"UEFA Nations League, League B, Gr. 1",70.0,1365.296485,23.0,1598.822839,-47.0,-233.52635399999986,0.2,2.0,-1.6,0.4,34.0,34.0,1443.3894556919836,1511.133845132893,-67.74438944090934,A
8600849,20/21,2,2020-09-08 16:00:00+00:00,finished,Georgia,North Macedonia,1.0,1.0,"UEFA Nations League, League C, Gr. 2",72.0,1355.261687,69.0,1369.159317,-3.0,-13.897630000000163,2.6,2.4,1.6,1.2,3.0,3.0,1571.9271872406987,1559.3723602656073,12.554826975091373,D
8600877,20/21,2,2020-09-07 18:45:00+00:00,finished,Austria,Romania,2.0,3.0,"UEFA Nations League, League B, Gr. 1",23.0,1598.822839,52.0,1455.894657,29.0,142.92818199999988,2.0,2.2,0.4,1.0,3.0,3.0,1522.8084625507972,1529.0730795963013,-6.26461704550411,A
8600764,20/21,4,2020-10-14 18:45:00+00:00,finished,England,Denmark,0.0,1.0,"UEFA Nations League, League A, Gr. 2",4.0,1922.831632,21.0,1619.474248,17.0,303.3573839999999,2.6,1.6,0.8,0.4,3.0,3.0,1530.8579887822139,1520.0043987759725,10.853590006241348,A
8600845,20/21,2,2020-09-06 18:45:00+00:00,finished,Malta,Latvia,1.0,1.0,"UEFA Nations League, League D, Gr. 1",161.0,992.793497,137.0,1085.660758,-24.0,-92.86726099999998,0.4,0.8,-1.6,-0.6,3.0,3.0,1447.9012578307247,1472.808129597658,-24.906871766933364,D
8600835,20/21,1,2020-09-04 16:00:00+00:00,finished,Lithuania,Kazakhstan,0.0,2.0,"UEFA Nations League, League C, Gr. 4",149.0,1056.850321,111.0,1180.780449,-38.0,-123.9301280000002,0.0,1.2,-2.4,0.6,653.0,654.0,1425.1037180119174,1492.5600119971778,-67.45629398526034,A
8600850,20/21,2,2020-09-08 16:00:00+00:00,finished,Armenia,Estonia,2.0,0.0,"UEFA Nations League, League C, Gr. 2",107.0,1189.632762,127.0,1130.63629,20.0,58.99647200000004,1.4,0.8,1.2,-0.6,3.0,3.0,1516.6595163787576,1461.3096842739524,55.34983210480527,H
8600868,20/21,3,2020-10-11 18:45:00+00:00,finished,Kosovo,Slovenia,0.0,1.0,"UEFA Nations League, League C, Gr. 3",78.0,1319.120924,56.0,1441.087158,-22.0,-121.96623399999999,1.6,1.4,1.6,0.2,35.0,35.0,1548.1070152127409,1481.6788616805175,66.4281535322234,A
8600749,20/21,4,2020-10-13 18:45:00+00:00,finished,Ukraine,Spain,1.0,0.0,"UEFA Nations League, League A, Gr. 4",33.0,1549.287173,1.0,1995.881879,-32.0,-446.5947060000001,1.2,1.4,-1.2,0.6,3.0,3.0,1491.0475525094203,1531.4980777217102,-40.450525212289904,H
8600861,20/21,2,2020-09-08 18:45:00+00:00,finished,Denmark,England,0.0,0.0,"UEFA Nations League, League A, Gr. 2",21.0,1619.474248,4.0,1922.831632,-17.0,-303.3573839999999,1.6,2.0,0.2,0.4,3.0,3.0,1504.682930467112,1520.5093599648062,-15.826429497694107,D
8600863,20/21,3,2020-10-10 13:00:00+00:00,finished,Luxembourg,Cyprus,2.0,0.0,"UEFA Nations League, League C, Gr. 1",98.0,1232.81815,124.0,1133.247165,26.0,99.57098500000006,1.4,0.4,0.2,-1.0,31.0,31.0,1519.2579340875207,1445.0580063872367,74.19992770028398,H
8600848,20/21,2,2020-09-07 18:45:00+00:00,finished,Albania,Lithuania,0.0,1.0,"UEFA Nations League, League C, Gr. 4",67.0,1376.033234,149.0,1056.850321,82.0,319.1829130000001,1.2,0.0,-1.0,-2.4,3.0,3.0,1483.773603854513,1410.209762981046,73.56384087346714,A
8600862,20/21,4,2020-10-14 16:00:00+00:00,finished,Finland,Ireland,1.0,0.0,"UEFA Nations League, League B, Gr. 4",75.0,1341.922408,55.0,1441.096901,-20.0,-99.17449299999998,1.2,0.6,-0.2,-0.4,3.0,3.0,1526.488471222799,1467.95127812246,58.53719310033898,H
8600815,20/21,2,2020-09-06 16:00:00+00:00,finished,Ireland,Finland,0.0,1.0,"UEFA Nations League, League B, Gr. 4",55.0,1441.096901,75.0,1341.922408,20.0,99.17449299999998,0.6,1.2,-0.8,-0.2,2.0,2.0,1479.467712084791,1503.4602817268617,-23.992569642070748,A
8600819,20/21,2,2020-09-06 13:00:00+00:00,finished,Wales,Bulgaria,1.0,0.0,"UEFA Nations League, League B, Gr. 4",38.0,1516.946629,85.0,1271.683325,47.0,245.26330400000006,1.8,1.2,0.4,0.0,2.0,2.0,1513.2535965978784,1513.8194158977929,-0.5658192999144376,H
8600822,20/21,1,2020-09-05 16:00:00+00:00,finished,Azerbaijan,Luxembourg,1.0,2.0,"UEFA Nations League, League C, Gr. 1",126.0,1131.995112,98.0,1232.81815,-28.0,-100.823038,1.6,1.4,0.2,0.6,654.0,656.0,1513.7056209141722,1519.9610259049082,-6.255404990735997,A
8600882,20/21,2,2020-09-08 18:45:00+00:00,finished,France,Croatia,4.0,2.0,"UEFA Nations League, League A, Gr. 3",3.0,1948.970817,13.0,1723.050142,10.0,225.92067499999985,2.0,0.8,0.2,-1.8,3.0,3.0,1516.83298644802,1470.3573129472638,46.4756735007561,H
8600743,20/21,5,2020-11-15 19:45:00+00:00,finished,Denmark,Iceland,2.0,1.0,"UEFA Nations League, League A, Gr. 2",21.0,1619.474248,74.0,1342.771961,53.0,276.70228700000007,1.6,0.0,0.4,-2.2,32.0,32.0,1532.1536010528516,1398.1863585718693,133.96724248098235,H
8600791,20/21,3,2020-10-11 18:45:00+00:00,finished,Scotland,Slovakia,1.0,0.0,"UEFA Nations League, League B, Gr. 2",42.0,1491.223887,45.0,1473.660727,3.0,17.563160000000153,2.0,0.8,1.0,-0.2,34.0,34.0,1541.6892893738718,1474.1124181826478,67.57687119122397,H
8600828,20/21,4,2020-10-14 18:45:00+00:00,finished,Slovakia,Israel,2.0,3.0,"UEFA Nations League, League B, Gr. 2",45.0,1473.660727,76.0,1333.904007,31.0,139.75671999999986,0.8,1.0,-0.2,0.0,3.0,3.0,1467.7532663247348,1492.7794730605688,-25.026206735833966,A
8600788,20/21,3,2020-10-11 18:45:00+00:00,finished,France,Portugal,0.0,0.0,"UEFA Nations League, League A, Gr. 3",3.0,1948.970817,7.0,1787.854725,4.0,161.11609199999998,2.4,2.2,0.6,1.2,33.0,33.0,1527.178819359021,1547.310381175175,-20.13156181615409,D
8600847,20/21,2,2020-09-06 13:00:00+00:00,finished,Andorra,Faroe Islands,0.0,1.0,"UEFA Nations League, League D, Gr. 1",172.0,946.429826,123.0,1136.585036,-49.0,-190.1552099999999,0.6,1.0,-1.4,-0.8,2.0,2.0,1471.9239924788278,1477.007992026743,-5.083999547915255,A
8600774,20/21,4,2020-10-14 18:45:00+00:00,finished,Portugal,Sweden,3.0,0.0,"UEFA Nations League, League A, Gr. 3",7.0,1787.854725,37.0,1525.578992,30.0,262.27573299999995,1.8,1.2,1.0,-0.2,3.0,3.0,1548.5946669644902,1477.520315110416,71.07435185407417,H
8600833,20/21,2,2020-09-08 18:45:00+00:00,finished,San Marino,Liechtenstein,0.0,2.0,"UEFA Nations League, League D, Gr. 2",211.0,721.201827,206.0,797.701009,-5.0,-76.49918200000002,0.0,0.8,-1.8,-0.8,3.0,658.0,1411.740561848791,1466.0788751752234,-54.3383133264324,A
8600741,20/21,3,2020-10-11 18:45:00+00:00,finished,Israel,Czechia,1.0,2.0,"UEFA Nations League, League B, Gr. 2",76.0,1333.904007,48.0,1467.260216,-28.0,-133.3562089999998,1.6,1.8,0.4,0.4,34.0,34.0,1504.574638535195,1506.5209539994773,-1.9463154642824065,A
8600843,20/21,1,2020-09-03 18:45:00+00:00,finished,Moldova,Kosovo,1.0,1.0,"UEFA Nations League, League C, Gr. 3",159.0,1008.240035,78.0,1319.120924,-81.0,-310.880889,1.8,2.6,0.6,2.6,655.0,652.0,1506.5832358619948,1561.38512922836,-54.80189336636522,D
8600746,20/21,3,2020-10-11 16:00:00+00:00,finished,England,Belgium,2.0,1.0,"UEFA Nations League, League A, Gr. 2",4.0,1922.831632,8.0,1778.355242,4.0,144.4763899999998,2.2,2.4,0.6,1.2,32.0,32.0,1521.915313789191,1550.042262730399,-28.126948941207957,H
8600820,20/21,1,2020-09-05 16:00:00+00:00,finished,Cyprus,Montenegro,0.0,2.0,"UEFA Nations League, League C, Gr. 1",124.0,1133.247165,80.0,1301.977191,-44.0,-168.73002599999995,1.0,1.2,-0.4,0.2,655.0,654.0,1472.3867537305525,1495.6094778079373,-23.222724077384783,A
8600813,20/21,1,2020-09-03 18:45:00+00:00,finished,Russia,Serbia,3.0,1.0,"UEFA Nations League, League B, Gr. 3",35.0,1529.602834,40.0,1502.133186,5.0,27.469648000000007,1.75,2.2,0.25,1.2,652.0,652.0,1508.165327767199,1546.4037385808485,-38.23841081364958,H
8600810,20/21,1,2020-09-03 18:45:00+00:00,finished,Türkiye,Hungary,0.0,1.0,"UEFA Nations League, League B, Gr. 3",27.0,1582.54473,39.0,1506.393663,12.0,76.15106700000001,0.75,2.0,-0.75,0.8,656.0,654.0,1476.6774976612724,1518.1230939992145,-41.445596337942106,A
8600834,20/21,2,2020-09-07 14:00:00+00:00,finished,Kazakhstan,Belarus,1.0,2.0,"UEFA Nations League, League C, Gr. 4",111.0,1180.780449,96.0,1242.876029,-15.0,-62.09557999999993,1.6,2.0,1.0,0.6,2.0,2.0,1507.4539670280492,1533.2646468357598,-25.810679807710585,A
8600830,20/21,3,2020-10-11 18:45:00+00:00,finished,Russia,Türkiye,1.0,1.0,"UEFA Nations League, League B, Gr. 3",35.0,1529.602834,27.0,1582.54473,-8.0,-52.94189600000004,2.0,0.8,0.6,-0.6,35.0,35.0,1534.0495248948644,1469.6159236548733,64.43360123999105,D
8600821,20/21,4,2020-10-14 18:45:00+00:00,finished,Italy,Netherlands,1.0,1.0,"UEFA Nations League, League A, Gr. 1",15.0,1704.733836,9.0,1775.54224,-6.0,-70.80840399999988,1.8,1.6,0.4,0.4,3.0,3.0,1513.3282844471737,1516.2723139921864,-2.944029545012654,D
8600851,20/21,2,2020-09-06 16:00:00+00:00,finished,Slovenia,Moldova,1.0,0.0,"UEFA Nations League, League C, Gr. 3",56.0,1441.087158,159.0,1008.240035,103.0,432.847123,0.8,1.8,-0.2,0.6,2.0,2.0,1472.5769521316852,1506.289795026523,-33.71284289483788,H
8600876,20/21,2,2020-09-07 18:45:00+00:00,finished,Bosnia & Herzegovina,Poland,1.0,2.0,"UEFA Nations League, League A, Gr. 1",61.0,1408.930486,36.0,1526.183359,-25.0,-117.25287300000014,2.2,0.4,0.8,-0.6,3.0,3.0,1532.2749353455272,1474.2211667348606,58.053768610666566,A
8600859,20/21,3,2020-10-10 16:00:00+00:00,finished,Liechtenstein,Gibraltar,0.0,1.0,"UEFA Nations League, League D, Gr. 2",206.0,797.701009,202.0,820.260818,-4.0,-22.559808999999973,0.8,1.8,-0.8,-1.0,31.0,35.0,1481.5390327589437,1464.980690877584,16.558341881359638,A
8600825,20/21,5,2020-11-15 14:00:00+00:00,finished,Slovakia,Scotland,1.0,0.0,"UEFA Nations League, League B, Gr. 2",45.0,1473.660727,42.0,1491.223887,-3.0,-17.563160000000153,0.2,2.6,-1.0,0.8,31.0,31.0,1456.6077780361736,1555.387444619686,-98.77966658351238,H
8600754,20/21,3,2020-10-10 18:45:00+00:00,finished,Ukraine,Germany,1.0,2.0,"UEFA Nations League, League A, Gr. 4",33.0,1549.287173,12.0,1726.218839,-21.0,-176.93166599999995,1.8,0.6,-0.8,-0.8,34.0,34.0,1503.603795680049,1477.7767794390825,25.827016240966486,A
8600832,20/21,2,2020-09-08 18:45:00+00:00,finished,Cyprus,Azerbaijan,0.0,1.0,"UEFA Nations League, League C, Gr. 1",124.0,1133.247165,126.0,1131.995112,2.0,1.2520529999999326,0.4,1.4,-1.0,0.0,3.0,3.0,1455.5917267135794,1502.030745788718,-46.4390190751385,A
8600780,20/21,4,2020-10-14 18:45:00+00:00,finished,Norway,Northern Ireland,1.0,0.0,"UEFA Nations League, League B, Gr. 1",19.0,1651.286867,70.0,1365.296485,51.0,285.99038199999995,2.0,0.2,1.8,-1.6,3.0,3.0,1558.5075905327765,1433.468443926893,125.03914660588339,H
8600886,20/21,2,2020-09-07 18:45:00+00:00,finished,Northern Ireland,Norway,1.0,5.0,"UEFA Nations League, League B, Gr. 1",70.0,1365.296485,19.0,1651.286867,-51.0,-285.99038199999995,0.2,2.0,-1.0,0.6,3.0,3.0,1462.2924086643122,1524.4581428348476,-62.165734170535416,A
8600844,20/21,1,2020-09-03 18:45:00+00:00,finished,Slovenia,Greece,0.0,0.0,"UEFA Nations League, League C, Gr. 3",56.0,1441.087158,46.0,1473.187305,-10.0,-32.10014699999988,0.6,1.2,-0.4,-0.4,653.0,654.0,1473.8134359518358,1495.6326207739871,-21.81918482215133,D
8600841,20/21,1,2020-09-05 13:00:00+00:00,finished,Gibraltar,San Marino,1.0,0.0,"UEFA Nations League, League D, Gr. 2",202.0,820.260818,211.0,721.201827,9.0,99.05899099999999,1.2,0.0,-1.6,-2.2,655.0,656.0,1457.8892481804116,1418.8320045459634,39.05724363444824,H
8600796,20/21,4,2020-10-14 18:45:00+00:00,finished,Poland,Bosnia & Herzegovina,3.0,0.0,"UEFA Nations League, League A, Gr. 1",36.0,1526.183359,61.0,1408.930486,25.0,117.25287300000014,1.0,1.2,-0.2,0.2,3.0,3.0,1486.4628257797633,1516.8979154373908,-30.435089657627486,H
8600846,20/21,1,2020-09-03 18:45:00+00:00,finished,Faroe Islands,Malta,3.0,2.0,"UEFA Nations League, League D, Gr. 1",123.0,1136.585036,161.0,992.793497,38.0,143.79153899999994,0.4,0.6,-1.4,-1.4,652.0,652.0,1469.2311786863916,1455.6780711710762,13.553107515315332,H
8600751,20/21,3,2020-10-10 18:45:00+00:00,finished,Spain,Switzerland,1.0,0.0,"UEFA Nations League, League A, Gr. 4",1.0,1995.881879,14.0,1710.884769,13.0,284.99711,1.4,1.4,1.6,0.4,34.0,34.0,1523.3622366535353,1522.8284367738443,0.5337998796910597,H
8600755,20/21,4,2020-10-14 18:45:00+00:00,finished,Croatia,France,1.0,2.0,"UEFA Nations League, League A, Gr. 3",13.0,1723.050142,3.0,1948.970817,-10.0,-225.92067499999985,1.2,2.0,-0.8,0.4,3.0,3.0,1468.9051011713639,1525.8945335697058,-56.98943239834193,A
8600831,20/21,5,2020-11-15 17:00:00+00:00,finished,Türkiye,Russia,3.0,2.0,"UEFA Nations League, League B, Gr. 3",27.0,1582.54473,35.0,1529.602834,8.0,52.94189600000004,0.6,1.6,-0.4,0.2,31.0,31.0,1472.5622397306927,1528.5953371599521,-56.03309742925944,H
8600817,20/21,1,2020-09-05 16:00:00+00:00,finished,Estonia,Georgia,0.0,1.0,"UEFA Nations League, League C, Gr. 2",127.0,1130.63629,72.0,1355.261687,-55.0,-224.62539700000002,0.8,2.6,-0.6,1.6,656.0,655.0,1470.5290055883147,1562.7078659263364,-92.17886033802165,A
8600872,20/21,3,2020-10-10 16:00:00+00:00,finished,Faroe Islands,Latvia,1.0,1.0,"UEFA Nations League, League D, Gr. 1",123.0,1136.585036,137.0,1085.660758,14.0,50.92427799999996,1.6,0.8,0.0,-0.6,34.0,33.0,1488.715618495675,1473.9570074205633,14.75861107511173,D
8600860,20/21,3,2020-10-11 16:00:00+00:00,finished,Estonia,North Macedonia,3.0,3.0,"UEFA Nations League, League C, Gr. 2",127.0,1130.63629,69.0,1369.159317,-58.0,-238.52302700000018,0.8,2.0,-0.8,0.6,33.0,33.0,1451.3072984170933,1561.568216855553,-110.26091843845961,D
8600757,20/21,4,2020-10-14 18:45:00+00:00,finished,Scotland,Czechia,1.0,0.0,"UEFA Nations League, League B, Gr. 2",42.0,1491.223887,48.0,1467.260216,6.0,23.963671000000204,2.6,1.8,1.4,0.4,3.0,3.0,1548.0484412317849,1518.3161194741035,29.732321757681348,H
8600766,20/21,3,2020-10-11 16:00:00+00:00,finished,Norway,Romania,4.0,0.0,"UEFA Nations League, League B, Gr. 1",19.0,1651.286867,52.0,1455.894657,33.0,195.39220999999998,2.0,2.2,1.2,1.0,33.0,33.0,1543.3610958071763,1540.7476970142056,2.6133987929706564,H
8600792,20/21,6,2020-11-18 19:45:00+00:00,finished,Belgium,Denmark,4.0,2.0,"UEFA Nations League, League A, Gr. 2",8.0,1778.355242,21.0,1619.474248,13.0,158.8809940000001,2.4,2.0,1.6,0.6,3.0,3.0,1560.095968444953,1536.9803991311626,23.115569313790502,H
8600760,20/21,6,2020-11-18 19:45:00+00:00,finished,Bosnia & Herzegovina,Italy,0.0,2.0,"UEFA Nations League, League A, Gr. 1",61.0,1408.930486,15.0,1704.733836,-46.0,-295.80335000000014,0.4,1.8,-1.2,0.6,3.0,3.0,1489.6052979760084,1523.3997805935035,-33.79448261749508,A
8600865,20/21,4,2020-10-14 18:45:00+00:00,finished,Moldova,Slovenia,0.0,4.0,"UEFA Nations League, League C, Gr. 3",159.0,1008.240035,56.0,1441.087158,-103.0,-432.847123,1.0,1.8,-0.4,0.4,3.0,3.0,1485.5103375335182,1495.290995333853,-9.780657800334893,A
8600890,20/21,5,2020-11-15 14:00:00+00:00,finished,North Macedonia,Estonia,2.0,1.0,"UEFA Nations League, League C, Gr. 2",69.0,1369.159317,127.0,1130.63629,58.0,238.52302700000018,1.8,1.0,1.0,-0.4,31.0,31.0,1558.7053827952875,1452.8452465133837,105.8601362819038,H
8600885,20/21,4,2020-10-14 18:45:00+00:00,finished,Belarus,Kazakhstan,2.0,0.0,"UEFA Nations League, League C, Gr. 4",96.0,1242.876029,111.0,1180.780449,15.0,62.09557999999993,2.0,1.0,0.6,0.0,3.0,3.0,1542.8070014920986,1493.7605532833518,49.046448208746824,H
8600879,20/21,4,2020-10-13 18:45:00+00:00,finished,Montenegro,Luxembourg,1.0,2.0,"UEFA Nations League, League C, Gr. 1",80.0,1301.977191,98.0,1232.81815,18.0,69.15904099999989,1.8,1.4,0.6,0.0,3.0,3.0,1536.5025303990221,1528.5503643923632,7.952166006658899,A
8600858,20/21,3,2020-10-11 16:00:00+00:00,finished,Finland,Bulgaria,2.0,0.0,"UEFA Nations League, League B, Gr. 4",75.0,1341.922408,85.0,1271.683325,10.0,70.23908299999994,1.2,0.6,-0.2,-0.4,35.0,35.0,1514.6351200249474,1505.6530071637337,8.982112861213636,H
8600787,20/21,6,2020-11-18 19:45:00+00:00,finished,England,Iceland,4.0,0.0,"UEFA Nations League, League A, Gr. 2",4.0,1922.831632,74.0,1342.771961,70.0,580.059671,1.4,0.0,-0.2,-2.0,3.0,3.0,1507.7272799903321,1393.3595604935583,114.36771949677382,H
8600906,20/21,6,2020-11-17 19:45:00+00:00,finished,Gibraltar,Liechtenstein,1.0,1.0,"UEFA Nations League, League D, Gr. 2",202.0,820.260818,206.0,797.701009,4.0,22.559808999999973,1.4,1.0,-1.2,-0.2,3.0,35.0,1476.9340427798425,1465.4594628159384,11.474579963904034,D
8600900,20/21,5,2020-11-15 17:00:00+00:00,finished,Belarus,Lithuania,2.0,0.0,"UEFA Nations League, League C, Gr. 4",96.0,1242.876029,149.0,1056.850321,53.0,186.02570800000012,2.0,1.0,0.6,-0.8,31.0,32.0,1553.0527619069908,1425.0616344841515,127.99112742283933,H
8600776,20/21,5,2020-11-14 19:45:00+00:00,finished,Sweden,Croatia,2.0,1.0,"UEFA Nations League, League A, Gr. 3",37.0,1525.578992,13.0,1723.050142,-24.0,-197.47115000000008,0.6,0.6,-1.0,-1.2,31.0,31.0,1466.5440489772154,1458.674579348401,7.869469628814386,H
8600893,20/21,5,2020-11-15 17:00:00+00:00,finished,Bulgaria,Finland,1.0,2.0,"UEFA Nations League, League B, Gr. 4",85.0,1271.683325,75.0,1341.922408,-10.0,-70.23908299999994,0.4,1.8,-0.8,0.2,31.0,32.0,1482.7376350936997,1533.0754231955075,-50.337788101807746,A
8600896,20/21,5,2020-11-15 17:00:00+00:00,finished,Wales,Ireland,1.0,0.0,"UEFA Nations League, League B, Gr. 4",38.0,1516.946629,55.0,1441.096901,17.0,75.84972800000014,2.0,0.6,0.4,-0.4,31.0,32.0,1532.823621868365,1461.3643261497516,71.45929571861348,H
8600873,20/21,5,2020-11-14 17:00:00+00:00,finished,Latvia,Faroe Islands,1.0,1.0,"UEFA Nations League, League D, Gr. 1",137.0,1085.660758,123.0,1136.585036,-14.0,-50.92427799999996,0.8,2.2,-0.2,0.8,32.0,31.0,1463.6189352073745,1497.5189157034936,-33.89998049611904,D
8600735,20/21,6,2020-11-17 19:45:00+00:00,finished,France,Sweden,4.0,2.0,"UEFA Nations League, League A, Gr. 3",3.0,1948.970817,37.0,1525.578992,34.0,423.3918249999999,2.6,0.6,1.0,-1.2,3.0,3.0,1548.6171307909708,1474.4769187571383,74.14021203383254,H
8600874,20/21,4,2020-10-14 18:45:00+00:00,finished,Greece,Kosovo,0.0,0.0,"UEFA Nations League, League C, Gr. 3",46.0,1473.187305,78.0,1319.120924,32.0,154.06638099999986,2.0,1.4,0.6,1.4,3.0,3.0,1522.1182073894015,1534.4948815594053,-12.376674170003753,D
8600784,20/21,6,2020-11-18 19:45:00+00:00,finished,Czechia,Slovakia,2.0,0.0,"UEFA Nations League, League B, Gr. 2",48.0,1467.260216,45.0,1473.660727,-3.0,-6.400511000000051,1.8,0.8,0.4,-0.6,3.0,3.0,1518.9325157978299,1467.5769830061442,51.35553279168562,H
8600782,20/21,5,2020-11-15 19:45:00+00:00,finished,Czechia,Israel,1.0,0.0,"UEFA Nations League, League B, Gr. 2",48.0,1467.260216,76.0,1333.904007,28.0,133.3562089999998,1.8,1.0,0.4,-0.2,32.0,32.0,1510.9771160862024,1503.92496134913,7.052154737072442,H
8600775,20/21,6,2020-11-17 19:45:00+00:00,finished,Croatia,Portugal,2.0,3.0,"UEFA Nations League, League A, Gr. 3",13.0,1723.050142,7.0,1787.854725,-6.0,-64.80458299999987,0.6,2.0,-1.2,1.4,3.0,3.0,1450.7417095684782,1547.0788576993887,-96.33714813091046,A
8600829,20/21,5,2020-11-14 19:45:00+00:00,finished,Switzerland,Spain,1.0,1.0,"UEFA Nations League, League A, Gr. 4",14.0,1710.884769,1.0,1995.881879,-13.0,-284.99711,1.0,1.4,0.2,0.6,32.0,32.0,1515.8570153042986,1522.2034948162982,-6.3464795119996325,D
8600878,20/21,4,2020-10-13 16:00:00+00:00,finished,Azerbaijan,Cyprus,0.0,0.0,"UEFA Nations League, League C, Gr. 1",126.0,1131.995112,124.0,1133.247165,-2.0,-1.2520529999999326,1.2,0.2,-0.8,-1.4,3.0,3.0,1500.8444074837907,1435.765576082394,65.07883140139666,D
8600823,20/21,5,2020-11-15 19:45:00+00:00,finished,Belgium,England,2.0,0.0,"UEFA Nations League, League A, Gr. 2",8.0,1778.355242,4.0,1922.831632,-4.0,-144.4763899999998,1.8,2.0,0.6,0.4,32.0,32.0,1549.1144619299505,1518.7087865053347,30.405675424615765,H
8600745,20/21,6,2020-11-17 19:45:00+00:00,postponed,Switzerland,Ukraine,3.0,0.0,"UEFA Nations League, League A, Gr. 4",14.0,1710.884769,33.0,1549.287173,19.0,161.59759600000007,,,,,,,1473.8930811735415,1524.7385306237845,-50.845449450242995,
8600786,20/21,4,2020-10-14 18:45:00+00:00,finished,Romania,Austria,0.0,1.0,"UEFA Nations League, League B, Gr. 1",52.0,1455.894657,23.0,1598.822839,-29.0,-142.92818199999988,2.0,2.0,0.2,0.4,3.0,3.0,1525.6012022886055,1521.0548568979834,4.546345390622037,A
8600852,20/21,4,2020-10-14 18:45:00+00:00,finished,Bulgaria,Wales,0.0,1.0,"UEFA Nations League, League B, Gr. 4",85.0,1271.683325,38.0,1516.946629,-47.0,-245.26330400000006,0.6,2.0,-0.6,0.4,3.0,3.0,1493.799655965882,1521.7616009961828,-27.96194503030074,A
8600881,20/21,4,2020-10-13 18:45:00+00:00,finished,Faroe Islands,Andorra,2.0,0.0,"UEFA Nations League, League D, Gr. 1",123.0,1136.585036,172.0,946.429826,49.0,190.1552099999999,1.6,0.8,0.0,-0.2,3.0,3.0,1486.4594751375869,1457.9956178298694,28.46385730771749,H
8600864,20/21,4,2020-10-14 18:45:00+00:00,finished,Estonia,Armenia,1.0,1.0,"UEFA Nations League, League C, Gr. 2",127.0,1130.63629,107.0,1189.632762,-20.0,-58.99647200000004,0.8,1.6,-0.8,1.0,3.0,3.0,1452.6026927566863,1526.0315266236232,-73.42883386693688,D
8600888,20/21,4,2020-10-14 16:00:00+00:00,finished,Lithuania,Albania,0.0,0.0,"UEFA Nations League, League C, Gr. 4",149.0,1056.850321,67.0,1376.033234,-82.0,-319.1829130000001,0.8,0.8,-1.4,-1.0,3.0,3.0,1425.5799864289686,1472.554439494949,-46.97445306598047,D
8600748,20/21,4,2020-10-14 18:45:00+00:00,finished,Iceland,Belgium,1.0,2.0,"UEFA Nations League, League A, Gr. 2",74.0,1342.771961,8.0,1778.355242,-66.0,-435.58328100000017,0.0,1.8,-2.2,0.8,3.0,3.0,1406.2012327644436,1541.0995877373762,-134.89835497293257,A
8600770,20/21,4,2020-10-14 18:45:00+00:00,finished,Türkiye,Serbia,2.0,2.0,"UEFA Nations League, League B, Gr. 3",27.0,1582.54473,40.0,1502.133186,13.0,80.41154400000005,0.4,1.4,-0.8,0.2,3.0,3.0,1473.1780365947411,1516.7559568348556,-43.57792024011451,D
8600869,20/21,3,2020-10-10 18:45:00+00:00,finished,Andorra,Malta,0.0,0.0,"UEFA Nations League, League D, Gr. 1",172.0,946.429826,161.0,992.793497,-11.0,-46.363670999999954,0.6,0.6,-1.0,-1.2,34.0,34.0,1460.2163660098959,1446.7523800078195,13.463986002076354,D
8600826,20/21,5,2020-11-15 17:00:00+00:00,finished,Netherlands,Bosnia & Herzegovina,3.0,1.0,"UEFA Nations League, League A, Gr. 1",9.0,1775.54224,61.0,1408.930486,52.0,366.611754,1.2,0.6,0.0,-0.8,31.0,31.0,1518.0396741137565,1501.1331959339952,16.90647817976128,H
8600795,20/21,4,2020-10-13 18:45:00+00:00,finished,Germany,Switzerland,3.0,3.0,"UEFA Nations League, League A, Gr. 4",12.0,1726.218839,14.0,1710.884769,2.0,15.334069999999883,1.2,1.4,0.0,0.4,3.0,3.0,1490.3330226097112,1514.6925957056694,-24.35957309595824,D
8600739,20/21,5,2020-11-14 19:45:00+00:00,finished,Portugal,France,0.0,1.0,"UEFA Nations League, League A, Gr. 3",7.0,1787.854725,3.0,1948.970817,-4.0,-161.11609199999998,2.2,2.0,1.6,0.4,31.0,31.0,1559.5709330976908,1536.1250553926686,23.445877705022212,A
8600772,20/21,5,2020-11-15 19:45:00+00:00,finished,Italy,Poland,2.0,0.0,"UEFA Nations League, League A, Gr. 1",15.0,1704.733836,36.0,1526.183359,21.0,178.550477,1.4,1.6,0.2,0.6,32.0,32.0,1511.5609243256035,1502.2275452831589,9.333379042444676,H
8600867,20/21,4,2020-10-13 18:45:00+00:00,finished,Liechtenstein,San Marino,0.0,0.0,"UEFA Nations League, League D, Gr. 2",206.0,797.701009,211.0,721.201827,5.0,76.49918200000002,0.8,0.0,-0.4,-1.8,3.0,35.0,1469.2337835490189,1396.2804042650707,72.95337928394815,D
8600768,20/21,6,2020-11-18 19:45:00+00:00,finished,Serbia,Russia,5.0,0.0,"UEFA Nations League, League B, Gr. 3",40.0,1502.133186,35.0,1529.602834,-5.0,-27.469648000000007,0.6,1.6,-0.6,0.4,3.0,3.0,1519.5926274116011,1518.8533680738162,0.7392593377849153,H
8600765,20/21,6,2020-11-18 19:45:00+00:00,finished,Hungary,Türkiye,2.0,0.0,"UEFA Nations League, League B, Gr. 3",39.0,1506.393663,27.0,1582.54473,-12.0,-76.15106700000001,1.6,1.2,0.2,0.0,3.0,3.0,1528.6194537062884,1482.3042088168286,46.31524488945979,H
8600854,20/21,3,2020-10-11 16:00:00+00:00,finished,Armenia,Georgia,2.0,2.0,"UEFA Nations League, League C, Gr. 2",107.0,1189.632762,72.0,1355.261687,-35.0,-165.62892499999998,2.0,2.2,1.8,1.0,33.0,33.0,1526.6619022356167,1569.731330650753,-43.06942841513637,D
8600866,20/21,3,2020-10-11 18:45:00+00:00,finished,Greece,Moldova,2.0,0.0,"UEFA Nations League, League C, Gr. 3",46.0,1473.187305,159.0,1008.240035,113.0,464.9472699999999,1.4,1.2,-0.2,0.0,35.0,35.0,1510.4406594452287,1497.187885477691,13.252773967537678,H
8600887,20/21,3,2020-10-11 16:00:00+00:00,finished,Lithuania,Belarus,2.0,2.0,"UEFA Nations League, League C, Gr. 4",149.0,1056.850321,96.0,1242.876029,-53.0,-186.02570800000012,0.6,2.0,-2.0,0.6,33.0,34.0,1423.9991412053346,1544.3878467157326,-120.38870551039804,D
8600750,20/21,3,2020-10-11 18:45:00+00:00,finished,Serbia,Hungary,0.0,1.0,"UEFA Nations League, League B, Gr. 3",40.0,1502.133186,39.0,1506.393663,-1.0,-4.260477000000037,1.6,2.0,0.4,0.8,35.0,35.0,1528.9415102127239,1516.7626992460728,12.178810966651099,A
8600842,20/21,2,2020-09-08 18:45:00+00:00,finished,Luxembourg,Montenegro,0.0,1.0,"UEFA Nations League, League C, Gr. 1",98.0,1232.81815,80.0,1301.977191,-18.0,-69.15904099999989,1.4,1.2,0.2,0.2,3.0,3.0,1531.6359010303624,1512.4045048249104,19.23139620545203,A
8600838,20/21,2,2020-09-06 18:45:00+00:00,finished,Kosovo,Greece,1.0,2.0,"UEFA Nations League, League C, Gr. 3",78.0,1319.120924,46.0,1473.187305,-32.0,-154.06638099999986,2.2,1.4,2.2,-0.2,3.0,3.0,1561.6785700638318,1496.8691045941378,64.80946546969403,A
8600781,20/21,6,2020-11-17 19:45:00+00:00,finished,Spain,Germany,6.0,0.0,"UEFA Nations League, League A, Gr. 4",1.0,1995.881879,12.0,1726.218839,11.0,269.66304000000014,1.6,1.8,0.8,0.6,3.0,3.0,1523.8758220283864,1501.863143187896,22.01267884049048,H
8600785,20/21,5,2020-11-15 19:45:00+00:00,finished,Romania,Norway,3.0,0.0,"UEFA Nations League, League B, Gr. 1",52.0,1455.894657,19.0,1651.286867,-33.0,-195.39220999999998,1.4,2.4,-0.6,2.0,32.0,32.0,1513.6258108254697,1563.5250822128662,-49.89927138739654,H
8600744,20/21,6,2020-11-18 19:45:00+00:00,finished,Israel,Scotland,1.0,0.0,"UEFA Nations League, League B, Gr. 2",76.0,1333.904007,42.0,1491.223887,-34.0,-157.31988,1.0,2.0,-0.2,0.4,3.0,3.0,1495.9695616375025,1544.4182396497154,-48.448678012212895,H
8600855,20/21,5,2020-11-14 14:00:00+00:00,finished,San Marino,Gibraltar,0.0,0.0,"UEFA Nations League, League D, Gr. 2",211.0,721.201827,202.0,820.260818,-9.0,-99.05899099999999,0.2,1.8,-1.2,-1.0,31.0,34.0,1400.0547249981512,1477.2859400875088,-77.23121508935765,D
8600870,20/21,3,2020-10-10 13:00:00+00:00,finished,Montenegro,Azerbaijan,2.0,0.0,"UEFA Nations League, League C, Gr. 1",80.0,1301.977191,126.0,1131.995112,46.0,169.98207899999989,1.8,1.4,0.8,-0.4,31.0,31.0,1524.7824717677522,1512.5644661150607,12.218005652691545,H
8600762,20/21,5,2020-11-15 19:45:00+00:00,finished,Austria,Northern Ireland,2.0,1.0,"UEFA Nations League, League B, Gr. 1",23.0,1598.822839,70.0,1365.296485,47.0,233.52635399999986,2.4,0.2,0.6,-1.4,32.0,32.0,1533.0302483611192,1428.4509522468034,104.57929611431587,H
8600797,20/21,6,2020-11-18 19:45:00+00:00,finished,Poland,Netherlands,1.0,2.0,"UEFA Nations League, League A, Gr. 1",36.0,1526.183359,9.0,1775.54224,-27.0,-249.35888099999988,1.4,1.6,0.2,0.4,3.0,3.0,1490.388689015259,1529.5675720717434,-39.17888305648444,A
8600889,20/21,5,2020-11-15 17:00:00+00:00,finished,Georgia,Armenia,1.0,2.0,"UEFA Nations League, League C, Gr. 2",72.0,1355.261687,107.0,1189.632762,35.0,165.62892499999998,1.8,1.2,0.4,0.2,31.0,31.0,1571.929145983419,1525.7889728669259,46.14017311649309,A
8600884,20/21,5,2020-11-14 14:00:00+00:00,finished,Malta,Andorra,3.0,1.0,"UEFA Nations League, League D, Gr. 1",161.0,992.793497,172.0,946.429826,11.0,46.363670999999954,1.2,0.6,0.0,-0.6,31.0,31.0,1461.5673437591229,1446.9361772639627,14.631166495160187,H
10023397,22/23,1,2022-06-08 18:45:00+00:00,finished,Ireland,Ukraine,0.0,1.0,"UEFA Nations League, League B, Gr. 1",55.0,1441.096901,33.0,1549.287173,-22.0,-108.19027200000005,0.4,1.2,-0.6,-1.0,4.0,570.0,1448.0167300274234,1487.6475952380183,-39.63086521059495,A
10023336,22/23,1,2022-06-01 16:00:00+00:00,finished,Poland,Wales,2.0,1.0,"UEFA Nations League, League A, Gr. 4",36.0,1526.183359,38.0,1516.946629,2.0,9.23673000000008,1.4,2.6,0.2,1.0,559.0,559.0,1479.6468628107216,1551.4965970073326,-71.84973419661105,H
8600857,20/21,4,2020-10-14 18:45:00+00:00,finished,North Macedonia,Georgia,1.0,1.0,"UEFA Nations League, League C, Gr. 2",69.0,1369.159317,72.0,1355.261687,3.0,13.897630000000163,2.2,1.8,1.4,0.4,3.0,3.0,1560.27282251596,1570.3617062627466,-10.088883746786678,D
8600894,20/21,5,2020-11-15 19:45:00+00:00,finished,Moldova,Greece,0.0,2.0,"UEFA Nations League, League C, Gr. 3",159.0,1008.240035,46.0,1473.187305,-113.0,-464.9472699999999,0.4,1.6,-1.4,0.4,32.0,32.0,1463.8051650124546,1520.6150632065737,-56.809898194119114,A
8600892,20/21,6,2020-11-17 19:45:00+00:00,finished,Luxembourg,Azerbaijan,0.0,0.0,"UEFA Nations League, League C, Gr. 1",98.0,1232.81815,126.0,1131.995112,28.0,100.823038,1.8,1.0,0.4,-0.4,3.0,3.0,1529.5794468690756,1496.1814537626008,33.397993106474814,D
10225878,22/23,2,2022-06-05 16:00:00+00:00,finished,Cyprus,Northern Ireland,0.0,0.0,"UEFA Nations League, League C, Gr. 2",124.0,1133.247165,70.0,1365.296485,-54.0,-232.04932000000008,0.8,0.2,-1.4,-0.8,3.0,2.0,1425.0858633701466,1415.4698347473181,9.61602862282848,D
8600824,20/21,5,2020-11-15 19:45:00+00:00,finished,Hungary,Serbia,1.0,1.0,"UEFA Nations League, League B, Gr. 3",39.0,1506.393663,40.0,1502.133186,1.0,4.260477000000037,2.0,1.0,0.6,0.0,32.0,32.0,1530.8403274189855,1517.371753698904,13.468573720081395,D
10023320,22/23,1,2022-06-02 18:45:00+00:00,finished,Israel,Iceland,2.0,2.0,"UEFA Nations League, League B, Gr. 2",76.0,1333.904007,74.0,1342.771961,-2.0,-8.867953999999827,1.4,0.0,0.0,-2.6,560.0,560.0,1505.4935363440684,1383.5122425304608,121.98129381360764,D
8600907,20/21,6,2020-11-17 19:45:00+00:00,finished,Malta,Faroe Islands,1.0,1.0,"UEFA Nations League, League D, Gr. 1",161.0,992.793497,123.0,1136.585036,-38.0,-143.79153899999994,1.6,2.2,0.4,0.8,3.0,3.0,1473.188351305479,1498.4116630872886,-25.22331178180957,D
10023407,22/23,2,2022-06-04 13:00:00+00:00,finished,Armenia,Ireland,1.0,0.0,"UEFA Nations League, League B, Gr. 1",107.0,1189.632762,55.0,1441.096901,-52.0,-251.46413899999993,2.2,0.4,0.8,-0.6,562.0,562.0,1547.7443483993377,1453.7349306039098,94.00941779542791,H
10225901,22/23,1,2022-06-02 16:00:00+00:00,finished,Estonia,San Marino,2.0,0.0,"UEFA Nations League, League D, Gr. 2",127.0,1130.63629,211.0,721.201827,84.0,409.43446299999994,0.6,0.4,-0.6,-1.0,560.0,565.0,1452.0839111765838,1400.4066223058176,51.67728887076623,H
10023295,22/23,2,2022-06-06 18:45:00+00:00,finished,Croatia,France,1.0,1.0,"UEFA Nations League, League A, Gr. 1",13.0,1723.050142,3.0,1948.970817,-10.0,-225.92067499999985,0.6,2.0,-1.0,0.6,3.0,3.0,1425.6607482845952,1545.1847221593023,-119.52397387470705,D
10023335,22/23,1,2022-06-02 18:45:00+00:00,canceled,Albania,Russia,,,"UEFA Nations League, League B, Gr. 2",67.0,1376.033234,35.0,1529.602834,-32.0,-153.56960000000004,,,,,,,1468.5050528513927,1502.5931008693317,-34.088048017938945,
8600783,20/21,4,2020-10-14 18:45:00+00:00,finished,Russia,Hungary,0.0,0.0,"UEFA Nations League, League B, Gr. 3",35.0,1529.602834,39.0,1506.393663,4.0,23.20917099999997,2.0,2.4,0.6,1.0,3.0,3.0,1530.4874119549966,1528.948252623941,1.5391593310555436,D
8600911,20/21,6,2020-11-18 19:45:00+00:00,finished,Wales,Finland,3.0,1.0,"UEFA Nations League, League B, Gr. 4",38.0,1516.946629,75.0,1341.922408,37.0,175.02422100000013,2.6,2.4,0.8,0.8,3.0,3.0,1539.08623802389,1543.49718522881,-4.410947204919921,H
10023447,22/23,1,2022-06-04 16:00:00+00:00,finished,Hungary,England,1.0,0.0,"UEFA Nations League, League A, Gr. 3",39.0,1506.393663,4.0,1922.831632,-35.0,-416.43796899999984,1.6,1.4,0.4,0.4,562.0,562.0,1538.9715469665975,1517.5745979534297,21.39694901316784,H
8600904,20/21,6,2020-11-18 17:00:00+00:00,finished,Georgia,Estonia,0.0,0.0,"UEFA Nations League, League C, Gr. 2",72.0,1355.261687,127.0,1130.63629,55.0,224.62539700000002,1.2,0.4,0.0,-0.8,3.0,3.0,1558.8350973627312,1447.4014874559514,111.4336099067798,D
8600747,20/21,6,2020-11-18 19:45:00+00:00,finished,Northern Ireland,Romania,1.0,1.0,"UEFA Nations League, League B, Gr. 1",70.0,1365.296485,52.0,1455.894657,-18.0,-90.59817199999998,0.2,1.4,-1.4,-0.2,3.0,3.0,1422.9779316687839,1530.3656800729525,-107.38774840416863,D
8600909,20/21,6,2020-11-17 19:45:00+00:00,finished,Andorra,Latvia,0.0,5.0,"UEFA Nations League, League D, Gr. 1",172.0,946.429826,137.0,1085.660758,-35.0,-139.23093199999994,0.4,0.8,-1.0,-0.2,3.0,3.0,1435.3151697176065,1462.7261878235795,-27.41101810597297,A
10023306,22/23,3,2022-06-09 18:45:00+00:00,finished,Portugal,Czechia,2.0,0.0,"UEFA Nations League, League A, Gr. 2",7.0,1787.854725,48.0,1467.260216,41.0,320.594509,2.0,2.0,1.4,0.6,4.0,4.0,1570.2792054263168,1535.0263753052307,35.25283012108616,H
8600902,20/21,5,2020-11-15 19:45:00+00:00,finished,Slovenia,Kosovo,2.0,1.0,"UEFA Nations League, League C, Gr. 3",56.0,1441.087158,78.0,1319.120924,22.0,121.96623399999999,2.2,1.0,1.2,0.4,32.0,32.0,1516.9961678549166,1535.998025742233,-19.00185788731642,H
8600905,20/21,6,2020-11-18 19:45:00+00:00,finished,Greece,Slovenia,0.0,0.0,"UEFA Nations League, League C, Gr. 3",46.0,1473.187305,56.0,1441.087158,10.0,32.10014699999988,2.2,2.6,1.0,1.4,3.0,3.0,1535.9685928437495,1525.6799163413386,10.288676502410908,D
8600898,20/21,5,2020-11-15 17:00:00+00:00,finished,Albania,Kazakhstan,3.0,1.0,"UEFA Nations League, League C, Gr. 4",67.0,1376.033234,111.0,1180.780449,44.0,195.2527849999999,1.0,0.8,-0.6,-0.4,32.0,31.0,1473.0727914397662,1483.5147928684596,-10.442001428693402,H
10023342,22/23,2,2022-06-07 18:45:00+00:00,finished,Lithuania,Türkiye,0.0,6.0,"UEFA Nations League, League C, Gr. 1",149.0,1056.850321,27.0,1582.54473,-122.0,-525.6944090000002,1.0,1.6,-0.6,0.6,3.0,3.0,1417.2390412981626,1488.6914857995848,-71.45244450142218,A
10023294,22/23,3,2022-06-11 18:45:00+00:00,finished,England,Italy,0.0,0.0,"UEFA Nations League, League A, Gr. 3",4.0,1922.831632,15.0,1704.733836,11.0,218.0977959999998,0.8,2.2,0.0,1.0,4.0,4.0,1511.2740995223435,1544.8808845021326,-33.606784979789154,D
10023414,22/23,1,2022-06-03 18:45:00+00:00,finished,Belgium,Netherlands,1.0,4.0,"UEFA Nations League, League A, Gr. 4",8.0,1778.355242,9.0,1775.54224,1.0,2.813002000000097,2.4,1.6,1.6,0.4,561.0,561.0,1571.371233429155,1540.3093982762807,31.06183515287421,A
8600778,20/21,6,2020-11-18 19:45:00+00:00,finished,Austria,Norway,1.0,1.0,"UEFA Nations League, League B, Gr. 1",23.0,1598.822839,19.0,1651.286867,-4.0,-52.4640280000001,2.4,1.8,0.6,1.0,3.0,3.0,1538.5032689391387,1546.7852129653834,-8.281944026244673,D
10023298,22/23,3,2022-06-10 18:45:00+00:00,finished,Albania,Israel,1.0,2.0,"UEFA Nations League, League B, Gr. 2",67.0,1376.033234,76.0,1333.904007,9.0,42.1292269999999,1.8,1.4,0.6,0.0,4.0,8.0,1494.797277522762,1500.5774804534176,-5.780202930655605,A
10023390,22/23,1,2022-06-03 18:45:00+00:00,finished,Belarus,Slovakia,0.0,1.0,"UEFA Nations League, League C, Gr. 3",96.0,1242.876029,45.0,1473.660727,-51.0,-230.78469799999993,2.0,0.8,0.8,-0.6,562.0,561.0,1550.2031273155965,1457.4207093030404,92.78241801255604,A
10023340,22/23,1,2022-06-03 18:45:00+00:00,finished,France,Denmark,1.0,2.0,"UEFA Nations League, League A, Gr. 1",3.0,1948.970817,21.0,1619.474248,18.0,329.4965689999999,2.6,2.0,1.2,0.6,562.0,561.0,1557.911766100768,1525.7051341469607,32.206631953807346,A
8600891,20/21,6,2020-11-18 15:00:00+00:00,finished,Kazakhstan,Lithuania,1.0,2.0,"UEFA Nations League, League C, Gr. 4",111.0,1180.780449,149.0,1056.850321,38.0,123.9301280000002,0.8,1.0,-0.6,-0.6,2.0,2.0,1470.8510793265457,1417.6307987754556,53.22028055109013,A
10023425,22/23,3,2022-06-10 18:45:00+00:00,finished,Denmark,Croatia,0.0,1.0,"UEFA Nations League, League A, Gr. 1",21.0,1619.474248,13.0,1723.050142,-8.0,-103.57589400000006,2.4,0.2,0.4,-1.2,4.0,4.0,1550.6794368437852,1427.2173170228161,123.46211982096906,A
10023334,22/23,2,2022-06-08 18:45:00+00:00,finished,Belgium,Poland,6.0,1.0,"UEFA Nations League, League A, Gr. 4",8.0,1778.355242,36.0,1526.183359,28.0,252.17188299999998,1.8,1.4,0.2,0.2,5.0,7.0,1549.1523284532316,1489.843988469543,59.308339983688484,H
10023441,22/23,1,2022-06-04 16:00:00+00:00,finished,Finland,Bosnia & Herzegovina,1.0,1.0,"UEFA Nations League, League B, Gr. 3",75.0,1341.922408,61.0,1408.930486,-14.0,-67.00807800000007,2.4,0.2,0.6,-1.6,562.0,562.0,1531.0868262453673,1473.2616586143256,57.82516763104172,D
8600910,20/21,6,2020-11-18 19:45:00+00:00,finished,Ireland,Bulgaria,0.0,0.0,"UEFA Nations League, League B, Gr. 4",55.0,1441.096901,85.0,1271.683325,30.0,169.41357599999992,0.4,0.2,-0.6,-1.0,3.0,3.0,1455.1017099942267,1472.3158730603973,-17.214163066170613,D
8600883,20/21,4,2020-10-13 16:00:00+00:00,finished,Latvia,Malta,0.0,1.0,"UEFA Nations League, League D, Gr. 1",137.0,1085.660758,161.0,992.793497,24.0,92.86726099999998,1.0,0.6,0.0,-1.2,3.0,2.0,1476.2131507786514,1448.973128187846,27.240022590805438,A
10023367,22/23,2,2022-06-06 16:00:00+00:00,finished,Latvia,Liechtenstein,1.0,0.0,"UEFA Nations League, League D, Gr. 1",137.0,1085.660758,206.0,797.701009,69.0,287.959749,1.6,1.0,1.4,-0.2,3.0,2.0,1495.8297865819504,1448.8144400139465,47.015346568003906,H
10023337,22/23,3,2022-06-11 18:45:00+00:00,finished,Wales,Belgium,1.0,1.0,"UEFA Nations League, League A, Gr. 4",38.0,1516.946629,8.0,1778.355242,-30.0,-261.40861300000006,1.8,2.4,0.4,1.4,3.0,3.0,1530.046259121358,1562.2870424045248,-32.24078328316682,D
10023331,22/23,1,2022-06-02 18:45:00+00:00,finished,Czechia,Switzerland,2.0,1.0,"UEFA Nations League, League A, Gr. 2",48.0,1467.260216,14.0,1710.884769,-34.0,-243.6245530000001,1.8,0.6,0.4,-0.4,560.0,564.0,1529.0887895009337,1514.1846880922103,14.904101408723363,H
10023384,22/23,1,2022-06-03 18:45:00+00:00,finished,Croatia,Austria,0.0,3.0,"UEFA Nations League, League A, Gr. 1",13.0,1723.050142,23.0,1598.822839,10.0,124.22730300000012,0.6,2.0,-0.8,0.4,562.0,561.0,1441.6412272532355,1536.8851408556664,-95.2439136024309,A
8600912,20/21,6,2020-11-18 17:00:00+00:00,finished,Armenia,North Macedonia,1.0,0.0,"UEFA Nations League, League C, Gr. 2",107.0,1189.632762,69.0,1369.159317,-38.0,-179.52655500000014,1.6,1.8,0.4,0.4,3.0,3.0,1538.8830214876136,1564.1491418527198,-25.26612036510619,H
10023375,22/23,2,2022-06-06 18:45:00+00:00,finished,Iceland,Albania,1.0,1.0,"UEFA Nations League, League B, Gr. 2",74.0,1342.771961,67.0,1376.033234,-7.0,-33.261273000000074,0.2,1.6,-1.8,0.4,4.0,565.0,1388.4282984211115,1496.0169752817703,-107.58867686065878,D
10023405,22/23,3,2022-06-11 16:00:00+00:00,finished,Ireland,Scotland,3.0,0.0,"UEFA Nations League, League B, Gr. 1",55.0,1441.096901,42.0,1491.223887,-13.0,-50.126986000000215,0.2,1.8,-0.8,0.4,2.0,2.0,1437.287842566538,1547.9014961233897,-110.61365355685166,H
10023373,22/23,1,2022-06-04 18:45:00+00:00,finished,Italy,Germany,1.0,1.0,"UEFA Nations League, League A, Gr. 3",15.0,1704.733836,12.0,1726.218839,-3.0,-21.48500299999978,2.2,1.6,1.0,-0.6,562.0,563.0,1539.7434199551863,1485.8265053091427,53.91691464604355,D
10023380,22/23,1,2022-06-02 16:00:00+00:00,finished,Georgia,Gibraltar,4.0,0.0,"UEFA Nations League, League C, Gr. 4",72.0,1355.261687,202.0,820.260818,130.0,535.000869,0.8,1.6,-0.2,-0.4,560.0,561.0,1554.1526736420988,1474.7677991304452,79.3848745116536,H
8600899,20/21,5,2020-11-14 17:00:00+00:00,finished,Cyprus,Luxembourg,2.0,1.0,"UEFA Nations League, League C, Gr. 1",124.0,1133.247165,98.0,1232.81815,-26.0,-99.57098500000006,0.2,2.0,-1.4,0.6,32.0,31.0,1439.3438930646487,1540.619772987082,-101.2758799224332,H
8600908,20/21,6,2020-11-18 19:45:00+00:00,finished,Kosovo,Moldova,1.0,0.0,"UEFA Nations League, League C, Gr. 3",78.0,1319.120924,159.0,1008.240035,81.0,310.880889,0.4,0.2,-0.6,-1.8,3.0,3.0,1527.314277255811,1448.4516353752788,78.86264188053224,H
8600897,20/21,5,2020-11-14 17:00:00+00:00,finished,Azerbaijan,Montenegro,0.0,0.0,"UEFA Nations League, League C, Gr. 1",126.0,1131.995112,80.0,1301.977191,-46.0,-169.98207899999989,0.8,1.8,-1.2,0.6,32.0,31.0,1497.2660905015362,1524.4331218043035,-27.167031302767327,D
10023346,22/23,1,2022-06-02 18:45:00+00:00,finished,Slovenia,Sweden,0.0,2.0,"UEFA Nations League, League B, Gr. 4",56.0,1441.087158,37.0,1525.578992,-19.0,-84.49183399999993,2.6,0.6,1.4,-1.4,560.0,561.0,1527.813604731475,1465.182283447341,62.631321284133946,A
8600901,20/21,6,2020-11-18 15:00:00+00:00,finished,Albania,Belarus,3.0,2.0,"UEFA Nations League, League C, Gr. 4",67.0,1376.033234,96.0,1242.876029,29.0,133.15720499999998,1.6,2.0,0.6,0.6,2.0,2.0,1485.7365049816801,1560.4835976156867,-74.74709263400655,H
10023385,22/23,2,2022-06-05 18:45:00+00:00,finished,Czechia,Spain,2.0,2.0,"UEFA Nations League, League A, Gr. 2",48.0,1467.260216,1.0,1995.881879,-47.0,-528.6216630000001,2.4,1.6,0.8,1.2,3.0,3.0,1536.8286721239863,1538.518934888206,-1.690262764219824,D
10023333,22/23,1,2022-06-02 18:45:00+00:00,finished,Spain,Portugal,1.0,1.0,"UEFA Nations League, League A, Gr. 2",1.0,1995.881879,7.0,1787.854725,6.0,208.0271540000001,2.0,2.0,2.0,1.0,561.0,561.0,1539.9124599071397,1556.1793400146314,-16.266880107491716,D
8600895,20/21,6,2020-11-17 19:45:00+00:00,finished,Montenegro,Cyprus,4.0,0.0,"UEFA Nations League, League C, Gr. 1",80.0,1301.977191,124.0,1133.247165,44.0,168.73002599999995,2.0,0.8,0.8,-0.8,3.0,3.0,1525.5177585432389,1450.3842191826548,75.13353936058411,H
10023371,22/23,1,2022-06-02 18:45:00+00:00,finished,Serbia,Norway,0.0,1.0,"UEFA Nations League, League B, Gr. 4",40.0,1502.133186,19.0,1651.286867,-21.0,-149.153681,1.2,2.0,0.8,1.2,560.0,560.0,1535.8528946160857,1548.4033410488557,-12.550446432770059,A
10023355,22/23,3,2022-06-11 18:45:00+00:00,finished,Romania,Finland,1.0,0.0,"UEFA Nations League, League B, Gr. 3",52.0,1455.894657,75.0,1341.922408,23.0,113.97224900000015,0.8,2.0,-0.2,0.4,4.0,4.0,1507.956405959678,1540.8148825010157,-32.85847654133772,H
10023339,22/23,3,2022-06-09 18:45:00+00:00,finished,Sweden,Serbia,0.0,1.0,"UEFA Nations League, League B, Gr. 4",37.0,1525.578992,40.0,1502.133186,3.0,23.445805999999948,1.2,1.6,-0.6,1.4,4.0,4.0,1475.7291493179982,1537.8081602868715,-62.07901096887326,A
10023412,22/23,2,2022-06-05 18:45:00+00:00,finished,Serbia,Slovenia,4.0,1.0,"UEFA Nations League, League B, Gr. 4",40.0,1502.133186,56.0,1441.087158,16.0,61.04602799999998,1.0,2.0,0.6,0.8,3.0,3.0,1524.3546393606318,1507.5384980343304,16.816141326301477,H
10023422,22/23,3,2022-06-10 16:00:00+00:00,finished,Azerbaijan,Slovakia,0.0,1.0,"UEFA Nations League, League C, Gr. 3",126.0,1131.995112,45.0,1473.660727,-81.0,-341.6656149999999,0.8,1.2,-0.4,-0.4,3.0,3.0,1488.178742662014,1459.8210064972213,28.35773616479264,A
10023347,22/23,3,2022-06-11 18:45:00+00:00,finished,Luxembourg,Türkiye,0.0,2.0,"UEFA Nations League, League C, Gr. 1",98.0,1232.81815,27.0,1582.54473,-71.0,-349.72658,2.0,2.0,0.6,1.8,4.0,4.0,1550.700322402241,1509.5468840670444,41.1534383351966,A
10023354,22/23,4,2022-06-14 18:45:00+00:00,finished,Germany,Italy,5.0,2.0,"UEFA Nations League, League A, Gr. 3",12.0,1726.218839,15.0,1704.733836,3.0,21.48500299999978,1.2,2.2,-0.8,1.0,3.0,3.0,1491.0591718323951,1545.7820028411895,-54.7228310087944,H
10023396,22/23,2,2022-06-07 16:00:00+00:00,finished,Finland,Montenegro,2.0,0.0,"UEFA Nations League, League B, Gr. 3",75.0,1341.922408,80.0,1301.977191,5.0,39.94521699999996,2.0,2.0,0.4,1.4,3.0,2.0,1527.6918973120291,1548.9867001713446,-21.294802859315496,H
10023406,22/23,1,2022-06-02 18:45:00+00:00,finished,Northern Ireland,Greece,0.0,1.0,"UEFA Nations League, League C, Gr. 2",70.0,1365.296485,46.0,1473.187305,-24.0,-107.89081999999985,0.2,2.2,-1.4,1.0,560.0,560.0,1424.1919318749729,1533.8349044536133,-109.64297257864041,A
10023399,22/23,3,2022-06-09 18:45:00+00:00,finished,Gibraltar,Bulgaria,1.0,1.0,"UEFA Nations League, League C, Gr. 4",202.0,820.260818,85.0,1271.683325,-117.0,-451.422507,1.0,0.4,-1.0,-1.0,4.0,4.0,1449.528646625314,1457.9859137650694,-8.457267139755459,D
10023345,22/23,2,2022-06-05 13:00:00+00:00,finished,San Marino,Malta,0.0,2.0,"UEFA Nations League, League D, Gr. 2",211.0,721.201827,161.0,992.793497,-50.0,-271.59167,0.4,1.8,-1.0,0.6,2.0,564.0,1390.2627876995432,1472.0484620797074,-81.78567438016421,A
10023314,22/23,1,2022-06-04 16:00:00+00:00,finished,Lithuania,Luxembourg,0.0,2.0,"UEFA Nations League, League C, Gr. 1",149.0,1056.850321,98.0,1232.81815,-51.0,-175.96782900000017,1.6,1.4,0.0,0.2,563.0,563.0,1430.907941181203,1526.8206926516807,-95.91275147047782,A
10023327,22/23,4,2022-06-12 16:00:00+00:00,finished,Norway,Sweden,3.0,2.0,"UEFA Nations League, League B, Gr. 4",19.0,1651.286867,37.0,1525.578992,18.0,125.70787500000006,1.6,1.2,-0.2,-0.2,2.0,2.0,1565.7917338778695,1465.6450784762667,100.14665540160286,H
10023350,22/23,4,2022-06-13 18:45:00+00:00,finished,France,Croatia,0.0,1.0,"UEFA Nations League, League A, Gr. 1",3.0,1948.970817,13.0,1723.050142,10.0,225.92067499999985,1.6,0.8,0.4,-0.8,3.0,3.0,1545.3936797985448,1442.1656261167761,103.22805368176864,A
10023358,22/23,3,2022-06-11 18:45:00+00:00,finished,Netherlands,Poland,2.0,2.0,"UEFA Nations League, League A, Gr. 4",9.0,1775.54224,36.0,1526.183359,27.0,249.35888099999988,2.6,1.2,1.4,-0.8,3.0,3.0,1573.7815154793573,1476.70927451825,97.07224096110735,D
10023389,22/23,4,2022-06-13 16:00:00+00:00,finished,Azerbaijan,Belarus,2.0,0.0,"UEFA Nations League, League C, Gr. 3",126.0,1131.995112,96.0,1242.876029,-30.0,-110.88091699999995,0.6,1.0,-0.6,0.0,3.0,2.0,1475.554546884138,1529.5538139386094,-53.999267054471375,H
10023428,22/23,3,2022-06-11 18:45:00+00:00,finished,Montenegro,Bosnia & Herzegovina,1.0,1.0,"UEFA Nations League, League B, Gr. 3",80.0,1301.977191,61.0,1408.930486,-19.0,-106.95329500000003,1.4,0.8,0.6,-1.2,4.0,4.0,1535.863714982358,1485.9554125507937,49.90830243156438,D
10023388,22/23,1,2022-06-04 18:45:00+00:00,finished,Montenegro,Romania,2.0,0.0,"UEFA Nations League, League B, Gr. 3",80.0,1301.977191,52.0,1455.894657,-28.0,-153.9174660000001,2.0,1.4,1.2,-0.2,563.0,562.0,1537.090251267389,1529.1516798667635,7.938571400625506,H
10225877,22/23,1,2022-06-02 16:00:00+00:00,finished,Cyprus,Kosovo,0.0,2.0,"UEFA Nations League, League C, Gr. 2",124.0,1133.247165,78.0,1319.120924,-46.0,-185.87375900000006,0.8,0.8,-1.2,-0.4,561.0,560.0,1438.8117264585046,1533.3950475436113,-94.58332108510672,A
10023420,22/23,4,2022-06-12 18:45:00+00:00,finished,Spain,Czechia,2.0,0.0,"UEFA Nations League, League A, Gr. 2",1.0,1995.881879,48.0,1467.260216,47.0,528.6216630000001,1.8,2.0,1.4,0.4,3.0,3.0,1550.850826340861,1524.2383822269437,26.612444113917263,H
10225888,22/23,3,2022-06-10 16:00:00+00:00,finished,Moldova,Latvia,2.0,4.0,"UEFA Nations League, League D, Gr. 1",159.0,1008.240035,137.0,1085.660758,-22.0,-77.42072299999995,0.8,2.0,-1.0,1.6,3.0,4.0,1461.355655336027,1502.712977658361,-41.357322322334085,A
10225902,22/23,3,2022-06-09 18:45:00+00:00,finished,Malta,Estonia,1.0,2.0,"UEFA Nations League, League D, Gr. 2",161.0,992.793497,127.0,1130.63629,-34.0,-137.84279299999992,2.2,1.2,1.0,0.2,4.0,7.0,1486.3243295860714,1462.2277457828582,24.096583803213207,A
10225892,22/23,2,2022-06-06 18:45:00+00:00,finished,Slovakia,Kazakhstan,0.0,1.0,"UEFA Nations League, League C, Gr. 3",45.0,1473.660727,111.0,1180.780449,66.0,292.88027799999986,1.2,0.8,-0.4,-0.6,3.0,3.0,1471.673624023202,1471.5551576937162,0.11846632948572733,A
10023453,22/23,2,2022-06-06 18:45:00+00:00,finished,Austria,Denmark,1.0,2.0,"UEFA Nations League, League A, Gr. 1",23.0,1598.822839,21.0,1619.474248,-2.0,-20.651409000000058,2.6,2.4,1.2,0.8,3.0,3.0,1552.8656198243066,1538.4321780884266,14.433441735880024,A
10023351,22/23,2,2022-06-07 18:45:00+00:00,finished,Germany,England,1.0,1.0,"UEFA Nations League, League A, Gr. 3",12.0,1726.218839,4.0,1922.831632,-8.0,-196.612793,1.6,1.2,-0.6,0.2,3.0,3.0,1489.1215332976042,1510.0112821569107,-20.889748859306565,D
10023703,22/23,4,2022-06-14 18:45:00+00:00,finished,Ukraine,Ireland,1.0,1.0,"UEFA Nations League, League B, Gr. 1",33.0,1549.287173,55.0,1441.096901,22.0,108.19027200000005,1.8,0.8,0.4,0.0,3.0,3.0,1514.7236374700847,1457.0722491527567,57.65138831732793,D
10024811,22/23,4,2022-06-13 18:45:00+00:00,finished,Iceland,Israel,2.0,2.0,"UEFA Nations League, League B, Gr. 2",74.0,1342.771961,76.0,1333.904007,2.0,8.867953999999827,0.4,2.0,-1.2,0.4,7.0,3.0,1389.64799618012,1512.2656462609532,-122.6176500808333,D
10225880,22/23,3,2022-06-09 18:45:00+00:00,finished,Greece,Cyprus,3.0,0.0,"UEFA Nations League, League C, Gr. 2",46.0,1473.187305,124.0,1133.247165,78.0,339.94013999999993,2.2,1.0,0.8,-1.0,4.0,4.0,1554.5328788359602,1422.9706615508674,131.56221728509286,H
10024661,22/23,4,2022-06-12 18:45:00+00:00,finished,Switzerland,Portugal,1.0,0.0,"UEFA Nations League, League A, Gr. 2",14.0,1710.884769,7.0,1787.854725,-7.0,-76.96995599999991,0.4,2.0,-1.2,1.2,3.0,3.0,1483.2088704425066,1581.0671985046038,-97.85832806209714,H
10023359,22/23,4,2022-06-14 18:45:00+00:00,finished,Poland,Belgium,0.0,1.0,"UEFA Nations League, League A, Gr. 4",36.0,1526.183359,8.0,1778.355242,-28.0,-252.17188299999998,0.8,2.0,-1.4,1.2,3.0,3.0,1481.0627943112902,1563.2271441634527,-82.16434985216256,A
10023421,22/23,3,2022-06-10 18:45:00+00:00,finished,Andorra,Liechtenstein,2.0,1.0,"UEFA Nations League, League D, Gr. 1",172.0,946.429826,206.0,797.701009,34.0,148.72881700000005,0.2,0.4,-2.4,-0.8,4.0,4.0,1402.0380471620763,1441.9312489375359,-39.8932017754596,H
10225882,22/23,1,2022-06-03 18:45:00+00:00,finished,Liechtenstein,Moldova,0.0,2.0,"UEFA Nations League, League D, Gr. 1",206.0,797.701009,159.0,1008.240035,-47.0,-210.53902600000004,1.2,0.0,0.2,-2.0,562.0,561.0,1467.6257064653357,1442.3708650874785,25.254841377857247,A
10023361,22/23,3,2022-06-09 18:45:00+00:00,finished,Switzerland,Spain,0.0,1.0,"UEFA Nations League, League A, Gr. 2",14.0,1710.884769,1.0,1995.881879,-13.0,-284.99711,0.4,1.2,-1.2,1.0,4.0,4.0,1493.7384650764059,1540.3212317069617,-46.58276663055585,A
10024812,22/23,4,2022-06-13 18:45:00+00:00,canceled,Russia,Albania,,,"UEFA Nations League, League B, Gr. 2",35.0,1529.602834,67.0,1376.033234,32.0,153.56960000000004,,,,,,,1502.5931008693317,1468.5050528513927,34.088048017938945,
10023404,22/23,3,2022-06-11 18:45:00+00:00,finished,Hungary,Germany,1.0,1.0,"UEFA Nations League, League A, Gr. 3",39.0,1506.393663,12.0,1726.218839,-27.0,-219.82517599999983,1.6,1.2,0.4,-0.8,4.0,4.0,1538.1023702277087,1487.8587159321714,50.243654295537226,D
10023443,22/23,4,2022-06-13 18:45:00+00:00,finished,Denmark,Austria,2.0,0.0,"UEFA Nations League, League A, Gr. 1",21.0,1619.474248,23.0,1598.822839,2.0,20.651409000000058,1.8,1.6,0.0,0.6,3.0,3.0,1535.7311277498252,1538.8528346914845,-3.1217069416593404,H
10023307,22/23,4,2022-06-12 16:00:00+00:00,finished,North Macedonia,Gibraltar,4.0,0.0,"UEFA Nations League, League C, Gr. 4",69.0,1369.159317,202.0,820.260818,133.0,548.8984990000001,1.4,0.6,-0.2,-1.2,2.0,2.0,1548.5736002076392,1447.915433020833,100.65816718680617,H
10023701,22/23,4,2022-06-14 16:00:00+00:00,finished,Armenia,Scotland,1.0,4.0,"UEFA Nations League, League B, Gr. 1",107.0,1189.632762,42.0,1491.223887,-65.0,-301.59112500000015,1.8,1.2,-0.4,-0.4,3.0,3.0,1524.1081630244028,1528.117089537171,-4.008926512768312,A
10023394,22/23,2,2022-06-05 18:45:00+00:00,finished,Portugal,Switzerland,4.0,0.0,"UEFA Nations League, League A, Gr. 2",7.0,1787.854725,14.0,1710.884769,7.0,76.96995599999991,1.6,0.6,0.6,-0.4,3.0,3.0,1557.572865033565,1506.4448054691577,51.128059564407295,H
10023386,22/23,3,2022-06-11 16:00:00+00:00,finished,Faroe Islands,Lithuania,2.0,1.0,"UEFA Nations League, League C, Gr. 1",123.0,1136.585036,149.0,1056.850321,26.0,79.73471500000005,1.0,0.8,-0.6,-1.8,3.0,3.0,1472.6014522024748,1396.383643030703,76.2178091717717,H
10023417,22/23,1,2022-06-02 16:00:00+00:00,finished,Bulgaria,North Macedonia,1.0,1.0,"UEFA Nations League, League C, Gr. 4",85.0,1271.683325,69.0,1369.159317,-16.0,-97.47599200000013,0.2,1.2,-1.0,0.0,560.0,560.0,1473.6826524507142,1555.2878149409958,-81.6051624902816,D
10023419,22/23,4,2022-06-14 18:45:00+00:00,finished,Netherlands,Wales,3.0,2.0,"UEFA Nations League, League A, Gr. 4",9.0,1775.54224,38.0,1516.946629,29.0,258.59561099999996,2.6,1.4,1.4,0.2,3.0,3.0,1569.427995686317,1529.10615736243,40.32183832388705,H
10023430,22/23,3,2022-06-09 18:45:00+00:00,finished,Kosovo,Northern Ireland,3.0,2.0,"UEFA Nations League, League C, Gr. 2",78.0,1319.120924,70.0,1365.296485,-8.0,-46.175561000000016,1.4,0.4,0.2,-0.6,4.0,4.0,1535.145033377277,1417.5850365665974,117.55999681067965,H
10023344,22/23,4,2022-06-12 18:45:00+00:00,finished,Malta,San Marino,1.0,0.0,"UEFA Nations League, League D, Gr. 2",161.0,992.793497,211.0,721.201827,50.0,271.59167,2.0,0.4,0.8,-1.2,3.0,7.0,1473.8146967185148,1375.9869201931792,97.8277765253356,H
10023370,22/23,2,2022-06-07 18:45:00+00:00,finished,Italy,Hungary,2.0,1.0,"UEFA Nations League, League A, Gr. 3",15.0,1704.733836,39.0,1506.393663,24.0,198.34017300000005,1.8,2.2,0.8,0.8,3.0,3.0,1536.4483919667248,1546.5348627631165,-10.086470796391723,H
10023360,22/23,3,2022-06-10 18:45:00+00:00,canceled,Russia,Iceland,,,"UEFA Nations League, League B, Gr. 2",35.0,1529.602834,74.0,1342.771961,39.0,186.8308730000001,,,,,,,1502.5931008693317,1405.9156885399461,96.67741232938556,
10023329,22/23,1,2022-06-04 18:45:00+00:00,finished,Türkiye,Faroe Islands,4.0,0.0,"UEFA Nations League, League C, Gr. 1",27.0,1582.54473,123.0,1136.585036,96.0,445.9596940000001,1.2,1.8,-0.2,0.6,562.0,563.0,1471.9521155565194,1499.5515523130603,-27.599436756540854,H
10023445,22/23,3,2022-06-10 18:45:00+00:00,finished,Austria,France,1.0,1.0,"UEFA Nations League, League A, Gr. 1",23.0,1598.822839,3.0,1948.970817,-20.0,-350.14797799999997,2.0,2.0,0.8,0.6,4.0,4.0,1540.618361068948,1543.6281534210814,-3.009792352133445,D
10023398,22/23,2,2022-06-06 18:45:00+00:00,canceled,Israel,Russia,,,"UEFA Nations League, League B, Gr. 2",76.0,1333.904007,35.0,1529.602834,-41.0,-195.69882699999994,,,,,,,1483.4056207320832,1502.5931008693317,-19.187480137248485,
10023393,22/23,1,2022-06-03 16:00:00+00:00,finished,Latvia,Andorra,3.0,0.0,"UEFA Nations League, League D, Gr. 1",137.0,1085.660758,172.0,946.429826,35.0,139.23093199999994,1.2,0.2,0.8,-2.0,562.0,562.0,1484.8815804677156,1413.1597770734704,71.72180339424517,H
10023381,22/23,2,2022-06-08 18:45:00+00:00,finished,Wales,Netherlands,1.0,2.0,"UEFA Nations League, League A, Gr. 4",38.0,1516.946629,9.0,1775.54224,-29.0,-258.59561099999996,2.0,2.2,0.6,1.2,7.0,5.0,1541.2994713485111,1562.528303252204,-21.228831903692935,A
10023401,22/23,2,2022-06-05 18:45:00+00:00,finished,Bulgaria,Georgia,2.0,5.0,"UEFA Nations League, League C, Gr. 4",85.0,1271.683325,72.0,1355.261687,-13.0,-83.57836199999997,0.4,1.2,-0.8,0.6,3.0,3.0,1474.160223875443,1565.5302777982338,-91.3700539227907,A
10225893,22/23,1,2022-06-03 14:00:00+00:00,finished,Kazakhstan,Azerbaijan,2.0,0.0,"UEFA Nations League, League C, Gr. 3",111.0,1180.780449,126.0,1131.995112,15.0,48.78533700000003,0.2,1.2,-1.2,-0.2,561.0,562.0,1457.5739369207984,1498.9402079799956,-41.36627105919729,H
10023415,22/23,1,2022-06-08 18:45:00+00:00,finished,Scotland,Armenia,2.0,0.0,"UEFA Nations League, League B, Gr. 1",42.0,1491.223887,107.0,1189.632762,65.0,301.59112500000015,1.8,2.2,0.2,0.6,566.0,4.0,1534.8942649431494,1553.4625489758241,-18.568284032674683,H
10023321,22/23,2,2022-09-21 18:45:00+00:00,finished,Scotland,Ukraine,3.0,0.0,"UEFA Nations League, League B, Gr. 1",42.0,1491.223887,33.0,1549.287173,-9.0,-58.063285999999835,1.2,2.0,0.0,0.6,99.0,99.0,1548.6579793133972,1511.333134577456,37.32484473594127,H
10024814,22/23,4,2022-06-14 18:45:00+00:00,finished,Bosnia & Herzegovina,Finland,3.0,2.0,"UEFA Nations League, League B, Gr. 3",61.0,1408.930486,75.0,1341.922408,14.0,67.00807800000007,1.0,1.4,-0.6,0.0,3.0,3.0,1489.1472022412427,1531.7373598177933,-42.59015757655061,H
10023310,22/23,4,2022-06-14 18:45:00+00:00,finished,Liechtenstein,Latvia,0.0,2.0,"UEFA Nations League, League D, Gr. 1",206.0,797.701009,137.0,1085.660758,-69.0,-287.959749,0.4,2.6,-0.8,2.2,4.0,4.0,1432.6526254480616,1518.7321414505977,-86.07951600253614,A
10023382,22/23,3,2022-06-09 18:45:00+00:00,finished,North Macedonia,Georgia,0.0,3.0,"UEFA Nations League, League C, Gr. 4",69.0,1369.159317,72.0,1355.261687,3.0,13.897630000000163,1.6,1.6,0.4,1.2,4.0,4.0,1568.671791865263,1581.7045879086074,-13.032796043344433,A
10023408,22/23,2,2022-06-06 18:45:00+00:00,finished,Belarus,Azerbaijan,0.0,0.0,"UEFA Nations League, League C, Gr. 3",96.0,1242.876029,126.0,1131.995112,30.0,110.88091699999995,1.4,0.6,0.4,-0.8,3.0,3.0,1535.950212595435,1484.9589872070778,50.99122538835718,D
10225891,22/23,3,2022-06-10 18:45:00+00:00,finished,Belarus,Kazakhstan,1.0,1.0,"UEFA Nations League, League C, Gr. 3",96.0,1242.876029,111.0,1180.780449,15.0,62.09557999999993,1.4,1.2,0.4,-0.4,4.0,4.0,1532.7304571404989,1483.4077752196968,49.3226819208021,D
10023363,22/23,4,2022-06-12 18:45:00+00:00,finished,Greece,Kosovo,2.0,0.0,"UEFA Nations League, League C, Gr. 2",46.0,1473.187305,78.0,1319.120924,32.0,154.06638099999986,2.6,1.8,1.4,0.4,3.0,3.0,1563.0688125285174,1540.326080347013,22.74273218150438,H
10225909,22/23,6,2022-09-26 18:45:00+00:00,finished,San Marino,Estonia,0.0,4.0,"UEFA Nations League, League D, Gr. 2",211.0,721.201827,127.0,1130.63629,-84.0,-409.43446299999994,0.4,2.0,-1.0,0.6,106.0,3.0,1370.3580477900916,1483.0191970172405,-112.66114922714883,A
10023391,22/23,5,2022-09-23 18:45:00+00:00,finished,Italy,England,1.0,0.0,"UEFA Nations League, League A, Gr. 3",15.0,1704.733836,4.0,1922.831632,-11.0,-218.0977959999998,1.6,1.0,0.0,-0.2,101.0,101.0,1528.7995031433268,1489.4487108487886,39.35079229453822,H
10023442,22/23,2,2022-06-07 18:45:00+00:00,finished,Bosnia & Herzegovina,Romania,1.0,0.0,"UEFA Nations League, League B, Gr. 3",61.0,1408.930486,52.0,1455.894657,-9.0,-46.96417100000008,0.4,0.8,-1.4,-0.8,3.0,3.0,1476.6565875476638,1517.255230962808,-40.598643415144124,H
10023439,22/23,5,2022-09-22 18:45:00+00:00,finished,Croatia,Denmark,2.0,1.0,"UEFA Nations League, League A, Gr. 1",13.0,1723.050142,21.0,1619.474248,8.0,103.57589400000006,1.4,1.8,-0.4,0.2,101.0,101.0,1456.6616295990668,1548.0875195815265,-91.4258899824597,H
10023364,22/23,6,2022-09-27 18:45:00+00:00,finished,Switzerland,Czechia,2.0,1.0,"UEFA Nations League, League A, Gr. 2",14.0,1710.884769,48.0,1467.260216,34.0,243.6245530000001,1.2,0.8,-0.8,-1.4,3.0,3.0,1507.799040422985,1493.9238345737326,13.875205849252325,H
10023435,22/23,3,2022-06-09 18:45:00+00:00,finished,Norway,Slovenia,0.0,0.0,"UEFA Nations League, League B, Gr. 4",19.0,1651.286867,56.0,1441.087158,37.0,210.19970899999998,2.0,1.4,0.0,0.0,4.0,4.0,1569.629837130797,1494.0849771080907,75.54486002270619,D
10023330,22/23,6,2022-09-25 18:45:00+00:00,finished,Faroe Islands,Türkiye,2.0,1.0,"UEFA Nations League, League C, Gr. 1",123.0,1136.585036,27.0,1582.54473,-96.0,-445.9596940000001,1.0,2.6,-0.8,2.8,3.0,3.0,1481.0342551632818,1534.0092302347116,-52.97497507142975,H
10225889,22/23,4,2022-06-13 14:00:00+00:00,finished,Kazakhstan,Slovakia,2.0,1.0,"UEFA Nations League, League C, Gr. 3",111.0,1180.780449,45.0,1473.660727,-66.0,-292.88027799999986,1.4,1.8,0.0,0.0,2.0,2.0,1486.5844184215862,1472.4452022750972,14.139216146488934,H
10024813,22/23,4,2022-06-14 18:45:00+00:00,finished,Romania,Montenegro,0.0,3.0,"UEFA Nations League, League B, Gr. 3",52.0,1455.894657,80.0,1301.977191,28.0,153.9174660000001,1.4,1.6,0.2,0.8,3.0,3.0,1517.0339286429005,1532.671925291909,-15.637996649008528,A
10023349,22/23,2,2022-06-05 18:45:00+00:00,finished,Sweden,Norway,1.0,2.0,"UEFA Nations League, League B, Gr. 4",37.0,1525.578992,19.0,1651.286867,-18.0,-125.70787500000006,1.2,2.0,-0.6,0.6,3.0,3.0,1485.4573901444855,1559.9015963043096,-74.44420615982403,A
10023328,22/23,6,2022-09-26 18:45:00+00:00,finished,Hungary,Italy,0.0,2.0,"UEFA Nations League, League A, Gr. 3",39.0,1506.393663,15.0,1704.733836,-24.0,-198.34017300000005,2.0,1.6,1.0,-0.2,3.0,3.0,1566.321281081338,1535.883213494247,30.438067587090927,A
10023446,22/23,4,2022-06-12 18:45:00+00:00,finished,Slovenia,Serbia,2.0,2.0,"UEFA Nations League, League B, Gr. 4",56.0,1441.087158,40.0,1502.133186,-16.0,-61.04602799999998,1.0,2.0,-0.8,1.6,3.0,3.0,1497.923080361018,1547.892231128603,-49.969150767585006,D
10023387,22/23,5,2022-09-22 18:45:00+00:00,finished,France,Austria,2.0,0.0,"UEFA Nations League, League A, Gr. 1",3.0,1948.970817,23.0,1598.822839,20.0,350.14797799999997,1.0,1.0,0.0,0.0,101.0,101.0,1530.897676316254,1526.4964428597832,4.401233456470891,H
10023411,22/23,5,2022-09-23 18:45:00+00:00,finished,Bulgaria,Gibraltar,5.0,1.0,"UEFA Nations League, League C, Gr. 4",85.0,1271.683325,202.0,820.260818,117.0,451.422507,0.8,0.4,-0.6,-2.0,103.0,103.0,1464.9438142251133,1437.484418306321,27.459395918792325,H
10023377,22/23,6,2022-09-26 18:45:00+00:00,finished,England,Germany,3.0,3.0,"UEFA Nations League, League A, Gr. 3",4.0,1922.831632,12.0,1726.218839,8.0,196.612793,0.4,1.2,-1.2,0.4,3.0,3.0,1482.3650004978683,1497.546575110903,-15.181574613034627,D
10023440,22/23,2,2022-06-05 16:00:00+00:00,finished,Gibraltar,North Macedonia,0.0,2.0,"UEFA Nations League, League C, Gr. 4",202.0,820.260818,69.0,1369.159317,-133.0,-548.8984990000001,1.6,1.2,-0.4,0.0,3.0,3.0,1463.3901949743101,1554.8102435162668,-91.4200485419567,A
10023418,22/23,6,2022-09-27 18:45:00+00:00,finished,Ukraine,Scotland,0.0,0.0,"UEFA Nations League, League B, Gr. 1",33.0,1549.287173,42.0,1491.223887,9.0,58.063285999999835,2.0,2.4,1.2,1.2,3.0,3.0,1522.8037352322858,1566.7105787200996,-43.90684348781383,D
10023403,22/23,2,2022-06-05 18:45:00+00:00,finished,Kosovo,Greece,0.0,1.0,"UEFA Nations League, League C, Gr. 2",78.0,1319.120924,46.0,1473.187305,-32.0,-154.06638099999986,1.4,2.2,0.2,1.0,3.0,3.0,1547.1209106319693,1542.557001581268,4.563909050701341,A
10023402,22/23,5,2022-09-24 13:00:00+00:00,canceled,Iceland,Russia,,,"UEFA Nations League, League B, Gr. 2",74.0,1342.771961,35.0,1529.602834,-39.0,-186.8308730000001,,,,,,,1405.9156885399461,1502.5931008693317,-96.67741232938556,
12057783,24/25,3,2024-10-10 18:45:00+00:00,finished,Gibraltar,San Marino,1.0,0.0,"UEFA Nations League, League D, Gr. 1",202.0,820.260818,211.0,721.201827,9.0,99.05899099999999,0.4,0.6,-1.8,-1.6,32.0,35.0,1414.0814007001295,1363.3439619301805,50.737438769948994,H
10023343,22/23,4,2022-06-14 18:45:00+00:00,finished,Luxembourg,Faroe Islands,2.0,2.0,"UEFA Nations League, League C, Gr. 1",98.0,1232.81815,123.0,1136.585036,25.0,96.23311400000011,1.4,1.0,0.0,-0.8,3.0,3.0,1531.254788605545,1478.746845464855,52.50794314069003,D
10023379,22/23,5,2022-09-22 18:45:00+00:00,finished,Belgium,Wales,2.0,1.0,"UEFA Nations League, League A, Gr. 4",8.0,1778.355242,38.0,1516.946629,30.0,261.40861300000006,2.0,0.8,1.0,-0.2,100.0,100.0,1572.7335159886388,1522.047998083269,50.68551790536981,H
10023319,22/23,3,2022-06-11 13:00:00+00:00,finished,Ukraine,Armenia,3.0,0.0,"UEFA Nations League, League B, Gr. 1",33.0,1549.287173,107.0,1189.632762,74.0,359.654411,1.2,2.0,-1.0,0.2,2.0,2.0,1498.3764826989036,1540.4553177955838,-42.07883509668022,H
10225884,22/23,4,2022-06-14 16:00:00+00:00,finished,Moldova,Andorra,2.0,1.0,"UEFA Nations League, League D, Gr. 1",159.0,1008.240035,172.0,946.429826,13.0,61.810208999999986,0.8,0.8,-0.6,-1.8,4.0,3.0,1445.3364915437903,1411.3166706515506,34.01982089223975,H
10023356,22/23,5,2022-09-22 18:45:00+00:00,finished,Poland,Netherlands,0.0,2.0,"UEFA Nations League, League A, Gr. 4",36.0,1526.183359,9.0,1775.54224,-27.0,-249.35888099999988,0.8,2.6,-1.2,1.2,100.0,100.0,1471.556422486104,1576.486154965478,-104.9297324793738,A
10023302,22/23,6,2022-09-27 18:45:00+00:00,finished,Greece,Northern Ireland,3.0,1.0,"UEFA Nations League, League C, Gr. 2",46.0,1473.187305,70.0,1365.296485,24.0,107.89081999999985,2.4,1.0,1.2,-0.2,3.0,3.0,1561.7410502556484,1422.136851645122,139.60419861052628,H
10023423,22/23,5,2022-09-24 18:45:00+00:00,finished,Serbia,Sweden,4.0,1.0,"UEFA Nations League, League B, Gr. 4",40.0,1502.133186,37.0,1525.578992,-3.0,-23.445805999999948,2.0,0.6,1.6,-0.6,104.0,104.0,1548.3245840455436,1460.0700385566684,88.25454548887524,H
10225903,22/23,5,2022-09-23 16:00:00+00:00,finished,Estonia,Malta,2.0,1.0,"UEFA Nations League, League D, Gr. 2",127.0,1130.63629,161.0,992.793497,34.0,137.84279299999992,1.6,2.0,0.4,0.8,105.0,102.0,1474.7373786504147,1479.4435691216024,-4.7061904711877105,H
10023436,22/23,5,2022-09-24 18:45:00+00:00,finished,Israel,Albania,2.0,1.0,"UEFA Nations League, League B, Gr. 2",76.0,1333.904007,67.0,1376.033234,-9.0,-42.1292269999999,1.6,1.6,0.2,0.4,103.0,106.0,1510.6223143444208,1483.1091117152264,27.51320262919444,H
10023444,22/23,5,2022-09-24 13:00:00+00:00,finished,Armenia,Ukraine,0.0,5.0,"UEFA Nations League, League B, Gr. 1",107.0,1189.632762,33.0,1549.287173,-74.0,-359.654411,1.2,1.4,-1.2,-0.2,101.0,2.0,1503.5672732481767,1498.8431171023665,4.724156145810184,A
10023341,22/23,2,2022-06-07 18:45:00+00:00,finished,Faroe Islands,Luxembourg,0.0,1.0,"UEFA Nations League, League C, Gr. 1",123.0,1136.585036,98.0,1232.81815,-25.0,-96.23311400000011,1.2,2.0,-0.4,0.8,3.0,3.0,1482.8121820699948,1540.489592534721,-57.67741046472611,A
10023357,22/23,6,2022-09-25 18:45:00+00:00,finished,Wales,Poland,0.0,1.0,"UEFA Nations League, League A, Gr. 4",38.0,1516.946629,36.0,1526.183359,-2.0,-9.23673000000008,0.2,0.8,-0.8,-1.4,3.0,3.0,1515.2598645102735,1458.2727775950323,56.98708691524121,A
10023332,22/23,6,2022-09-25 18:45:00+00:00,finished,Austria,Croatia,1.0,3.0,"UEFA Nations League, League A, Gr. 1",23.0,1598.822839,13.0,1723.050142,-10.0,-124.22730300000012,0.8,2.0,-0.4,0.0,3.0,3.0,1514.4535090427503,1467.4207645278784,47.032744514871865,A
10023369,22/23,4,2022-06-14 18:45:00+00:00,finished,Türkiye,Lithuania,2.0,0.0,"UEFA Nations League, League C, Gr. 1",27.0,1582.54473,149.0,1056.850321,122.0,525.6944090000002,2.4,0.6,2.2,-2.0,3.0,3.0,1528.9924178637405,1390.238249768323,138.75416809541753,H
10023300,22/23,5,2022-09-24 18:45:00+00:00,finished,Spain,Switzerland,1.0,2.0,"UEFA Nations League, League A, Gr. 2",1.0,1995.881879,14.0,1710.884769,13.0,284.99711,2.2,0.8,1.8,-1.0,104.0,104.0,1561.9847860811815,1494.151799567854,67.83298651332757,A
10023366,22/23,4,2022-06-12 16:00:00+00:00,finished,Georgia,Bulgaria,0.0,0.0,"UEFA Nations League, League C, Gr. 4",72.0,1355.261687,85.0,1271.683325,13.0,83.57836199999997,2.0,0.6,1.8,-0.8,2.0,2.0,1601.8027795662313,1459.5991273695504,142.20365219668088,D
10225883,22/23,5,2022-09-22 14:00:00+00:00,finished,Kazakhstan,Belarus,2.0,1.0,"UEFA Nations League, League C, Gr. 3",111.0,1180.780449,96.0,1242.876029,-15.0,-62.09557999999993,2.0,0.4,0.6,-0.8,101.0,100.0,1494.3452020145721,1515.0285951086532,-20.68339309408111,H
10225876,22/23,4,2022-06-12 13:00:00+00:00,finished,Northern Ireland,Cyprus,2.0,2.0,"UEFA Nations League, League C, Gr. 2",70.0,1365.296485,124.0,1133.247165,54.0,232.04932000000008,0.4,0.8,-0.6,-1.6,2.0,2.0,1412.4039895968617,1414.4347278583102,-2.030738261448505,D
10023338,22/23,6,2022-09-27 18:45:00+00:00,finished,Portugal,Spain,0.0,1.0,"UEFA Nations League, League A, Gr. 2",7.0,1787.854725,1.0,1995.881879,-6.0,-208.0271540000001,2.0,1.6,1.8,0.4,3.0,3.0,1589.304857292147,1548.3375452260505,40.96731206609661,A
10023353,22/23,5,2022-09-24 18:45:00+00:00,finished,Czechia,Portugal,0.0,4.0,"UEFA Nations League, League A, Gr. 2",48.0,1467.260216,7.0,1787.854725,-41.0,-320.594509,1.4,2.0,-0.2,1.2,104.0,104.0,1513.1044224866232,1570.1242693792565,-57.01984689263327,A
10023378,22/23,6,2022-09-25 18:45:00+00:00,finished,Netherlands,Belgium,1.0,0.0,"UEFA Nations League, League A, Gr. 4",9.0,1775.54224,8.0,1778.355242,-1.0,-2.813002000000097,2.6,2.0,1.4,0.8,3.0,3.0,1589.7697998565498,1579.5216495616344,10.248150294915376,H
10225886,22/23,2,2022-06-06 18:45:00+00:00,finished,Andorra,Moldova,0.0,0.0,"UEFA Nations League, League D, Gr. 1",172.0,946.429826,159.0,1008.240035,-13.0,-61.810208999999986,0.2,0.6,-2.4,-1.4,3.0,3.0,1402.2115709592356,1461.1821315388677,-58.97056057963209,D
10225890,22/23,6,2022-09-25 13:00:00+00:00,finished,Moldova,Liechtenstein,2.0,0.0,"UEFA Nations League, League D, Gr. 1",159.0,1008.240035,206.0,797.701009,47.0,210.53902600000004,2.0,0.0,0.4,-1.6,2.0,2.0,1466.5144751974315,1400.1892145353684,66.3252606620631,H
10023376,22/23,6,2022-09-26 18:45:00+00:00,finished,Romania,Bosnia & Herzegovina,4.0,1.0,"UEFA Nations League, League B, Gr. 3",52.0,1455.894657,61.0,1408.930486,9.0,46.96417100000008,0.8,2.2,-1.0,0.6,3.0,3.0,1499.6067315807786,1508.190572529589,-8.583840948810348,H
10023299,22/23,6,2022-09-27 18:45:00+00:00,canceled,Russia,Israel,,,"UEFA Nations League, League B, Gr. 2",35.0,1529.602834,76.0,1333.904007,41.0,195.69882699999994,,,,,,,1502.5931008693317,1483.4056207320832,19.187480137248485,
10023413,22/23,5,2022-09-24 18:45:00+00:00,finished,Scotland,Ireland,2.0,1.0,"UEFA Nations League, League B, Gr. 1",42.0,1491.223887,55.0,1441.096901,13.0,50.126986000000215,1.8,1.0,0.8,0.2,3.0,102.0,1561.1479967884866,1460.4627520453855,100.68524474310107,H
10023410,22/23,6,2022-09-25 18:45:00+00:00,finished,Denmark,France,2.0,0.0,"UEFA Nations League, League A, Gr. 1",21.0,1619.474248,3.0,1948.970817,-18.0,-329.4965689999999,1.8,1.0,0.4,0.0,3.0,3.0,1537.328384652715,1542.940610133287,-5.612225480572079,H
10023395,22/23,6,2022-09-27 18:45:00+00:00,finished,Albania,Iceland,1.0,1.0,"UEFA Nations League, League B, Gr. 2",67.0,1376.033234,74.0,1342.771961,7.0,33.261273000000074,1.4,0.6,0.2,-1.0,3.0,106.0,1475.7106593832352,1391.2913280966523,84.41933128658297,D
10023296,22/23,4,2022-06-14 18:45:00+00:00,finished,England,Hungary,0.0,4.0,"UEFA Nations League, League A, Gr. 3",4.0,1922.831632,39.0,1506.393663,35.0,416.43796899999984,1.0,1.6,0.2,0.4,3.0,3.0,1510.3729811832866,1534.901914327485,-24.52893314419839,A
12057873,24/25,1,2024-09-07 16:00:00+00:00,finished,Ireland,England,0.0,2.0,"UEFA Nations League, League B, Gr. 2",55.0,1441.096901,4.0,1922.831632,-51.0,-481.734731,1.4,0.6,0.4,-1.0,710.0,711.0,1463.7456012016041,1480.9408579100632,-17.195256708459056,A
12057864,24/25,3,2024-10-10 18:45:00+00:00,finished,Finland,Ireland,1.0,2.0,"UEFA Nations League, League B, Gr. 2",75.0,1341.922408,55.0,1441.096901,-20.0,-99.17449299999998,0.8,0.8,-0.8,-0.8,30.0,30.0,1512.346180741814,1434.6736049631934,77.67257577862051,A
10023409,22/23,6,2022-09-26 18:45:00+00:00,finished,Montenegro,Finland,0.0,2.0,"UEFA Nations League, League B, Gr. 3",80.0,1301.977191,75.0,1341.922408,-5.0,-39.94521699999996,1.4,1.0,0.4,0.0,3.0,3.0,1542.9541629400724,1519.8389489434055,23.115213996666853,A
12057887,24/25,1,2024-09-05 18:45:00+00:00,finished,Denmark,Switzerland,2.0,0.0,"UEFA Nations League, League A, Gr. 4",21.0,1619.474248,14.0,1710.884769,-7.0,-91.41052100000002,1.8,1.8,0.6,-0.4,711.0,709.0,1549.7890910273284,1515.567043058074,34.22204796925439,H
10023424,22/23,6,2022-09-27 18:45:00+00:00,finished,Sweden,Slovenia,1.0,1.0,"UEFA Nations League, League B, Gr. 4",37.0,1525.578992,56.0,1441.087158,19.0,84.49183399999993,0.6,1.0,-0.8,-0.8,3.0,3.0,1449.8247948858186,1507.746145029322,-57.92135014350333,D
12057832,24/25,1,2024-09-05 18:45:00+00:00,finished,Estonia,Slovakia,0.0,1.0,"UEFA Nations League, League C, Gr. 1",127.0,1130.63629,45.0,1473.660727,-82.0,-343.02443700000003,2.6,0.8,1.6,-0.4,710.0,711.0,1499.213089281784,1453.1969175561285,46.01617172565557,A
12057912,24/25,1,2024-09-06 18:45:00+00:00,finished,Belgium,Israel,3.0,1.0,"UEFA Nations League, League A, Gr. 2",8.0,1778.355242,76.0,1333.904007,68.0,444.451235,2.0,2.2,1.2,0.6,712.0,713.0,1571.6542245896126,1518.020766676412,53.63345791320057,H
10023372,22/23,5,2022-09-23 18:45:00+00:00,finished,Bosnia & Herzegovina,Montenegro,1.0,0.0,"UEFA Nations League, League B, Gr. 3",61.0,1408.930486,80.0,1301.977191,19.0,106.95329500000003,1.6,2.0,0.0,1.4,101.0,101.0,1498.5030881247906,1552.6416473448708,-54.1385592200802,H
10023437,22/23,5,2022-09-24 16:00:00+00:00,finished,Slovenia,Norway,2.0,1.0,"UEFA Nations League, League B, Gr. 4",56.0,1441.087158,19.0,1651.286867,-37.0,-210.19970899999998,0.6,2.2,-1.0,0.6,103.0,104.0,1497.4907274440775,1571.3667737974679,-73.8760463533904,H
12057847,24/25,1,2024-09-06 18:45:00+00:00,finished,Wales,Türkiye,0.0,0.0,"UEFA Nations League, League B, Gr. 4",38.0,1516.946629,27.0,1582.54473,-11.0,-65.59810100000004,0.2,2.0,-0.8,1.8,712.0,712.0,1501.8862947489665,1524.3552001383594,-22.46890538939283,D
12057909,24/25,1,2024-09-06 18:45:00+00:00,finished,France,Italy,1.0,3.0,"UEFA Nations League, League A, Gr. 2",3.0,1948.970817,15.0,1704.733836,12.0,244.2369809999998,1.0,2.0,-0.2,0.2,712.0,711.0,1530.4799037586736,1554.9030050595834,-24.42310130090982,A
12057827,24/25,2,2024-09-08 18:45:00+00:00,finished,Sweden,Estonia,3.0,0.0,"UEFA Nations League, League C, Gr. 1",37.0,1525.578992,127.0,1130.63629,90.0,394.94270200000005,0.8,2.4,-0.6,1.4,3.0,3.0,1470.021250374684,1486.12226839457,-16.10101801988594,H
10023416,22/23,6,2022-09-26 18:45:00+00:00,finished,Gibraltar,Georgia,1.0,2.0,"UEFA Nations League, League C, Gr. 4",202.0,820.260818,72.0,1355.261687,-130.0,-535.000869,0.2,2.6,-2.8,2.4,3.0,3.0,1423.6096128259073,1607.1587241421553,-183.54911131624795,A
12057815,24/25,2,2024-09-08 16:00:00+00:00,finished,Bulgaria,Northern Ireland,1.0,0.0,"UEFA Nations League, League C, Gr. 3",85.0,1271.683325,70.0,1365.296485,-15.0,-93.61316000000011,1.8,1.4,1.0,0.0,2.0,2.0,1494.7463341856567,1432.4103707693566,62.335963416300046,H
12057852,24/25,1,2024-09-06 18:45:00+00:00,finished,Slovenia,Austria,1.0,1.0,"UEFA Nations League, League B, Gr. 3",56.0,1441.087158,23.0,1598.822839,-33.0,-157.7356809999999,1.2,0.2,-0.4,-1.4,710.0,712.0,1507.949856763695,1494.7776175066886,13.172239257006368,D
12057897,24/25,3,2024-10-11 18:45:00+00:00,finished,Hungary,Netherlands,1.0,1.0,"UEFA Nations League, League A, Gr. 3",39.0,1506.393663,9.0,1775.54224,-30.0,-269.14857699999993,1.4,2.6,-0.4,1.4,31.0,31.0,1525.212965832804,1603.0644368766227,-77.85147104381872,D
10023427,22/23,5,2022-09-22 18:45:00+00:00,finished,Liechtenstein,Andorra,0.0,2.0,"UEFA Nations League, League D, Gr. 1",206.0,797.701009,172.0,946.429826,-34.0,-148.72881700000005,0.2,0.8,-1.2,-1.6,100.0,100.0,1418.5615862712866,1404.0919521929611,14.469634078325498,A
12057837,24/25,2,2024-09-09 18:45:00+00:00,finished,Montenegro,Wales,1.0,2.0,"UEFA Nations League, League B, Gr. 4",80.0,1301.977191,38.0,1516.946629,-42.0,-214.96943800000008,0.8,0.4,-0.4,-0.6,3.0,3.0,1506.5020011828583,1500.6682297175485,5.833771465309837,A
10023392,22/23,6,2022-09-27 18:45:00+00:00,finished,Norway,Serbia,0.0,2.0,"UEFA Nations League, League B, Gr. 4",19.0,1651.286867,40.0,1502.133186,21.0,149.153681,2.0,2.0,0.4,1.2,3.0,3.0,1561.1113562122234,1558.5698277163933,2.541528495830107,A
10023313,22/23,6,2022-09-27 18:45:00+00:00,finished,Ireland,Armenia,3.0,2.0,"UEFA Nations League, League B, Gr. 1",55.0,1441.096901,107.0,1189.632762,52.0,251.46413899999993,0.8,0.6,0.0,-2.4,3.0,3.0,1454.9001701137724,1479.6066551182573,-24.706485004484875,H
10023365,22/23,5,2022-09-22 18:45:00+00:00,finished,Slovakia,Azerbaijan,1.0,2.0,"UEFA Nations League, League C, Gr. 3",45.0,1473.660727,126.0,1131.995112,81.0,341.6656149999999,1.2,1.0,-0.4,-0.2,101.0,101.0,1464.6844186821113,1490.0797657140943,-25.395347031982965,A
10225881,22/23,5,2022-09-24 18:45:00+00:00,finished,Cyprus,Greece,1.0,0.0,"UEFA Nations League, League C, Gr. 2",124.0,1133.247165,46.0,1473.187305,-78.0,-339.94013999999993,0.4,2.6,-1.8,1.4,104.0,104.0,1416.2275416528603,1574.3591856740763,-158.13164402121606,H
10023383,22/23,5,2022-09-23 18:45:00+00:00,finished,Germany,Hungary,0.0,1.0,"UEFA Nations League, League A, Gr. 3",12.0,1726.218839,39.0,1506.393663,27.0,219.82517599999983,1.2,2.0,-0.6,1.2,101.0,101.0,1508.0416715302579,1555.826184661983,-47.784513131725134,A
12057790,24/25,6,2024-11-18 19:45:00+00:00,finished,Liechtenstein,San Marino,1.0,3.0,"UEFA Nations League, League D, Gr. 1",206.0,797.701009,211.0,721.201827,5.0,76.49918200000002,0.4,0.8,-1.0,-1.0,36.0,3.0,1383.422819819748,1356.5607879438812,26.862031875866705,A
12057914,24/25,3,2024-10-10 18:45:00+00:00,finished,Israel,France,1.0,4.0,"UEFA Nations League, League A, Gr. 2",76.0,1333.904007,3.0,1948.970817,-73.0,-615.0668099999998,1.4,1.2,-0.2,-0.2,31.0,31.0,1497.914822396602,1528.8649193091283,-30.950096912526305,A
12057843,24/25,2,2024-09-09 18:45:00+00:00,finished,Türkiye,Iceland,3.0,1.0,"UEFA Nations League, League B, Gr. 4",27.0,1582.54473,74.0,1342.771961,47.0,239.77276900000015,1.6,1.4,0.6,0.4,3.0,3.0,1525.5732651697774,1413.07251219922,112.50075297055741,H
10023352,22/23,5,2022-09-22 18:45:00+00:00,finished,Lithuania,Faroe Islands,1.0,1.0,"UEFA Nations League, League C, Gr. 1",149.0,1056.850321,123.0,1136.585036,-26.0,-79.73471500000005,0.6,1.0,-2.0,-0.8,100.0,100.0,1383.1483316299295,1482.0056747956367,-98.8573431657071,D
10023438,22/23,5,2022-09-24 16:00:00+00:00,finished,Northern Ireland,Kosovo,2.0,1.0,"UEFA Nations League, League C, Gr. 2",70.0,1365.296485,78.0,1319.120924,8.0,46.175561000000016,0.6,1.8,-0.4,0.2,104.0,103.0,1410.6111758023117,1529.035707201454,-118.42453139914232,H
10225879,22/23,6,2022-09-27 18:45:00+00:00,finished,Kosovo,Cyprus,5.0,1.0,"UEFA Nations League, League C, Gr. 2",78.0,1319.120924,124.0,1133.247165,46.0,185.87375900000006,1.2,1.0,-0.2,-0.8,3.0,3.0,1517.5100313586436,1428.8456770712883,88.66435428735531,H
10225887,22/23,6,2022-09-25 16:00:00+00:00,finished,Azerbaijan,Kazakhstan,3.0,0.0,"UEFA Nations League, League C, Gr. 3",126.0,1131.995112,111.0,1180.780449,-15.0,-48.78533700000003,1.4,2.6,0.0,1.0,2.0,3.0,1501.2147674300022,1503.0765404078168,-1.861772977814553,H
10023362,22/23,5,2022-09-23 18:45:00+00:00,finished,Finland,Romania,1.0,1.0,"UEFA Nations League, League B, Gr. 3",75.0,1341.922408,52.0,1455.894657,-23.0,-113.97224900000015,0.8,0.8,-0.4,-1.0,101.0,101.0,1522.3814739342454,1497.0642065899387,25.31726734430663,D
12057881,24/25,3,2024-10-12 18:45:00+00:00,finished,Spain,Denmark,1.0,0.0,"UEFA Nations League, League A, Gr. 4",1.0,1995.881879,21.0,1619.474248,20.0,376.40763100000004,2.0,2.4,1.0,1.4,34.0,34.0,1581.3742530526185,1573.4135494336697,7.960703618948855,H
10023348,22/23,6,2022-09-25 18:45:00+00:00,finished,Luxembourg,Lithuania,1.0,0.0,"UEFA Nations League, League C, Gr. 1",98.0,1232.81815,149.0,1056.850321,51.0,175.96782900000017,1.6,0.2,0.2,-2.2,3.0,3.0,1530.0690650421855,1384.1197512622844,145.9493137799011,H
12057929,24/25,1,2024-09-05 18:45:00+00:00,finished,Portugal,Croatia,2.0,1.0,"UEFA Nations League, League A, Gr. 1",7.0,1787.854725,13.0,1723.050142,6.0,64.80458299999987,1.8,2.6,1.6,1.0,709.0,711.0,1576.3460554721862,1487.0966560639401,89.24939940824606,H
12057919,24/25,1,2024-09-05 18:45:00+00:00,finished,Scotland,Poland,2.0,3.0,"UEFA Nations League, League A, Gr. 1",42.0,1491.223887,36.0,1526.183359,-6.0,-34.959472000000005,2.0,0.8,0.8,-1.4,709.0,711.0,1567.3169437650818,1471.6463473563392,95.67059640874254,A
12057882,24/25,1,2024-09-05 18:45:00+00:00,finished,Serbia,Spain,0.0,0.0,"UEFA Nations League, League A, Gr. 4",40.0,1502.133186,1.0,1995.881879,-39.0,-493.748693,2.6,2.0,1.8,0.6,709.0,709.0,1576.4496435347985,1561.2963470460113,15.153296488787191,D
10023449,22/23,6,2022-09-25 13:00:00+00:00,finished,Andorra,Latvia,1.0,1.0,"UEFA Nations League, League D, Gr. 1",172.0,946.429826,137.0,1085.660758,-35.0,-139.23093199999994,1.4,2.4,-0.2,1.4,2.0,2.0,1422.4643239288794,1518.869915432321,-96.40559150344166,D
12057926,24/25,3,2024-10-12 18:45:00+00:00,finished,Poland,Portugal,1.0,3.0,"UEFA Nations League, League A, Gr. 1",36.0,1526.183359,7.0,1787.854725,-29.0,-261.6713659999998,1.2,1.8,-0.4,0.8,34.0,34.0,1477.685434515247,1589.5305599557544,-111.84512544050745,A
12057880,24/25,1,2024-09-07 16:00:00+00:00,finished,Georgia,Czechia,4.0,1.0,"UEFA Nations League, League B, Gr. 1",72.0,1355.261687,48.0,1467.260216,-24.0,-111.99852899999996,2.6,0.2,1.8,-1.8,711.0,710.0,1613.8731363046272,1486.1558319386436,127.71730436598364,H
10023400,22/23,6,2022-09-25 16:00:00+00:00,finished,Slovakia,Belarus,1.0,1.0,"UEFA Nations League, League C, Gr. 3",45.0,1473.660727,96.0,1242.876029,51.0,230.78469799999993,1.2,0.4,-0.2,-0.8,2.0,3.0,1453.5494169662034,1506.2972567154086,-52.74783974920524,D
10225885,22/23,5,2022-09-22 16:00:00+00:00,finished,Latvia,Moldova,1.0,2.0,"UEFA Nations League, League D, Gr. 1",137.0,1085.660758,159.0,1008.240035,22.0,77.42072299999995,3.0,1.4,2.6,0.0,99.0,100.0,1532.8231806273727,1452.5612100023798,80.26197062499295,A
12057908,24/25,2,2024-09-09 18:45:00+00:00,finished,France,Belgium,2.0,0.0,"UEFA Nations League, League A, Gr. 2",3.0,1948.970817,8.0,1778.355242,5.0,170.6155749999998,0.8,2.0,-0.6,0.6,3.0,3.0,1513.73597996341,1581.7225946640776,-67.98661470066759,H
12057789,24/25,1,2024-09-05 18:45:00+00:00,finished,San Marino,Liechtenstein,1.0,0.0,"UEFA Nations League, League D, Gr. 1",211.0,721.201827,206.0,797.701009,-5.0,-76.49918200000002,0.2,0.0,-1.8,-1.6,710.0,711.0,1354.164155525548,1390.6035519619345,-36.43939643638646,H
12057831,24/25,1,2024-09-05 16:00:00+00:00,finished,Azerbaijan,Sweden,1.0,3.0,"UEFA Nations League, League C, Gr. 1",126.0,1131.995112,37.0,1525.578992,-89.0,-393.5838799999999,2.0,0.2,1.0,-1.2,711.0,708.0,1515.569106934445,1449.6210831514456,65.94802378299937,A
12057787,24/25,1,2024-09-07 16:00:00+00:00,finished,Moldova,Malta,2.0,0.0,"UEFA Nations League, League D, Gr. 2",159.0,1008.240035,161.0,992.793497,2.0,15.446538000000032,2.0,1.4,0.4,0.2,713.0,715.0,1476.1001377708653,1471.1617507547767,4.9383870160886545,H
10023318,22/23,5,2022-09-22 18:45:00+00:00,finished,Türkiye,Luxembourg,3.0,3.0,"UEFA Nations League, League C, Gr. 1",27.0,1582.54473,98.0,1232.81815,71.0,349.72658,2.4,1.6,2.4,0.2,100.0,100.0,1536.0823360021338,1527.9959592747632,8.086376727370634,D
10023448,22/23,6,2022-09-26 18:45:00+00:00,finished,North Macedonia,Bulgaria,0.0,1.0,"UEFA Nations League, League C, Gr. 4",69.0,1369.159317,85.0,1271.683325,16.0,97.47599200000013,1.4,1.2,0.2,0.2,3.0,3.0,1548.3039834906642,1478.818619705527,69.48536378513722,A
12057896,24/25,1,2024-09-07 18:45:00+00:00,finished,Netherlands,Bosnia & Herzegovina,5.0,2.0,"UEFA Nations League, League A, Gr. 3",9.0,1775.54224,61.0,1408.930486,52.0,366.611754,2.6,2.0,1.0,0.0,713.0,712.0,1597.6372248285716,1493.5074864875464,104.12973834102513,H
12057879,24/25,1,2024-09-07 18:45:00+00:00,finished,Ukraine,Albania,1.0,2.0,"UEFA Nations League, League B, Gr. 1",33.0,1549.287173,67.0,1376.033234,34.0,173.25393899999995,1.6,1.0,1.0,-0.2,711.0,711.0,1522.1973701873037,1471.656916416469,50.5404537708348,A
12057875,24/25,2,2024-09-10 18:45:00+00:00,finished,Czechia,Ukraine,3.0,2.0,"UEFA Nations League, League B, Gr. 1",48.0,1467.260216,33.0,1549.287173,-15.0,-82.02695700000004,0.0,1.0,-2.4,0.2,3.0,3.0,1477.4762392571452,1508.989248818112,-31.513009560966793,H
10023426,22/23,5,2022-09-23 16:00:00+00:00,finished,Georgia,North Macedonia,2.0,0.0,"UEFA Nations League, League C, Gr. 4",72.0,1355.261687,69.0,1369.159317,-3.0,-13.897630000000163,2.2,1.4,2.0,0.4,103.0,103.0,1596.4580927106683,1559.0046149221512,37.45347778851715,H
12057900,24/25,2,2024-09-10 18:45:00+00:00,finished,Netherlands,Germany,2.0,2.0,"UEFA Nations League, League A, Gr. 3",9.0,1775.54224,12.0,1726.218839,3.0,49.3234010000001,2.6,1.6,1.4,1.4,3.0,3.0,1607.2330246629995,1518.011895375184,89.22112928781553,D
12057778,24/25,4,2024-10-13 16:00:00+00:00,finished,Liechtenstein,Gibraltar,0.0,0.0,"UEFA Nations League, League D, Gr. 1",206.0,797.701009,202.0,820.260818,-4.0,-22.559808999999973,0.2,0.8,-1.4,-1.6,35.0,2.0,1384.237545520608,1420.8681940987085,-36.63064857810059,D
12057936,24/25,2,2024-09-08 18:45:00+00:00,finished,Portugal,Scotland,2.0,1.0,"UEFA Nations League, League A, Gr. 1",7.0,1787.854725,42.0,1491.223887,35.0,296.6308379999998,1.8,2.0,1.0,1.2,3.0,3.0,1582.176795423232,1552.996177711424,29.180617711808054,H
12057835,24/25,3,2024-10-11 18:45:00+00:00,finished,Iceland,Wales,2.0,2.0,"UEFA Nations League, League B, Gr. 4",74.0,1342.771961,38.0,1516.946629,-36.0,-174.1746680000001,1.2,0.8,0.0,-0.4,32.0,32.0,1405.132066890509,1512.679204119236,-107.54713722872702,D
12057895,24/25,3,2024-10-11 18:45:00+00:00,finished,Bosnia & Herzegovina,Germany,1.0,2.0,"UEFA Nations League, League A, Gr. 3",61.0,1408.930486,12.0,1726.218839,-49.0,-317.2883529999999,1.4,1.6,-0.8,1.4,31.0,31.0,1486.9590326598402,1522.1804831615607,-35.22145050172048,A
12265085,24/25,5,2024-11-15 19:45:00+00:00,finished,San Marino,Gibraltar,1.0,1.0,"UEFA Nations League, League D, Gr. 1",211.0,721.201827,202.0,820.260818,-9.0,-99.05899099999999,0.6,1.0,-1.4,-0.8,36.0,33.0,1356.5571685316013,1421.6829197995685,-65.12575126796719,D
12057923,24/25,3,2024-10-12 16:00:00+00:00,finished,Croatia,Scotland,2.0,1.0,"UEFA Nations League, League A, Gr. 1",13.0,1723.050142,42.0,1491.223887,29.0,231.82625499999995,2.4,1.4,0.8,0.4,33.0,33.0,1489.5475950076443,1545.6424131789017,-56.09481817125743,H
12057876,24/25,3,2024-10-11 18:45:00+00:00,finished,Czechia,Albania,2.0,0.0,"UEFA Nations League, League B, Gr. 1",48.0,1467.260216,67.0,1376.033234,19.0,91.22698199999991,0.6,0.8,-1.8,-0.4,31.0,31.0,1486.5153797325852,1476.9271590256708,9.588220706914399,H
12057798,24/25,1,2024-09-07 13:00:00+00:00,finished,Faroe Islands,North Macedonia,1.0,1.0,"UEFA Nations League, League C, Gr. 4",123.0,1136.585036,69.0,1369.159317,-54.0,-232.57428100000016,1.6,1.2,0.2,0.0,712.0,711.0,1490.688285259634,1534.6155816070932,-43.927296347459105,D
12057869,24/25,5,2024-11-16 17:00:00+00:00,finished,Georgia,Ukraine,1.0,1.0,"UEFA Nations League, League B, Gr. 1",72.0,1355.261687,33.0,1549.287173,-39.0,-194.025486,1.8,1.0,0.6,-0.2,33.0,32.0,1603.0528193485864,1509.5935206993793,93.45929864920708,D
12057840,24/25,4,2024-10-14 18:45:00+00:00,finished,Iceland,Türkiye,2.0,4.0,"UEFA Nations League, League B, Gr. 4",74.0,1342.771961,27.0,1582.54473,-47.0,-239.77276900000015,1.2,1.6,0.0,0.4,3.0,3.0,1406.3505868122252,1540.6060637669975,-134.25547695477235,A
12057821,24/25,3,2024-10-11 18:45:00+00:00,finished,Slovakia,Sweden,2.0,2.0,"UEFA Nations League, League C, Gr. 1",45.0,1473.660727,37.0,1525.578992,-8.0,-51.91826500000002,1.4,1.4,0.2,0.2,33.0,33.0,1479.7339579242403,1485.0743900549705,-5.340432130730278,D
12057782,24/25,2,2024-09-10 18:45:00+00:00,finished,Andorra,Malta,0.0,1.0,"UEFA Nations League, League D, Gr. 2",172.0,946.429826,161.0,992.793497,-11.0,-46.363670999999954,1.6,1.2,0.4,-0.2,716.0,3.0,1423.365795598036,1459.1410996417517,-35.77530404371578,A
12057810,24/25,1,2024-09-05 18:45:00+00:00,finished,Northern Ireland,Luxembourg,2.0,0.0,"UEFA Nations League, League C, Gr. 3",70.0,1365.296485,98.0,1232.81815,28.0,132.47833500000002,1.0,1.6,-0.4,0.0,709.0,711.0,1415.0733926634828,1534.647809852615,-119.57441718913219,H
12057905,24/25,3,2024-10-10 18:45:00+00:00,finished,Italy,Belgium,2.0,2.0,"UEFA Nations League, League A, Gr. 2",15.0,1704.733836,8.0,1778.355242,-7.0,-73.62140599999998,2.4,1.8,0.6,0.2,31.0,31.0,1581.684503060192,1566.5936553183594,15.090847741832476,D
12057904,24/25,2,2024-09-10 18:45:00+00:00,finished,Hungary,Bosnia & Herzegovina,0.0,0.0,"UEFA Nations League, League A, Gr. 3",39.0,1506.393663,61.0,1408.930486,22.0,97.46317700000009,1.4,1.4,-0.4,-0.8,3.0,3.0,1528.2603118395257,1483.9116866531185,44.34862518640716,D
12057924,24/25,2,2024-09-08 18:45:00+00:00,finished,Croatia,Poland,1.0,0.0,"UEFA Nations League, League A, Gr. 1",13.0,1723.050142,36.0,1526.183359,23.0,196.86678299999994,2.4,1.4,0.8,-0.2,3.0,3.0,1481.2659161128943,1485.967113409997,-4.701197297102681,H
12057927,24/25,4,2024-10-15 18:45:00+00:00,finished,Poland,Croatia,3.0,3.0,"UEFA Nations League, League A, Gr. 1",36.0,1526.183359,13.0,1723.050142,-23.0,-196.86678299999994,1.2,2.4,-0.6,0.8,3.0,3.0,1464.6957338640664,1499.2913393848846,-34.59560552081825,D
12057779,24/25,2,2024-09-09 18:45:00+00:00,finished,Romania,Lithuania,3.0,1.0,"UEFA Nations League, League C, Gr. 2",52.0,1455.894657,149.0,1056.850321,97.0,399.04433600000016,2.0,0.2,0.8,-1.0,3.0,3.0,1535.710347495148,1368.7753421522493,166.93500534289865,H
12057786,24/25,2,2024-09-08 16:00:00+00:00,finished,Gibraltar,Liechtenstein,2.0,2.0,"UEFA Nations League, League D, Gr. 1",202.0,820.260818,206.0,797.701009,4.0,22.559808999999973,0.2,0.0,-2.2,-1.6,712.0,2.0,1416.8952006634354,1381.423745557302,35.47145510613336,D
12057830,24/25,2,2024-09-08 16:00:00+00:00,finished,Slovakia,Azerbaijan,2.0,0.0,"UEFA Nations League, League C, Gr. 1",45.0,1473.660727,126.0,1131.995112,81.0,341.6656149999999,1.4,1.8,0.0,0.6,2.0,3.0,1466.2877384433425,1495.1689397112066,-28.88120126786407,H
12057814,24/25,2,2024-09-08 13:00:00+00:00,finished,Luxembourg,Belarus,0.0,1.0,"UEFA Nations League, League C, Gr. 3",98.0,1232.81815,96.0,1242.876029,-2.0,-10.057878999999957,1.0,0.6,-0.6,-0.6,2.0,2.0,1517.310831746741,1504.4104435289248,12.900388217816271,A
12057785,24/25,4,2024-10-13 16:00:00+00:00,finished,Malta,Moldova,1.0,0.0,"UEFA Nations League, League D, Gr. 2",161.0,992.793497,159.0,1008.240035,-2.0,-15.446538000000032,1.2,3.0,-0.4,1.6,32.0,3.0,1469.9802757695977,1497.3618188486319,-27.381543079034145,H
12057805,24/25,1,2024-09-05 18:45:00+00:00,finished,Belarus,Bulgaria,0.0,0.0,"UEFA Nations League, League C, Gr. 3",96.0,1242.876029,85.0,1271.683325,-11.0,-28.80729599999995,0.6,1.6,-0.6,0.4,711.0,710.0,1506.6497561254835,1492.507021589098,14.142734536385433,D
12057885,24/25,2,2024-09-08 18:45:00+00:00,finished,Switzerland,Spain,1.0,4.0,"UEFA Nations League, League A, Gr. 4",14.0,1710.884769,1.0,1995.881879,-13.0,-284.99711,1.8,2.0,0.0,0.6,3.0,3.0,1504.738022446462,1563.563269353521,-58.825246907058954,A
12057799,24/25,1,2024-09-07 16:00:00+00:00,finished,Armenia,Latvia,4.0,1.0,"UEFA Nations League, League C, Gr. 4",107.0,1189.632762,137.0,1085.660758,30.0,103.97200399999997,0.0,2.0,-2.8,0.8,710.0,713.0,1470.7612240304256,1517.9684437631645,-47.20721973273885,H
12057922,24/25,4,2024-10-15 18:45:00+00:00,finished,Scotland,Portugal,0.0,0.0,"UEFA Nations League, League A, Gr. 1",42.0,1491.223887,7.0,1787.854725,-35.0,-296.6308379999998,0.8,2.4,-0.4,1.4,3.0,3.0,1535.8986688016614,1602.520260606935,-66.62159180527351,D
12057870,24/25,4,2024-10-14 18:45:00+00:00,finished,Ukraine,Czechia,1.0,1.0,"UEFA Nations League, League B, Gr. 1",33.0,1549.287173,48.0,1467.260216,15.0,82.02695700000004,1.4,1.2,0.8,-1.0,3.0,3.0,1511.8144534006854,1498.3437238731278,13.470729527557523,D
12057819,24/25,2,2024-09-09 16:00:00+00:00,finished,Cyprus,Kosovo,0.0,4.0,"UEFA Nations League, League C, Gr. 2",124.0,1133.247165,78.0,1319.120924,-46.0,-185.87375900000006,1.4,1.2,-1.0,-0.2,3.0,2.0,1428.6526008813837,1507.0482419758268,-78.39564109444314,A
12198109,24/25,1,2024-09-06 16:00:00+00:00,finished,Lithuania,Cyprus,0.0,1.0,"UEFA Nations League, League C, Gr. 2",149.0,1056.850321,124.0,1133.247165,-25.0,-76.3968440000001,0.2,1.0,-2.0,-1.2,711.0,709.0,1379.5410064518549,1417.8869365817782,-38.34593012992332,A
12057854,24/25,2,2024-09-09 18:45:00+00:00,finished,Slovenia,Kazakhstan,3.0,0.0,"UEFA Nations League, League B, Gr. 3",56.0,1441.087158,111.0,1180.780449,55.0,260.30670899999996,1.4,1.6,0.2,-0.2,3.0,3.0,1505.7370930931127,1488.4203471509225,17.31674594219021,H
12057817,24/25,1,2024-09-06 18:45:00+00:00,finished,Kosovo,Romania,0.0,3.0,"UEFA Nations League, League C, Gr. 2",78.0,1319.120924,52.0,1455.894657,-26.0,-136.773733,1.2,1.4,0.2,0.0,710.0,711.0,1528.4687718481537,1514.2898176228211,14.178954225332518,A
12057883,24/25,4,2024-10-15 18:45:00+00:00,finished,Switzerland,Denmark,2.0,2.0,"UEFA Nations League, League A, Gr. 4",14.0,1710.884769,21.0,1619.474248,7.0,91.41052100000002,1.2,1.8,-1.0,0.8,3.0,3.0,1477.644217294737,1565.483193236062,-87.83897594132509,D
12057867,24/25,4,2024-10-13 16:00:00+00:00,finished,Finland,England,1.0,3.0,"UEFA Nations League, League B, Gr. 2",75.0,1341.922408,4.0,1922.831632,-71.0,-580.909224,0.8,1.4,-0.8,0.4,2.0,2.0,1498.4559813811538,1501.8860866866162,-3.430105305462348,A
12057915,24/25,2,2024-09-09 18:45:00+00:00,finished,Israel,Italy,1.0,2.0,"UEFA Nations League, League A, Gr. 2",76.0,1333.904007,15.0,1704.733836,-61.0,-370.829829,1.6,2.0,0.0,0.4,3.0,3.0,1507.952396601947,1571.646928854847,-63.69453225289999,A
12057850,24/25,3,2024-10-10 18:45:00+00:00,finished,Norway,Slovenia,3.0,0.0,"UEFA Nations League, League B, Gr. 3",19.0,1651.286867,56.0,1441.087158,37.0,210.19970899999998,1.4,1.8,-0.2,0.8,31.0,31.0,1550.4288646002199,1519.166755152965,31.262109447254943,H
12057841,24/25,1,2024-09-06 18:45:00+00:00,finished,Iceland,Montenegro,2.0,0.0,"UEFA Nations League, League B, Gr. 4",74.0,1342.771961,80.0,1301.977191,6.0,40.79476999999997,0.8,0.8,-0.8,-0.4,710.0,711.0,1395.3450710634186,1524.2294423186597,-128.88437125524115,H
12057849,24/25,1,2024-09-06 14:00:00+00:00,finished,Kazakhstan,Norway,0.0,0.0,"UEFA Nations League, League B, Gr. 3",111.0,1180.780449,19.0,1651.286867,-92.0,-470.50641799999994,2.0,1.4,0.0,-0.2,711.0,709.0,1488.722200903374,1543.2315403938182,-54.50933949044429,D
12057886,24/25,3,2024-10-12 18:45:00+00:00,finished,Serbia,Switzerland,2.0,0.0,"UEFA Nations League, League A, Gr. 4",40.0,1502.133186,14.0,1710.884769,-26.0,-208.75158299999998,1.6,1.8,0.6,-0.4,34.0,34.0,1561.3872834325593,1486.9270387473646,74.46024468519477,H
12057823,24/25,4,2024-10-14 16:00:00+00:00,finished,Azerbaijan,Slovakia,1.0,3.0,"UEFA Nations League, League C, Gr. 1",126.0,1131.995112,45.0,1473.660727,-81.0,-341.6656149999999,1.2,1.6,-0.4,0.4,3.0,2.0,1469.0500923717648,1478.0334978592484,-8.983405487483651,A
12057913,24/25,4,2024-10-14 18:45:00+00:00,finished,Italy,Israel,4.0,1.0,"UEFA Nations League, League A, Gr. 2",15.0,1704.733836,76.0,1333.904007,61.0,370.829829,2.6,0.8,1.2,-1.0,4.0,4.0,1579.4192858733163,1478.705231023854,100.7140548494624,H
12057860,24/25,4,2024-10-13 18:45:00+00:00,finished,Greece,Ireland,2.0,0.0,"UEFA Nations League, League B, Gr. 2",46.0,1473.187305,55.0,1441.096901,9.0,32.090404000000035,2.4,1.2,1.4,-0.6,3.0,3.0,1603.1487655221497,1448.5638043238534,154.58496119829624,H
12057828,24/25,5,2024-11-16 14:00:00+00:00,finished,Azerbaijan,Estonia,0.0,0.0,"UEFA Nations League, League C, Gr. 1",126.0,1131.995112,127.0,1130.63629,1.0,1.3588220000001456,0.6,1.2,-1.0,-0.2,32.0,32.0,1451.6524014186605,1463.1532225008286,-11.500821082168159,D
12057868,24/25,1,2024-09-07 18:45:00+00:00,finished,Greece,Finland,3.0,0.0,"UEFA Nations League, League B, Gr. 2",46.0,1473.187305,75.0,1341.922408,29.0,131.26489700000002,2.4,1.4,1.4,0.4,711.0,712.0,1568.8045092372877,1538.5636695648182,30.24083967246952,H
12057802,24/25,2,2024-09-10 16:00:00+00:00,finished,Latvia,Faroe Islands,1.0,0.0,"UEFA Nations League, League C, Gr. 4",137.0,1085.660758,123.0,1136.585036,-14.0,-50.92427799999996,1.4,1.8,0.0,0.4,3.0,3.0,1501.363866528351,1490.082506732914,11.281359795437083,H
12057834,24/25,5,2024-11-16 17:00:00+00:00,finished,Montenegro,Iceland,0.0,2.0,"UEFA Nations League, League B, Gr. 4",80.0,1301.977191,74.0,1342.771961,-6.0,-40.79476999999997,0.0,1.0,-1.4,-0.4,32.0,32.0,1479.907373916738,1394.30160424073,85.60576967600787,A
12057907,24/25,4,2024-10-14 18:45:00+00:00,finished,Belgium,France,1.0,2.0,"UEFA Nations League, League A, Gr. 2",8.0,1778.355242,3.0,1948.970817,-5.0,-170.6155749999998,1.4,1.8,0.0,0.6,4.0,4.0,1568.858872505235,1548.0745106818763,20.784361823358722,A
15534149,26/27,3,2026-10-03 16:00:00+00:00,notstarted,Belarus,San Marino,,,"UEFA Nations League, League C, Gr. 1",96.0,1242.876029,211.0,721.201827,115.0,521.674202,,,,,,,1497.3686803620212,1375.4368861114942,121.93179425052699,
12057859,24/25,2,2024-09-10 18:45:00+00:00,finished,Ireland,Greece,0.0,2.0,"UEFA Nations League, League B, Gr. 2",55.0,1441.096901,46.0,1473.187305,-9.0,-32.090404000000035,1.4,2.4,0.2,1.8,3.0,3.0,1446.6946311173187,1581.6239745567527,-134.92934343943398,A
12057878,24/25,2,2024-09-10 18:45:00+00:00,finished,Albania,Georgia,0.0,1.0,"UEFA Nations League, League B, Gr. 1",67.0,1376.033234,72.0,1355.261687,5.0,20.771547000000055,1.0,2.6,-0.2,1.8,3.0,3.0,1484.8650377856607,1622.5527289861257,-137.687691200465,A
12057891,24/25,2,2024-09-08 16:00:00+00:00,finished,Denmark,Serbia,2.0,0.0,"UEFA Nations League, League A, Gr. 4",21.0,1619.474248,40.0,1502.133186,19.0,117.34106199999997,1.8,2.2,0.8,1.2,2.0,2.0,1560.6181116389403,1574.1827212272888,-13.564609588348503,H
12057903,24/25,1,2024-09-07 18:45:00+00:00,finished,Germany,Hungary,5.0,0.0,"UEFA Nations League, League A, Gr. 3",12.0,1726.218839,39.0,1506.393663,27.0,219.82517599999983,1.2,1.4,0.4,0.4,712.0,712.0,1498.970717698708,1547.3014895160015,-48.33077181729345,H
12057851,24/25,2,2024-09-09 18:45:00+00:00,finished,Norway,Austria,2.0,1.0,"UEFA Nations League, League B, Gr. 3",19.0,1651.286867,23.0,1598.822839,4.0,52.4640280000001,1.0,0.4,-0.4,-1.2,3.0,3.0,1543.5333941462698,1496.9903811772708,46.54301296899894,H
12057807,24/25,3,2024-10-12 18:45:00+00:00,finished,Belarus,Northern Ireland,0.0,0.0,"UEFA Nations League, League C, Gr. 3",96.0,1242.876029,70.0,1365.296485,-26.0,-122.42045600000006,1.0,1.4,-0.4,0.0,34.0,34.0,1516.6157645234284,1425.919656625332,90.69610789809644,D
12057901,24/25,4,2024-10-14 18:45:00+00:00,finished,Germany,Netherlands,1.0,0.0,"UEFA Nations League, League A, Gr. 3",12.0,1726.218839,9.0,1775.54224,-3.0,-49.3234010000001,1.6,2.2,1.0,1.2,3.0,3.0,1533.035486084669,1602.6947104134651,-69.6592243287962,H
12057800,24/25,2,2024-09-10 18:45:00+00:00,finished,North Macedonia,Armenia,2.0,0.0,"UEFA Nations League, League C, Gr. 4",69.0,1369.159317,107.0,1189.632762,38.0,179.52655500000014,0.8,0.6,-0.4,-1.8,3.0,3.0,1535.2213601338133,1487.365801265239,47.855558868574235,H
12057788,24/25,3,2024-10-10 16:00:00+00:00,finished,Moldova,Andorra,2.0,0.0,"UEFA Nations League, League D, Gr. 2",159.0,1008.240035,172.0,946.429826,13.0,61.810208999999986,2.4,1.4,0.8,0.2,33.0,29.0,1488.1207888838903,1412.5266194701899,75.59416941370046,H
12057838,24/25,5,2024-11-16 17:00:00+00:00,finished,Türkiye,Wales,0.0,0.0,"UEFA Nations League, League B, Gr. 4",27.0,1582.54473,38.0,1516.946629,11.0,65.59810100000004,2.0,1.6,0.8,0.2,32.0,32.0,1552.6550463384926,1518.9519837734435,33.703062565049095,D
12057806,24/25,6,2024-11-18 19:45:00+00:00,finished,Luxembourg,Northern Ireland,2.0,2.0,"UEFA Nations League, League C, Gr. 3",98.0,1232.81815,70.0,1365.296485,-28.0,-132.47833500000002,0.4,2.0,-0.8,1.6,3.0,3.0,1496.1929949113967,1465.1605315320776,31.032463379319097,D
12057801,24/25,3,2024-10-10 16:00:00+00:00,finished,Latvia,North Macedonia,0.0,3.0,"UEFA Nations League, League C, Gr. 4",137.0,1085.660758,69.0,1369.159317,-68.0,-283.4985590000001,1.4,1.4,-0.2,0.6,30.0,29.0,1509.2029238692135,1545.5134205210543,-36.31049665184082,A
12057871,24/25,4,2024-10-14 16:00:00+00:00,finished,Georgia,Albania,0.0,1.0,"UEFA Nations League, League B, Gr. 1",72.0,1355.261687,67.0,1376.033234,-5.0,-20.771547000000055,2.4,0.8,1.2,-0.6,2.0,2.0,1618.626262688102,1465.0988148851281,153.52744780297394,A
12057842,24/25,3,2024-10-11 18:45:00+00:00,finished,Türkiye,Montenegro,1.0,0.0,"UEFA Nations League, League B, Gr. 4",27.0,1582.54473,80.0,1301.977191,53.0,280.5675390000001,1.6,0.6,0.6,-0.6,32.0,32.0,1533.5137104784885,1494.4910267811708,39.02268369731769,H
12057855,24/25,4,2024-10-13 18:45:00+00:00,finished,Austria,Norway,5.0,1.0,"UEFA Nations League, League B, Gr. 3",23.0,1598.822839,19.0,1651.286867,-4.0,-52.4640280000001,0.8,1.4,-0.2,0.2,3.0,3.0,1504.596943586858,1563.2006069452636,-58.60366335840558,H
12057893,24/25,6,2024-11-19 19:45:00+00:00,finished,Bosnia & Herzegovina,Netherlands,1.0,1.0,"UEFA Nations League, League A, Gr. 3",61.0,1408.930486,9.0,1775.54224,-52.0,-366.611754,0.2,1.6,-2.6,1.2,3.0,3.0,1446.963966722963,1605.2582426482472,-158.29427592528418,D
12057784,24/25,5,2024-11-16 17:00:00+00:00,finished,Andorra,Moldova,0.0,1.0,"UEFA Nations League, League D, Gr. 2",172.0,946.429826,159.0,1008.240035,-13.0,-61.810208999999986,0.8,2.4,-0.4,1.2,37.0,34.0,1403.2855895054483,1488.4403536694062,-85.1547641639579,A
12057777,24/25,5,2024-11-15 17:00:00+00:00,finished,Cyprus,Lithuania,2.0,1.0,"UEFA Nations League, League C, Gr. 2",124.0,1133.247165,149.0,1056.850321,25.0,76.3968440000001,0.6,0.0,-2.6,-1.2,30.0,30.0,1388.051035000819,1348.9855754827313,39.065459518087664,H
15534238,26/27,3,2026-10-01 16:00:00+00:00,notstarted,Azerbaijan,Liechtenstein,,,"UEFA Nations League, League D, Gr. 2",126.0,1131.995112,206.0,797.701009,80.0,334.29410300000006,,,,,,,1436.4775444702514,1364.546721652135,71.93082281811644,
12057917,24/25,6,2024-11-18 19:45:00+00:00,finished,Croatia,Portugal,1.0,1.0,"UEFA Nations League, League A, Gr. 1",13.0,1723.050142,7.0,1787.854725,-6.0,-64.80458299999987,1.4,2.6,0.0,1.6,3.0,3.0,1492.9862262341478,1611.340015753921,-118.35378951977327,D
12057794,24/25,4,2024-10-13 18:45:00+00:00,finished,Faroe Islands,Latvia,1.0,1.0,"UEFA Nations League, League C, Gr. 4",123.0,1136.585036,137.0,1085.660758,14.0,50.92427799999996,1.2,0.8,0.0,-1.2,3.0,3.0,1480.2508223442064,1490.2611363908804,-10.010314046674011,D
12057813,24/25,3,2024-10-12 16:00:00+00:00,finished,Bulgaria,Luxembourg,0.0,0.0,"UEFA Nations League, League C, Gr. 3",85.0,1271.683325,98.0,1232.81815,13.0,38.86517499999991,2.2,1.0,1.2,-0.4,34.0,34.0,1501.2370483296813,1505.1055107522375,-3.8684624225561492,D
12057930,24/25,5,2024-11-15 19:45:00+00:00,finished,Portugal,Poland,5.0,1.0,"UEFA Nations League, League A, Gr. 1",7.0,1787.854725,36.0,1526.183359,29.0,261.6713659999998,2.0,1.4,0.6,-0.2,31.0,31.0,1602.473587781867,1463.8228521297199,138.6507356521472,H
15537726,26/27,1,2026-09-24 16:00:00+00:00,notstarted,Andorra,Malta,,,"UEFA Nations League, League D, Gr. 1",172.0,946.429826,161.0,992.793497,-11.0,-46.363670999999954,,,,,,,1397.9336219880452,1474.833159372602,-76.89953738455688,
12057910,24/25,3,2024-10-12 13:00:00+00:00,finished,Lithuania,Kosovo,1.0,2.0,"UEFA Nations League, League C, Gr. 2",149.0,1056.850321,78.0,1319.120924,-71.0,-262.27060300000016,0.2,1.2,-1.2,0.4,32.0,32.0,1362.525956403385,1525.075679586721,-162.54972318333603,A
12057902,24/25,4,2024-10-14 18:45:00+00:00,finished,Bosnia & Herzegovina,Hungary,0.0,2.0,"UEFA Nations League, League A, Gr. 3",61.0,1408.930486,39.0,1506.393663,-22.0,-97.46317700000009,0.8,1.0,-1.2,-1.2,3.0,3.0,1476.104029736732,1525.5826922959616,-49.47866255922963,A
12057862,24/25,3,2024-10-10 18:45:00+00:00,finished,England,Greece,1.0,2.0,"UEFA Nations League, League B, Gr. 2",4.0,1922.831632,46.0,1473.187305,42.0,449.644327,1.4,2.4,-0.2,1.6,30.0,30.0,1511.3898514978878,1593.645000710878,-82.25514921299032,A
12057920,24/25,6,2024-11-18 19:45:00+00:00,finished,Poland,Scotland,1.0,2.0,"UEFA Nations League, League A, Gr. 1",36.0,1526.183359,42.0,1491.223887,6.0,34.959472000000005,0.8,0.8,-1.2,-0.4,3.0,3.0,1454.9564241576659,1543.1233365118126,-88.16691235414669,A
15537766,26/27,3,2026-10-01 18:45:00+00:00,notstarted,Malta,Gibraltar,,,"UEFA Nations League, League D, Gr. 1",161.0,992.793497,202.0,820.260818,41.0,172.53267900000003,,,,,,,1474.833159372602,1421.6793003872885,53.15385898531349,
15534144,26/27,4,2026-10-06 18:45:00+00:00,notstarted,Albania,San Marino,,,"UEFA Nations League, League C, Gr. 1",67.0,1376.033234,211.0,721.201827,144.0,654.831407,,,,,,,1468.5050528513927,1375.4368861114942,93.06816673989852,
12057888,24/25,4,2024-10-15 18:45:00+00:00,finished,Spain,Serbia,3.0,0.0,"UEFA Nations League, League A, Gr. 4",1.0,1995.881879,40.0,1502.133186,39.0,493.748693,2.0,2.0,0.8,1.0,3.0,3.0,1589.3046092502261,1570.670104885187,18.63450436503922,H
12057874,24/25,3,2024-10-11 18:45:00+00:00,finished,Ukraine,Georgia,1.0,0.0,"UEFA Nations League, League B, Gr. 1",33.0,1549.287173,72.0,1355.261687,39.0,194.025486,0.8,2.6,0.0,1.4,31.0,31.0,1499.950108342672,1630.4906077461155,-130.54049940344362,H
12057894,24/25,6,2024-11-19 19:45:00+00:00,finished,Hungary,Germany,1.0,1.0,"UEFA Nations League, League A, Gr. 3",39.0,1506.393663,12.0,1726.218839,-27.0,-219.82517599999983,1.0,2.6,-1.4,2.8,3.0,3.0,1528.554729408741,1556.6399797508764,-28.085250342135396,D
12057906,24/25,5,2024-11-14 19:45:00+00:00,finished,Belgium,Italy,0.0,1.0,"UEFA Nations League, League A, Gr. 2",8.0,1778.355242,15.0,1704.733836,7.0,73.62140599999998,0.8,2.6,-0.4,1.6,31.0,31.0,1556.4387802211188,1589.1526388977254,-32.713858676606606,A
12057916,24/25,5,2024-11-14 19:45:00+00:00,finished,France,Israel,0.0,0.0,"UEFA Nations League, League A, Gr. 2",3.0,1948.970817,76.0,1333.904007,73.0,615.0668099999998,1.8,0.6,0.4,-1.6,31.0,31.0,1560.4946029659925,1468.9718779994448,91.52272496654768,D
12057833,24/25,6,2024-11-19 19:45:00+00:00,finished,Wales,Iceland,4.0,1.0,"UEFA Nations League, League B, Gr. 4",38.0,1516.946629,74.0,1342.771961,36.0,174.1746680000001,1.8,1.4,0.4,0.0,3.0,3.0,1521.7188483613081,1415.4249646805292,106.29388368077889,H
12057861,24/25,6,2024-11-17 17:00:00+00:00,finished,England,Ireland,5.0,0.0,"UEFA Nations League, League B, Gr. 2",4.0,1922.831632,55.0,1441.096901,51.0,481.734731,2.4,1.2,1.6,-0.8,2.0,2.0,1544.3541863037617,1451.2047197275351,93.14946657622659,H
12057853,24/25,3,2024-10-10 18:45:00+00:00,finished,Austria,Kazakhstan,4.0,0.0,"UEFA Nations League, League B, Gr. 3",23.0,1598.822839,111.0,1180.780449,88.0,418.04238999999984,0.2,1.4,-1.4,-0.8,31.0,31.0,1490.0949107233207,1474.9906850910702,15.104225632250518,H
12057825,24/25,3,2024-10-12 18:45:00+00:00,finished,Cyprus,Romania,0.0,3.0,"UEFA Nations League, League C, Gr. 2",124.0,1133.247165,52.0,1455.894657,-72.0,-322.64749200000006,1.4,2.0,-1.2,1.0,33.0,33.0,1410.6251632704896,1541.9597332440123,-131.33456997352278,A
12057872,24/25,2,2024-09-10 18:45:00+00:00,finished,England,Finland,2.0,0.0,"UEFA Nations League, League B, Gr. 2",4.0,1922.831632,75.0,1341.922408,71.0,580.909224,1.0,0.8,-0.6,-0.6,3.0,3.0,1497.9918279943486,1525.744204245353,-27.752376251004534,H
12057911,24/25,6,2024-11-17 19:45:00+00:00,finished,Italy,France,1.0,3.0,"UEFA Nations League, League A, Gr. 2",15.0,1704.733836,3.0,1948.970817,-12.0,-244.2369809999998,2.6,2.0,1.4,0.8,3.0,3.0,1600.0792430716926,1556.271432976687,43.80781009500561,A
12057965,24/25,6,2024-11-17 19:45:00+00:00,finished,Israel,Belgium,1.0,0.0,"UEFA Nations League, League A, Gr. 2",76.0,1333.904007,8.0,1778.355242,-68.0,-444.451235,0.2,0.8,-1.8,-0.4,3.0,3.0,1473.1950479887503,1545.5121760471516,-72.3171280584013,H
12057866,24/25,5,2024-11-16 19:45:00+00:00,finished,Albania,Czechia,0.0,0.0,"UEFA Nations League, League B, Gr. 1",67.0,1376.033234,48.0,1467.260216,-19.0,-91.22698199999991,1.4,1.4,-0.2,-0.2,33.0,33.0,1480.6722582246439,1500.564656574434,-19.892398349790028,D
12057884,24/25,5,2024-11-15 19:45:00+00:00,finished,Denmark,Spain,1.0,2.0,"UEFA Nations League, League A, Gr. 4",21.0,1619.474248,1.0,1995.881879,-20.0,-376.40763100000004,2.0,2.6,1.0,1.6,31.0,31.0,1564.826779892934,1602.6715434528164,-37.844763559882495,A
12057818,24/25,4,2024-10-15 18:45:00+00:00,finished,Kosovo,Cyprus,3.0,0.0,"UEFA Nations League, League C, Gr. 2",78.0,1319.120924,124.0,1133.247165,46.0,185.87375900000006,1.8,1.2,1.0,-1.8,3.0,3.0,1532.3394975275717,1396.426356996968,135.91314053060364,H
12057899,24/25,5,2024-11-16 19:45:00+00:00,finished,Germany,Bosnia & Herzegovina,7.0,0.0,"UEFA Nations League, League A, Gr. 3",12.0,1726.218839,61.0,1408.930486,49.0,317.2883529999999,2.2,0.2,1.4,-1.8,33.0,33.0,1543.1695813024005,1460.434365171439,82.73521613096159,H
12057826,24/25,4,2024-10-14 18:45:00+00:00,finished,Estonia,Sweden,0.0,3.0,"UEFA Nations League, League C, Gr. 1",127.0,1130.63629,37.0,1525.578992,-90.0,-394.94270200000005,1.8,1.6,0.6,0.4,3.0,3.0,1483.7417565728276,1486.7748501199624,-3.03309354713474,A
12057804,24/25,4,2024-10-15 18:45:00+00:00,finished,Northern Ireland,Bulgaria,5.0,0.0,"UEFA Nations League, League C, Gr. 3",70.0,1365.296485,85.0,1271.683325,15.0,93.61316000000011,1.4,2.2,0.0,1.2,3.0,3.0,1430.1232583719373,1499.495476495173,-69.37221812323583,H
12057918,24/25,5,2024-11-15 19:45:00+00:00,finished,Scotland,Croatia,1.0,0.0,"UEFA Nations League, League A, Gr. 1",42.0,1491.223887,13.0,1723.050142,-29.0,-231.82625499999995,0.4,2.0,-0.6,0.6,31.0,31.0,1535.9453416267293,1500.1642211192311,35.781120507498144,H
12057776,24/25,6,2024-11-19 19:45:00+00:00,finished,Malta,Andorra,0.0,0.0,"UEFA Nations League, League D, Gr. 2",161.0,992.793497,172.0,946.429826,11.0,46.363670999999954,1.8,0.8,0.0,-0.4,37.0,3.0,1478.9017409488233,1393.8650404118239,85.03670053699943,D
12057803,24/25,5,2024-11-15 19:45:00+00:00,finished,Northern Ireland,Belarus,2.0,0.0,"UEFA Nations League, League C, Gr. 3",70.0,1365.296485,96.0,1242.876029,26.0,122.42045600000006,1.4,1.4,0.8,0.2,31.0,31.0,1450.3749301937157,1510.4086103380578,-60.03368014434204,H
12057822,24/25,3,2024-10-11 16:00:00+00:00,finished,Estonia,Azerbaijan,3.0,1.0,"UEFA Nations League, League C, Gr. 1",127.0,1130.63629,126.0,1131.995112,-1.0,-1.3588220000001456,1.8,1.8,0.4,0.4,32.0,33.0,1471.0691287142836,1481.7227202303088,-10.653591516025244,H
12057898,24/25,6,2024-11-18 19:45:00+00:00,finished,Spain,Switzerland,3.0,2.0,"UEFA Nations League, League A, Gr. 4",1.0,1995.881879,14.0,1710.884769,13.0,284.99711,2.6,0.4,1.6,-1.4,3.0,3.0,1613.451546328449,1478.703438068346,134.74810826010298,H
12057877,24/25,6,2024-11-19 19:45:00+00:00,finished,Albania,Ukraine,1.0,2.0,"UEFA Nations League, League B, Gr. 1",67.0,1376.033234,33.0,1549.287173,-34.0,-173.25393899999995,1.4,1.0,-0.2,-0.2,3.0,3.0,1479.3812028956552,1513.862380579522,-34.48117768386692,A
12057839,24/25,6,2024-11-19 19:45:00+00:00,finished,Montenegro,Türkiye,3.0,1.0,"UEFA Nations League, League B, Gr. 4",80.0,1301.977191,27.0,1582.54473,-53.0,-280.5675390000001,0.0,2.2,-1.4,1.0,3.0,3.0,1458.7840134769388,1549.888181750628,-91.10416827368931,H
12057797,24/25,3,2024-10-10 18:45:00+00:00,finished,Faroe Islands,Armenia,2.0,2.0,"UEFA Nations League, League C, Gr. 4",123.0,1136.585036,107.0,1189.632762,-16.0,-53.04772600000001,1.2,0.6,0.0,-1.6,30.0,30.0,1482.2434493920516,1477.073740877998,5.169708514053582,D
12057846,24/25,5,2024-11-14 15:00:00+00:00,finished,Kazakhstan,Austria,0.0,2.0,"UEFA Nations League, League B, Gr. 3",111.0,1180.780449,23.0,1598.822839,-88.0,-418.04238999999984,0.2,1.4,-2.2,1.0,32.0,31.0,1449.9396456919922,1523.001792516276,-73.0621468242839,A
12057890,24/25,6,2024-11-18 19:45:00+00:00,finished,Serbia,Denmark,0.0,0.0,"UEFA Nations League, League A, Gr. 4",40.0,1502.133186,21.0,1619.474248,-19.0,-117.34106199999997,1.0,1.4,-0.6,0.4,3.0,3.0,1556.9003632521158,1554.0467770173013,2.853586234814429,D
12057820,24/25,6,2024-11-19 19:45:00+00:00,finished,Slovakia,Estonia,1.0,0.0,"UEFA Nations League, League C, Gr. 1",45.0,1473.660727,127.0,1130.63629,82.0,343.02443700000003,2.0,0.8,0.8,-1.0,3.0,3.0,1487.6099820295897,1464.6809967921083,22.928985237481356,H
12057856,24/25,4,2024-10-13 13:00:00+00:00,finished,Kazakhstan,Slovenia,0.0,1.0,"UEFA Nations League, League B, Gr. 3",111.0,1180.780449,56.0,1441.087158,-55.0,-260.30670899999996,0.8,1.6,-1.8,0.2,2.0,2.0,1460.4886522275328,1506.3950128079211,-45.90636058038831,A
12057858,24/25,5,2024-11-14 19:45:00+00:00,finished,Greece,England,0.0,3.0,"UEFA Nations League, League B, Gr. 2",46.0,1473.187305,4.0,1922.831632,-42.0,-449.644327,3.0,2.0,2.0,1.0,32.0,32.0,1609.7571797989135,1519.516791774154,90.24038802475957,A
12057795,24/25,5,2024-11-14 17:00:00+00:00,finished,Armenia,Faroe Islands,0.0,1.0,"UEFA Nations League, League C, Gr. 4",107.0,1189.632762,123.0,1136.585036,16.0,53.04772600000001,0.8,1.2,-0.4,0.0,32.0,31.0,1464.9456158282694,1478.6811768440384,-13.735561015769008,A
12057829,24/25,5,2024-11-16 19:45:00+00:00,finished,Sweden,Slovakia,2.0,1.0,"UEFA Nations League, League C, Gr. 1",37.0,1525.578992,45.0,1473.660727,8.0,51.91826500000002,2.2,2.2,1.6,1.0,33.0,33.0,1507.3633841919614,1495.4311888123527,11.932195379608629,H
15534155,26/27,1,2026-09-24 18:45:00+00:00,notstarted,Austria,Israel,,,"UEFA Nations League, League B, Gr. 3",23.0,1598.822839,76.0,1333.904007,53.0,264.91883199999984,,,,,,,1534.718466310171,1483.4056207320832,51.31284557808772,
15534051,26/27,2,2026-09-28 18:45:00+00:00,notstarted,Türkiye,Italy,,,"UEFA Nations League, League A, Gr. 1",27.0,1582.54473,15.0,1704.733836,-12.0,-122.18910600000004,,,,,,,1533.7632901217962,1580.5294147108868,-46.76612458909062,
12057816,24/25,5,2024-11-15 19:45:00+00:00,canceled,Romania,Kosovo,3.0,0.0,"UEFA Nations League, League C, Gr. 2",52.0,1455.894657,78.0,1319.120924,26.0,136.773733,,,,,,,1569.714169804872,1544.3079605932242,25.40620921164782,
15534193,26/27,1,2026-09-26 18:45:00+00:00,notstarted,Slovakia,Moldova,,,"UEFA Nations League, League C, Gr. 3",45.0,1473.660727,159.0,1008.240035,114.0,465.4206919999999,,,,,,,1495.1318652077769,1497.8609027630307,-2.7290375552538535,
12057781,24/25,4,2024-10-15 18:45:00+00:00,finished,Lithuania,Romania,1.0,2.0,"UEFA Nations League, League C, Gr. 2",149.0,1056.850321,52.0,1455.894657,-97.0,-399.04433600000016,0.2,2.6,-1.0,2.2,3.0,3.0,1355.2621384625343,1556.1585395175339,-200.89640105499961,A
12057845,24/25,6,2024-11-17 17:00:00+00:00,finished,Norway,Kazakhstan,5.0,0.0,"UEFA Nations League, League B, Gr. 3",19.0,1651.286867,111.0,1180.780449,92.0,470.50641799999994,2.0,0.2,0.6,-2.0,2.0,3.0,1564.159782737568,1435.2876540894922,128.8721286480759,H
15534165,26/27,1,2026-09-24 18:45:00+00:00,notstarted,Kosovo,Ireland,,,"UEFA Nations League, League B, Gr. 3",78.0,1319.120924,55.0,1441.096901,-23.0,-121.97597699999983,,,,,,,1544.3079605932242,1439.7278487378646,104.58011185535952,
15537765,26/27,2,2026-09-29 18:45:00+00:00,notstarted,Luxembourg,Iceland,,,"UEFA Nations League, League C, Gr. 4",98.0,1232.81815,74.0,1342.771961,-24.0,-109.95381099999986,,,,,,,1493.4972617179033,1405.9156885399461,87.58157317795713,
15537778,26/27,6,2026-11-16 19:45:00+00:00,notstarted,Gibraltar,Malta,,,"UEFA Nations League, League D, Gr. 1",202.0,820.260818,161.0,992.793497,-41.0,-172.53267900000003,,,,,,,1421.6793003872885,1474.833159372602,-53.15385898531349,
15534147,26/27,2,2026-09-29 18:45:00+00:00,notstarted,San Marino,Albania,,,"UEFA Nations League, League C, Gr. 1",211.0,721.201827,67.0,1376.033234,-144.0,-654.831407,,,,,,,1375.4368861114942,1468.5050528513927,-93.06816673989852,
12057791,24/25,6,2024-11-17 14:00:00+00:00,finished,North Macedonia,Faroe Islands,1.0,0.0,"UEFA Nations League, League C, Gr. 4",69.0,1369.159317,123.0,1136.585036,54.0,232.57428100000016,2.6,1.2,1.6,0.0,2.0,2.0,1584.4664267794687,1490.1460705377347,94.32035624173409,H
12057812,24/25,5,2024-11-15 19:45:00+00:00,finished,Luxembourg,Bulgaria,0.0,1.0,"UEFA Nations League, League C, Gr. 3",98.0,1232.81815,85.0,1271.683325,-13.0,-38.86517499999991,1.0,1.6,-0.4,-0.6,31.0,31.0,1508.850635025511,1479.2438046733946,29.606830352116503,A
15534175,26/27,3,2026-10-02 18:45:00+00:00,notstarted,Bosnia & Herzegovina,Sweden,,,"UEFA Nations League, League B, Gr. 4",61.0,1408.930486,37.0,1525.578992,-24.0,-116.648506,,,,,,,1449.5864616692145,1528.8316736318538,-79.24521196263936,
15534167,26/27,1,2026-09-25 18:45:00+00:00,notstarted,Poland,Bosnia & Herzegovina,,,"UEFA Nations League, League B, Gr. 4",36.0,1526.183359,61.0,1408.930486,25.0,117.25287300000014,,,,,,,1445.6222350148307,1449.5864616692145,-3.964226654383765,
12057811,24/25,6,2024-11-18 19:45:00+00:00,finished,Romania,Cyprus,4.0,1.0,"UEFA Nations League, League C, Gr. 2",52.0,1455.894657,124.0,1133.247165,72.0,322.64749200000006,3.0,1.2,2.4,-1.6,34.0,3.0,1562.4351024973369,1395.1422612321871,167.29284126514972,H
15534084,26/27,1,2026-09-26 18:45:00+00:00,notstarted,England,Spain,,,"UEFA Nations League, League A, Gr. 3",4.0,1922.831632,1.0,1995.881879,-3.0,-73.05024700000013,,,,,,,1555.8310572934322,1618.2619032232535,-62.43084592982132,
15534085,26/27,3,2026-10-03 18:45:00+00:00,notstarted,Spain,Czechia,,,"UEFA Nations League, League A, Gr. 3",1.0,1995.881879,48.0,1467.260216,47.0,528.6216630000001,,,,,,,1618.2619032232535,1512.7721025397038,105.48980068354967,
15534092,26/27,2,2026-09-29 18:45:00+00:00,notstarted,Czechia,England,,,"UEFA Nations League, League A, Gr. 3",48.0,1467.260216,4.0,1922.831632,-44.0,-455.571416,,,,,,,1512.7721025397038,1555.8310572934322,-43.05895475372836,
15534109,26/27,1,2026-09-26 13:00:00+00:00,notstarted,Slovenia,Scotland,,,"UEFA Nations League, League B, Gr. 1",56.0,1441.087158,42.0,1491.223887,-14.0,-50.13672900000006,,,,,,,1500.5153124303445,1552.4575256546477,-51.94221322430326,
15534151,26/27,6,2026-11-15 17:00:00+00:00,notstarted,Finland,San Marino,,,"UEFA Nations League, League C, Gr. 1",75.0,1341.922408,211.0,721.201827,136.0,620.7205809999999,,,,,,,1458.6497513227348,1375.4368861114942,83.21286521124057,
12057889,24/25,5,2024-11-15 19:45:00+00:00,finished,Switzerland,Serbia,1.0,1.0,"UEFA Nations League, League A, Gr. 4",14.0,1710.884769,40.0,1502.133186,26.0,208.75158299999998,0.8,1.4,-1.2,-0.2,31.0,31.0,1478.3006306378652,1557.3031706825966,-79.0025400447314,D
12057865,24/25,6,2024-11-19 19:45:00+00:00,finished,Czechia,Georgia,2.0,1.0,"UEFA Nations League, League B, Gr. 1",48.0,1467.260216,72.0,1355.261687,24.0,111.99852899999996,1.6,1.4,0.0,0.4,3.0,3.0,1501.8557119034226,1598.7839594684435,-96.92824756502091,H
15534057,26/27,1,2026-09-24 18:45:00+00:00,notstarted,Netherlands,Germany,,,"UEFA Nations League, League A, Gr. 2",9.0,1775.54224,12.0,1726.218839,3.0,49.3234010000001,,,,,,,1602.6357477019958,1557.6984915076757,44.93725619432007,
15537775,26/27,5,2026-11-13 19:45:00+00:00,notstarted,Andorra,Gibraltar,,,"UEFA Nations League, League D, Gr. 1",172.0,946.429826,202.0,820.260818,30.0,126.16900800000008,,,,,,,1397.9336219880452,1421.6793003872885,-23.74567839924339,
12057857,24/25,6,2024-11-17 17:00:00+00:00,finished,Finland,Greece,0.0,2.0,"UEFA Nations League, League B, Gr. 2",75.0,1341.922408,46.0,1473.187305,-29.0,-131.26489700000002,0.0,2.4,-1.8,1.0,2.0,2.0,1471.5759466131706,1584.9197852693057,-113.34383865613518,A
12057892,24/25,5,2024-11-16 19:45:00+00:00,finished,Netherlands,Hungary,4.0,0.0,"UEFA Nations League, League A, Gr. 3",9.0,1775.54224,39.0,1506.393663,30.0,269.14857699999993,1.6,1.0,0.6,-1.0,33.0,33.0,1592.5606151957336,1541.2523568612546,51.30825833447898,H
15537762,26/27,2,2026-09-27 16:00:00+00:00,notstarted,Gibraltar,Andorra,,,"UEFA Nations League, League D, Gr. 1",202.0,820.260818,172.0,946.429826,-30.0,-126.16900800000008,,,,,,,1421.6793003872885,1397.9336219880452,23.74567839924339,
15534037,26/27,1,2026-09-25 18:45:00+00:00,notstarted,Italy,Belgium,,,"UEFA Nations League, League A, Gr. 1",15.0,1704.733836,8.0,1778.355242,-7.0,-73.62140599999998,,,,,,,1580.5294147108868,1535.3016033038186,45.2278114070682,
15534195,26/27,3,2026-10-02 18:45:00+00:00,notstarted,Faroe Islands,Slovakia,,,"UEFA Nations League, League C, Gr. 3",123.0,1136.585036,45.0,1473.660727,-78.0,-337.075691,,,,,,,1484.4351758984392,1495.1318652077769,-10.696689309337671,
15534031,26/27,1,2026-09-25 18:45:00+00:00,notstarted,Türkiye,France,,,"UEFA Nations League, League A, Gr. 1",27.0,1582.54473,3.0,1948.970817,-24.0,-366.4260869999998,,,,,,,1533.7632901217962,1575.8212613374928,-42.057971215696625,
15534100,26/27,1,2026-09-24 18:45:00+00:00,notstarted,Norway,Denmark,,,"UEFA Nations League, League A, Gr. 4",19.0,1651.286867,21.0,1619.474248,2.0,31.81261900000004,,,,,,,1574.0298111099255,1555.9753034188643,18.05450769106119,
12057844,24/25,6,2024-11-17 17:00:00+00:00,finished,Austria,Slovenia,1.0,1.0,"UEFA Nations League, League B, Gr. 3",23.0,1598.822839,56.0,1441.087158,33.0,157.7356809999999,2.0,1.4,1.8,-0.4,3.0,2.0,1537.653784118776,1497.5799946217394,40.073789497036614,D
15534233,26/27,1,2026-09-26 16:00:00+00:00,notstarted,Iceland,Estonia,,,"UEFA Nations League, League C, Gr. 4",74.0,1342.771961,127.0,1130.63629,53.0,212.135671,,,,,,,1405.9156885399461,1457.1591136139211,-51.243425073975004,
12057863,24/25,5,2024-11-14 19:45:00+00:00,finished,Ireland,Finland,1.0,0.0,"UEFA Nations League, League B, Gr. 2",55.0,1441.096901,75.0,1341.922408,20.0,99.17449299999998,1.2,0.6,-0.8,-1.2,32.0,32.0,1441.9553900470896,1480.825276293616,-38.86988624652645,H
15534090,26/27,1,2026-09-26 18:45:00+00:00,notstarted,Czechia,Croatia,,,"UEFA Nations League, League A, Gr. 3",48.0,1467.260216,13.0,1723.050142,-35.0,-255.78992600000015,,,,,,,1512.7721025397038,1494.5099132946227,18.262189245081117,
15534040,26/27,3,2026-10-02 18:45:00+00:00,notstarted,Belgium,Türkiye,,,"UEFA Nations League, League A, Gr. 1",8.0,1778.355242,27.0,1582.54473,19.0,195.81051200000002,,,,,,,1535.3016033038186,1533.7632901217962,1.5383131820224207,
15534161,26/27,3,2026-10-01 18:45:00+00:00,notstarted,Ireland,Austria,,,"UEFA Nations League, League B, Gr. 3",55.0,1441.096901,23.0,1598.822839,-32.0,-157.72593800000004,,,,,,,1439.7278487378646,1534.718466310171,-94.99061757230629,
12057793,24/25,6,2024-11-17 14:00:00+00:00,finished,Latvia,Armenia,1.0,2.0,"UEFA Nations League, League C, Gr. 4",137.0,1085.660758,107.0,1189.632762,-30.0,-103.97200399999997,0.8,0.8,-1.2,-0.4,2.0,2.0,1485.9403152085408,1453.4807221345732,32.45959307396765,A
15534115,26/27,1,2026-09-26 18:45:00+00:00,notstarted,North Macedonia,Switzerland,,,"UEFA Nations League, League B, Gr. 1",69.0,1369.159317,14.0,1710.884769,-55.0,-341.7254519999999,,,,,,,1590.1773214187642,1473.8930811735415,116.28424024522269,
12057824,24/25,6,2024-11-19 19:45:00+00:00,finished,Sweden,Azerbaijan,6.0,0.0,"UEFA Nations League, League C, Gr. 1",37.0,1525.578992,126.0,1131.995112,89.0,393.5838799999999,2.6,0.2,1.8,-1.6,3.0,3.0,1515.1845909747244,1450.1246271273808,65.05996384734362,H
12057809,24/25,6,2024-11-18 19:45:00+00:00,finished,Bulgaria,Belarus,1.0,1.0,"UEFA Nations League, League C, Gr. 3",85.0,1271.683325,96.0,1242.876029,11.0,28.80729599999995,1.6,1.2,-0.6,-0.2,3.0,3.0,1491.901444787509,1495.623008999696,-3.721564212186877,D
15534128,26/27,1,2026-09-25 18:45:00+00:00,notstarted,Hungary,Ukraine,,,"UEFA Nations League, League B, Gr. 2",39.0,1506.393663,33.0,1549.287173,-6.0,-42.89350999999988,,,,,,,1527.4962176519416,1524.7385306237845,2.757687028157079,
12057836,24/25,4,2024-10-14 18:45:00+00:00,finished,Wales,Montenegro,1.0,0.0,"UEFA Nations League, League B, Gr. 4",38.0,1516.946629,80.0,1301.977191,42.0,214.96943800000008,1.0,0.0,-0.2,-1.4,3.0,3.0,1511.4606841975196,1487.3986734926618,24.062010704857812,H
15534068,26/27,2,2026-09-27 16:00:00+00:00,notstarted,Serbia,Netherlands,,,"UEFA Nations League, League A, Gr. 2",40.0,1502.133186,9.0,1775.54224,-31.0,-273.40905399999997,,,,,,,1554.9718368505528,1602.6357477019958,-47.663910851443006,
15534172,26/27,2,2026-09-28 18:45:00+00:00,notstarted,Sweden,Poland,,,"UEFA Nations League, League B, Gr. 4",37.0,1525.578992,36.0,1526.183359,-1.0,-0.6043670000001384,,,,,,,1528.8316736318538,1445.6222350148307,83.20943861702312,
12057808,24/25,4,2024-10-15 18:45:00+00:00,finished,Belarus,Luxembourg,1.0,1.0,"UEFA Nations League, League C, Gr. 3",96.0,1242.876029,98.0,1232.81815,2.0,10.057878999999957,1.2,1.0,0.0,-0.4,3.0,3.0,1512.4121627768232,1506.8470825867457,5.565080190077424,D
12057792,24/25,5,2024-11-14 19:45:00+00:00,finished,North Macedonia,Latvia,1.0,0.0,"UEFA Nations League, League C, Gr. 4",69.0,1369.159317,137.0,1085.660758,68.0,283.4985590000001,2.0,1.0,1.2,-1.0,32.0,32.0,1578.5759600969611,1491.8307818910484,86.74517820591268,H
15534096,26/27,2,2026-09-27 18:45:00+00:00,notstarted,Norway,Portugal,,,"UEFA Nations League, League A, Gr. 4",19.0,1651.286867,7.0,1787.854725,-12.0,-136.5678579999999,,,,,,,1574.0298111099255,1609.8163286934462,-35.78651758352066,
15534243,26/27,6,2026-11-16 17:00:00+00:00,notstarted,Lithuania,Liechtenstein,,,"UEFA Nations League, League D, Gr. 2",149.0,1056.850321,206.0,797.701009,57.0,259.1493119999999,,,,,,,1338.3012081818597,1364.546721652135,-26.245513470275228,
12057780,24/25,6,2024-11-18 19:45:00+00:00,finished,Kosovo,Lithuania,1.0,0.0,"UEFA Nations League, League C, Gr. 2",78.0,1319.120924,149.0,1056.850321,71.0,262.27060300000016,2.4,0.0,1.8,-1.2,34.0,3.0,1540.7148195237207,1341.894349251363,198.82047027235762,H
15534138,26/27,1,2026-09-25 16:00:00+00:00,notstarted,Georgia,Northern Ireland,,,"UEFA Nations League, League B, Gr. 2",72.0,1355.261687,70.0,1365.296485,-2.0,-10.034798000000137,,,,,,,1587.8675688321623,1467.856264725571,120.0113041065913,
15534097,26/27,1,2026-09-24 18:45:00+00:00,notstarted,Portugal,Wales,,,"UEFA Nations League, League A, Gr. 4",7.0,1787.854725,38.0,1516.946629,31.0,270.9080959999999,,,,,,,1609.8163286934462,1531.2281245018912,78.58820419155495,
12057796,24/25,4,2024-10-13 16:00:00+00:00,finished,Armenia,North Macedonia,0.0,2.0,"UEFA Nations League, League C, Gr. 4",107.0,1189.632762,69.0,1369.159317,-38.0,-179.52655500000014,0.8,1.4,-1.0,0.4,2.0,3.0,1479.0663679258432,1564.4552079993873,-85.38884007354409,A
12057848,24/25,5,2024-11-14 19:45:00+00:00,finished,Slovenia,Norway,1.0,4.0,"UEFA Nations League, League B, Gr. 3",56.0,1441.087158,19.0,1651.286867,-37.0,-210.19970899999998,1.6,1.4,0.2,-0.4,32.0,32.0,1516.9440193434618,1544.7957580158456,-27.851738672383817,A
15534104,26/27,3,2026-10-01 18:45:00+00:00,notstarted,Wales,Norway,,,"UEFA Nations League, League A, Gr. 4",38.0,1516.946629,19.0,1651.286867,-19.0,-134.340238,,,,,,,1531.2281245018912,1574.0298111099255,-42.80168660803429,
15537760,26/27,1,2026-09-25 16:00:00+00:00,notstarted,Armenia,Latvia,,,"UEFA Nations League, League C, Gr. 2",107.0,1189.632762,137.0,1085.660758,30.0,103.97200399999997,,,,,,,1466.2145040865944,1473.2065332565196,-6.9920291699252175,
15534194,26/27,1,2026-09-26 16:00:00+00:00,notstarted,Faroe Islands,Kazakhstan,,,"UEFA Nations League, League C, Gr. 3",123.0,1136.585036,111.0,1180.780449,-12.0,-44.195413000000144,,,,,,,1484.4351758984392,1425.4176257171348,59.01755018130439,
15534162,26/27,2,2026-09-27 16:00:00+00:00,notstarted,Austria,Kosovo,,,"UEFA Nations League, League B, Gr. 3",23.0,1598.822839,78.0,1319.120924,55.0,279.7019149999999,,,,,,,1534.718466310171,1544.3079605932242,-9.589494283053227,
15534026,26/27,2,2026-09-28 18:45:00+00:00,notstarted,Belgium,France,,,"UEFA Nations League, League A, Gr. 1",8.0,1778.355242,3.0,1948.970817,-5.0,-170.6155749999998,,,,,,,1535.3016033038186,1575.8212613374928,-40.519658033674204,
15534058,26/27,3,2026-10-01 18:45:00+00:00,notstarted,Germany,Serbia,,,"UEFA Nations League, League A, Gr. 2",12.0,1726.218839,40.0,1502.133186,28.0,224.08565299999987,,,,,,,1557.6984915076757,1554.9718368505528,2.7266546571229355,
15534130,26/27,3,2026-10-02 18:45:00+00:00,notstarted,Hungary,Georgia,,,"UEFA Nations League, League B, Gr. 2",39.0,1506.393663,72.0,1355.261687,33.0,151.13197600000012,,,,,,,1527.4962176519416,1587.8675688321623,-60.3713511802207,
15534111,26/27,3,2026-10-03 18:45:00+00:00,notstarted,North Macedonia,Scotland,,,"UEFA Nations League, League B, Gr. 1",69.0,1369.159317,42.0,1491.223887,-27.0,-122.06457,,,,,,,1590.1773214187642,1552.4575256546477,37.7197957641165,
15534071,26/27,1,2026-09-24 18:45:00+00:00,notstarted,Serbia,Greece,,,"UEFA Nations League, League A, Gr. 2",40.0,1502.133186,46.0,1473.187305,6.0,28.9458810000001,,,,,,,1554.9718368505528,1597.8459805597415,-42.87414370918873,
15534133,26/27,2,2026-09-28 18:45:00+00:00,notstarted,Northern Ireland,Hungary,,,"UEFA Nations League, League B, Gr. 2",70.0,1365.296485,39.0,1506.393663,-31.0,-141.09717799999999,,,,,,,1467.856264725571,1527.4962176519416,-59.6399529263706,
15534061,26/27,4,2026-10-04 18:45:00+00:00,notstarted,Greece,Germany,,,"UEFA Nations League, League A, Gr. 2",46.0,1473.187305,12.0,1726.218839,-34.0,-253.03153399999997,,,,,,,1597.8459805597415,1557.6984915076757,40.147489052065794,
15534236,26/27,4,2026-10-06 18:45:00+00:00,notstarted,Estonia,Iceland,,,"UEFA Nations League, League C, Gr. 4",127.0,1130.63629,74.0,1342.771961,-53.0,-212.135671,,,,,,,1457.1591136139211,1405.9156885399461,51.243425073975004,
15534028,26/27,3,2026-10-02 18:45:00+00:00,notstarted,France,Italy,,,"UEFA Nations League, League A, Gr. 1",3.0,1948.970817,15.0,1704.733836,12.0,244.2369809999998,,,,,,,1575.8212613374928,1580.5294147108868,-4.708153373393998,
15534157,26/27,4,2026-10-04 18:45:00+00:00,notstarted,Ireland,Israel,,,"UEFA Nations League, League B, Gr. 3",55.0,1441.096901,76.0,1333.904007,21.0,107.1928939999998,,,,,,,1439.7278487378646,1483.4056207320832,-43.677771994218574,
15534156,26/27,2,2026-09-27 18:45:00+00:00,notstarted,Israel,Ireland,,,"UEFA Nations League, League B, Gr. 3",76.0,1333.904007,55.0,1441.096901,-21.0,-107.1928939999998,,,,,,,1483.4056207320832,1439.7278487378646,43.677771994218574,
15534178,26/27,1,2026-09-25 18:45:00+00:00,notstarted,Sweden,Romania,,,"UEFA Nations League, League B, Gr. 4",37.0,1525.578992,52.0,1455.894657,15.0,69.68433499999992,,,,,,,1528.8316736318538,1569.714169804872,-40.882496173018126,
15534094,26/27,3,2026-10-01 18:45:00+00:00,notstarted,Denmark,Portugal,,,"UEFA Nations League, League A, Gr. 4",21.0,1619.474248,7.0,1787.854725,-14.0,-168.38047699999993,,,,,,,1555.9753034188643,1609.8163286934462,-53.84102527458185,
15534241,26/27,1,2026-09-24 18:45:00+00:00,notstarted,Liechtenstein,Lithuania,,,"UEFA Nations League, League D, Gr. 2",206.0,797.701009,149.0,1056.850321,-57.0,-259.1493119999999,,,,,,,1364.546721652135,1338.3012081818597,26.245513470275228,
15534135,26/27,2,2026-09-28 16:00:00+00:00,notstarted,Georgia,Ukraine,,,"UEFA Nations League, League B, Gr. 2",72.0,1355.261687,33.0,1549.287173,-39.0,-194.025486,,,,,,,1587.8675688321623,1524.7385306237845,63.12903820837778,
15534101,26/27,2,2026-09-27 16:00:00+00:00,notstarted,Denmark,Wales,,,"UEFA Nations League, League A, Gr. 4",21.0,1619.474248,38.0,1516.946629,17.0,102.52761899999996,,,,,,,1555.9753034188643,1531.2281245018912,24.7471789169731,
15534106,26/27,2,2026-09-29 18:45:00+00:00,notstarted,Scotland,Switzerland,,,"UEFA Nations League, League B, Gr. 1",42.0,1491.223887,14.0,1710.884769,-28.0,-219.6608819999999,,,,,,,1552.4575256546477,1473.8930811735415,78.5644444811062,
15534242,26/27,2,2026-09-27 13:00:00+00:00,notstarted,Lithuania,Azerbaijan,,,"UEFA Nations League, League D, Gr. 2",149.0,1056.850321,126.0,1131.995112,-23.0,-75.14479100000017,,,,,,,1338.3012081818597,1436.4775444702514,-98.17633628839167,
15537769,26/27,4,2026-10-04 16:00:00+00:00,notstarted,Malta,Andorra,,,"UEFA Nations League, League D, Gr. 1",161.0,992.793497,172.0,946.429826,11.0,46.363670999999954,,,,,,,1474.833159372602,1397.9336219880452,76.89953738455688,
15534185,26/27,3,2026-10-02 16:00:00+00:00,notstarted,Cyprus,Armenia,,,"UEFA Nations League, League C, Gr. 2",124.0,1133.247165,107.0,1189.632762,-17.0,-56.38559699999996,,,,,,,1387.863193924652,1466.2145040865944,-78.35131016194237,
15534142,26/27,1,2026-09-26 18:45:00+00:00,notstarted,Albania,Belarus,,,"UEFA Nations League, League C, Gr. 1",67.0,1376.033234,96.0,1242.876029,29.0,133.15720499999998,,,,,,,1468.5050528513927,1497.3686803620212,-28.863627510628476,
15534027,26/27,4,2026-10-05 18:45:00+00:00,notstarted,France,Belgium,,,"UEFA Nations League, League A, Gr. 1",3.0,1948.970817,8.0,1778.355242,5.0,170.6155749999998,,,,,,,1575.8212613374928,1535.3016033038186,40.519658033674204,
15534102,26/27,4,2026-10-04 18:45:00+00:00,notstarted,Wales,Denmark,,,"UEFA Nations League, League A, Gr. 4",38.0,1516.946629,21.0,1619.474248,-17.0,-102.52761899999996,,,,,,,1531.2281245018912,1555.9753034188643,-24.7471789169731,
15534091,26/27,4,2026-10-06 18:45:00+00:00,notstarted,England,Czechia,,,"UEFA Nations League, League A, Gr. 3",4.0,1922.831632,48.0,1467.260216,44.0,455.571416,,,,,,,1555.8310572934322,1512.7721025397038,43.05895475372836,
15534181,26/27,2,2026-09-28 16:00:00+00:00,notstarted,Armenia,Montenegro,,,"UEFA Nations League, League C, Gr. 2",107.0,1189.632762,80.0,1301.977191,-27.0,-112.34442899999999,,,,,,,1466.2145040865944,1474.9089051057706,-8.694401019176212,
15534070,26/27,3,2026-10-01 18:45:00+00:00,notstarted,Greece,Netherlands,,,"UEFA Nations League, League A, Gr. 2",46.0,1473.187305,9.0,1775.54224,-37.0,-302.35493500000007,,,,,,,1597.8459805597415,1602.6357477019958,-4.789767142254277,
15534146,26/27,3,2026-10-03 13:00:00+00:00,notstarted,Finland,Albania,,,"UEFA Nations League, League C, Gr. 1",75.0,1341.922408,67.0,1376.033234,-8.0,-34.11082600000009,,,,,,,1458.6497513227348,1468.5050528513927,-9.855301528657947,
15534136,26/27,3,2026-10-02 18:45:00+00:00,notstarted,Ukraine,Northern Ireland,,,"UEFA Nations League, League B, Gr. 2",33.0,1549.287173,70.0,1365.296485,37.0,183.99068799999986,,,,,,,1524.7385306237845,1467.856264725571,56.88226589821352,
15534168,26/27,4,2026-10-05 18:45:00+00:00,notstarted,Bosnia & Herzegovina,Poland,,,"UEFA Nations League, League B, Gr. 4",61.0,1408.930486,36.0,1526.183359,-25.0,-117.25287300000014,,,,,,,1449.5864616692145,1445.6222350148307,3.964226654383765,
15537761,26/27,1,2026-09-26 16:00:00+00:00,notstarted,Bulgaria,Luxembourg,,,"UEFA Nations League, League C, Gr. 4",85.0,1271.683325,98.0,1232.81815,13.0,38.86517499999991,,,,,,,1490.1557734251837,1493.4972617179033,-3.341488292719532,
15534116,26/27,2,2026-09-29 18:45:00+00:00,notstarted,Slovenia,North Macedonia,,,"UEFA Nations League, League B, Gr. 1",56.0,1441.087158,69.0,1369.159317,13.0,71.92784099999994,,,,,,,1500.5153124303445,1590.1773214187642,-89.66200898841976,
15534190,26/27,3,2026-10-02 14:00:00+00:00,notstarted,Kazakhstan,Moldova,,,"UEFA Nations League, League C, Gr. 3",111.0,1180.780449,159.0,1008.240035,48.0,172.54041400000006,,,,,,,1425.4176257171348,1497.8609027630307,-72.44327704589591,
15534177,26/27,4,2026-10-05 18:45:00+00:00,notstarted,Romania,Sweden,,,"UEFA Nations League, League B, Gr. 4",52.0,1455.894657,37.0,1525.578992,-15.0,-69.68433499999992,,,,,,,1569.714169804872,1528.8316736318538,40.882496173018126,
15534174,26/27,2,2026-09-28 18:45:00+00:00,notstarted,Romania,Bosnia & Herzegovina,,,"UEFA Nations League, League B, Gr. 4",52.0,1455.894657,61.0,1408.930486,9.0,46.96417100000008,,,,,,,1569.714169804872,1449.5864616692145,120.12770813565749,
15534232,26/27,3,2026-10-03 16:00:00+00:00,notstarted,Iceland,Bulgaria,,,"UEFA Nations League, League C, Gr. 4",74.0,1342.771961,85.0,1271.683325,11.0,71.08863599999995,,,,,,,1405.9156885399461,1490.1557734251837,-84.2400848852376,
15534081,26/27,2,2026-09-29 18:45:00+00:00,notstarted,Spain,Croatia,,,"UEFA Nations League, League A, Gr. 3",1.0,1995.881879,13.0,1723.050142,12.0,272.831737,,,,,,,1618.2619032232535,1494.5099132946227,123.75198992863079,
15534082,26/27,4,2026-10-06 18:45:00+00:00,notstarted,Croatia,Spain,,,"UEFA Nations League, League A, Gr. 3",13.0,1723.050142,1.0,1995.881879,-12.0,-272.831737,,,,,,,1494.5099132946227,1618.2619032232535,-123.75198992863079,
15534183,26/27,1,2026-09-25 18:45:00+00:00,notstarted,Montenegro,Cyprus,,,"UEFA Nations League, League C, Gr. 2",80.0,1301.977191,124.0,1133.247165,44.0,168.73002599999995,,,,,,,1474.9089051057706,1387.863193924652,87.04571118111858,
15534112,26/27,3,2026-10-03 18:45:00+00:00,notstarted,Switzerland,Slovenia,,,"UEFA Nations League, League B, Gr. 1",14.0,1710.884769,56.0,1441.087158,42.0,269.79761099999996,,,,,,,1473.8930811735415,1500.5153124303445,-26.622231256802934,
15534198,26/27,4,2026-10-06 18:45:00+00:00,notstarted,Moldova,Slovakia,,,"UEFA Nations League, League C, Gr. 3",159.0,1008.240035,45.0,1473.660727,-114.0,-465.4206919999999,,,,,,,1497.8609027630307,1495.1318652077769,2.7290375552538535,
15534087,26/27,3,2026-10-03 16:00:00+00:00,notstarted,Croatia,England,,,"UEFA Nations League, League A, Gr. 3",13.0,1723.050142,4.0,1922.831632,-9.0,-199.78148999999985,,,,,,,1494.5099132946227,1555.8310572934322,-61.321143998809475,
15534235,26/27,2,2026-09-29 18:45:00+00:00,notstarted,Bulgaria,Estonia,,,"UEFA Nations League, League C, Gr. 4",85.0,1271.683325,127.0,1130.63629,42.0,141.04703500000005,,,,,,,1490.1557734251837,1457.1591136139211,32.99665981126259,
15534152,26/27,1,2026-09-26 16:00:00+00:00,notstarted,San Marino,Finland,,,"UEFA Nations League, League C, Gr. 1",211.0,721.201827,75.0,1341.922408,-136.0,-620.7205809999999,,,,,,,1375.4368861114942,1458.6497513227348,-83.21286521124057,
15534199,26/27,2,2026-09-29 16:00:00+00:00,notstarted,Moldova,Faroe Islands,,,"UEFA Nations League, League C, Gr. 3",159.0,1008.240035,123.0,1136.585036,-36.0,-128.3450009999999,,,,,,,1497.8609027630307,1484.4351758984392,13.425726864591525,
15534050,26/27,4,2026-10-05 18:45:00+00:00,notstarted,Italy,Türkiye,,,"UEFA Nations League, League A, Gr. 1",15.0,1704.733836,27.0,1582.54473,12.0,122.18910600000004,,,,,,,1580.5294147108868,1533.7632901217962,46.76612458909062,
15534163,26/27,4,2026-10-04 16:00:00+00:00,notstarted,Kosovo,Austria,,,"UEFA Nations League, League B, Gr. 3",78.0,1319.120924,23.0,1598.822839,-55.0,-279.7019149999999,,,,,,,1544.3079605932242,1534.718466310171,9.589494283053227,
15534148,26/27,4,2026-10-06 18:45:00+00:00,notstarted,Belarus,Finland,,,"UEFA Nations League, League C, Gr. 1",96.0,1242.876029,75.0,1341.922408,-21.0,-99.04637899999989,,,,,,,1497.3686803620212,1458.6497513227348,38.71892903928642,
15534189,26/27,4,2026-10-06 14:00:00+00:00,notstarted,Kazakhstan,Faroe Islands,,,"UEFA Nations League, League C, Gr. 3",111.0,1180.780449,123.0,1136.585036,12.0,44.195413000000144,,,,,,,1425.4176257171348,1484.4351758984392,-59.01755018130439,
15534170,26/27,5,2026-11-14 19:45:00+00:00,notstarted,Romania,Poland,,,"UEFA Nations League, League B, Gr. 4",52.0,1455.894657,36.0,1526.183359,-16.0,-70.28870200000006,,,,,,,1569.714169804872,1445.6222350148307,124.09193479004125,
15534098,26/27,6,2026-11-17 19:45:00+00:00,notstarted,Wales,Portugal,,,"UEFA Nations League, League A, Gr. 4",38.0,1516.946629,7.0,1787.854725,-31.0,-270.9080959999999,,,,,,,1531.2281245018912,1609.8163286934462,-78.58820419155495,
15534114,26/27,4,2026-10-06 18:45:00+00:00,notstarted,Switzerland,North Macedonia,,,"UEFA Nations League, League B, Gr. 1",14.0,1710.884769,69.0,1369.159317,55.0,341.7254519999999,,,,,,,1473.8930811735415,1590.1773214187642,-116.28424024522269,
15534196,26/27,6,2026-11-16 15:00:00+00:00,notstarted,Faroe Islands,Moldova,,,"UEFA Nations League, League C, Gr. 3",123.0,1136.585036,159.0,1008.240035,36.0,128.3450009999999,,,,,,,1484.4351758984392,1497.8609027630307,-13.425726864591525,
15534145,26/27,6,2026-11-15 17:00:00+00:00,notstarted,Belarus,Albania,,,"UEFA Nations League, League C, Gr. 1",96.0,1242.876029,67.0,1376.033234,-29.0,-133.15720499999998,,,,,,,1497.3686803620212,1468.5050528513927,28.863627510628476,
15534103,26/27,5,2026-11-14 17:00:00+00:00,notstarted,Norway,Wales,,,"UEFA Nations League, League A, Gr. 4",19.0,1651.286867,38.0,1516.946629,19.0,134.340238,,,,,,,1574.0298111099255,1531.2281245018912,42.80168660803429,
15534132,26/27,6,2026-11-17 19:45:00+00:00,notstarted,Hungary,Northern Ireland,,,"UEFA Nations League, League B, Gr. 2",39.0,1506.393663,70.0,1365.296485,31.0,141.09717799999999,,,,,,,1527.4962176519416,1467.856264725571,59.6399529263706,
15534056,26/27,6,2026-11-16 19:45:00+00:00,notstarted,Germany,Netherlands,,,"UEFA Nations League, League A, Gr. 2",12.0,1726.218839,9.0,1775.54224,-3.0,-49.3234010000001,,,,,,,1557.6984915076757,1602.6357477019958,-44.93725619432007,
15534083,26/27,6,2026-11-15 19:45:00+00:00,notstarted,Spain,England,,,"UEFA Nations League, League A, Gr. 3",1.0,1995.881879,4.0,1922.831632,3.0,73.05024700000013,,,,,,,1618.2619032232535,1555.8310572934322,62.43084592982132,
15534093,26/27,5,2026-11-14 19:45:00+00:00,notstarted,Portugal,Denmark,,,"UEFA Nations League, League A, Gr. 4",7.0,1787.854725,21.0,1619.474248,14.0,168.38047699999993,,,,,,,1609.8163286934462,1555.9753034188643,53.84102527458185,
15534188,26/27,6,2026-11-16 15:00:00+00:00,notstarted,Kazakhstan,Slovakia,,,"UEFA Nations League, League C, Gr. 3",111.0,1180.780449,45.0,1473.660727,-66.0,-292.88027799999986,,,,,,,1425.4176257171348,1495.1318652077769,-69.71423949064206,
15537774,26/27,5,2026-11-13 19:45:00+00:00,notstarted,Luxembourg,Estonia,,,"UEFA Nations League, League C, Gr. 4",98.0,1232.81815,127.0,1130.63629,29.0,102.18186000000014,,,,,,,1493.4972617179033,1457.1591136139211,36.33814810398212,
15534060,26/27,2,2026-09-27 18:45:00+00:00,notstarted,Germany,Greece,,,"UEFA Nations League, League A, Gr. 2",12.0,1726.218839,46.0,1473.187305,34.0,253.03153399999997,,,,,,,1557.6984915076757,1597.8459805597415,-40.147489052065794,
15534234,26/27,5,2026-11-13 19:45:00+00:00,notstarted,Bulgaria,Iceland,,,"UEFA Nations League, League C, Gr. 4",85.0,1271.683325,74.0,1342.771961,-11.0,-71.08863599999995,,,,,,,1490.1557734251837,1405.9156885399461,84.2400848852376,
15534139,26/27,4,2026-10-05 18:45:00+00:00,notstarted,Northern Ireland,Georgia,,,"UEFA Nations League, League B, Gr. 2",70.0,1365.296485,72.0,1355.261687,2.0,10.034798000000137,,,,,,,1467.856264725571,1587.8675688321623,-120.0113041065913,
15534067,26/27,4,2026-10-04 18:45:00+00:00,notstarted,Netherlands,Serbia,,,"UEFA Nations League, League A, Gr. 2",9.0,1775.54224,40.0,1502.133186,31.0,273.40905399999997,,,,,,,1602.6357477019958,1554.9718368505528,47.663910851443006,
15534160,26/27,5,2026-11-14 19:45:00+00:00,notstarted,Austria,Ireland,,,"UEFA Nations League, League B, Gr. 3",23.0,1598.822839,55.0,1441.096901,32.0,157.72593800000004,,,,,,,1534.718466310171,1439.7278487378646,94.99061757230629,
15534158,26/27,3,2026-10-01 18:45:00+00:00,notstarted,Israel,Kosovo,,,"UEFA Nations League, League B, Gr. 3",76.0,1333.904007,78.0,1319.120924,2.0,14.783083000000033,,,,,,,1483.4056207320832,1544.3079605932242,-60.902339861140945,
15534191,26/27,2,2026-09-29 18:45:00+00:00,notstarted,Slovakia,Kazakhstan,,,"UEFA Nations League, League C, Gr. 3",45.0,1473.660727,111.0,1180.780449,66.0,292.88027799999986,,,,,,,1495.1318652077769,1425.4176257171348,69.71423949064206,
15534036,26/27,6,2026-11-15 19:45:00+00:00,notstarted,Belgium,Italy,,,"UEFA Nations League, League A, Gr. 1",8.0,1778.355242,15.0,1704.733836,7.0,73.62140599999998,,,,,,,1535.3016033038186,1580.5294147108868,-45.2278114070682,
15537767,26/27,3,2026-10-02 16:00:00+00:00,notstarted,Latvia,Montenegro,,,"UEFA Nations League, League C, Gr. 2",137.0,1085.660758,80.0,1301.977191,-57.0,-216.31643299999996,,,,,,,1473.2065332565196,1474.9089051057706,-1.7023718492509943,
15534137,26/27,5,2026-11-14 19:45:00+00:00,notstarted,Northern Ireland,Ukraine,,,"UEFA Nations League, League B, Gr. 2",70.0,1365.296485,33.0,1549.287173,-37.0,-183.99068799999986,,,,,,,1467.856264725571,1524.7385306237845,-56.88226589821352,
15537768,26/27,3,2026-10-03 16:00:00+00:00,notstarted,Estonia,Luxembourg,,,"UEFA Nations League, League C, Gr. 4",127.0,1130.63629,98.0,1232.81815,-29.0,-102.18186000000014,,,,,,,1457.1591136139211,1493.4972617179033,-36.33814810398212,
15534095,26/27,4,2026-10-04 18:45:00+00:00,notstarted,Portugal,Norway,,,"UEFA Nations League, League A, Gr. 4",7.0,1787.854725,19.0,1651.286867,12.0,136.5678579999999,,,,,,,1609.8163286934462,1574.0298111099255,35.78651758352066,
15534239,26/27,4,2026-10-04 13:00:00+00:00,notstarted,Azerbaijan,Lithuania,,,"UEFA Nations League, League D, Gr. 2",126.0,1131.995112,149.0,1056.850321,23.0,75.14479100000017,,,,,,,1436.4775444702514,1338.3012081818597,98.17633628839167,
15537770,26/27,4,2026-10-05 16:00:00+00:00,notstarted,Cyprus,Latvia,,,"UEFA Nations League, League C, Gr. 2",124.0,1133.247165,137.0,1085.660758,13.0,47.58640700000001,,,,,,,1387.863193924652,1473.2065332565196,-85.34333933186758,
15534169,26/27,3,2026-10-02 18:45:00+00:00,notstarted,Poland,Romania,,,"UEFA Nations League, League B, Gr. 4",36.0,1526.183359,52.0,1455.894657,16.0,70.28870200000006,,,,,,,1445.6222350148307,1569.714169804872,-124.09193479004125,
15534159,26/27,5,2026-11-14 14:00:00+00:00,notstarted,Kosovo,Israel,,,"UEFA Nations League, League B, Gr. 3",78.0,1319.120924,76.0,1333.904007,-2.0,-14.783083000000033,,,,,,,1544.3079605932242,1483.4056207320832,60.902339861140945,
15534129,26/27,4,2026-10-05 18:45:00+00:00,notstarted,Ukraine,Hungary,,,"UEFA Nations League, League B, Gr. 2",33.0,1549.287173,39.0,1506.393663,6.0,42.89350999999988,,,,,,,1524.7385306237845,1527.4962176519416,-2.757687028157079,
15534059,26/27,5,2026-11-13 19:45:00+00:00,notstarted,Serbia,Germany,,,"UEFA Nations League, League A, Gr. 2",40.0,1502.133186,12.0,1726.218839,-28.0,-224.08565299999987,,,,,,,1554.9718368505528,1557.6984915076757,-2.7266546571229355,
15534107,26/27,6,2026-11-16 19:45:00+00:00,notstarted,Switzerland,Scotland,,,"UEFA Nations League, League B, Gr. 1",14.0,1710.884769,42.0,1491.223887,28.0,219.6608819999999,,,,,,,1473.8930811735415,1552.4575256546477,-78.5644444811062,
15534030,26/27,5,2026-11-12 19:45:00+00:00,notstarted,Italy,France,,,"UEFA Nations League, League A, Gr. 1",15.0,1704.733836,3.0,1948.970817,-12.0,-244.2369809999998,,,,,,,1580.5294147108868,1575.8212613374928,4.708153373393998,
15534086,26/27,5,2026-11-12 19:45:00+00:00,notstarted,Czechia,Spain,,,"UEFA Nations League, League A, Gr. 3",48.0,1467.260216,1.0,1995.881879,-47.0,-528.6216630000001,,,,,,,1512.7721025397038,1618.2619032232535,-105.48980068354967,
15534089,26/27,6,2026-11-15 19:45:00+00:00,notstarted,Croatia,Czechia,,,"UEFA Nations League, League A, Gr. 3",13.0,1723.050142,48.0,1467.260216,35.0,255.78992600000015,,,,,,,1494.5099132946227,1512.7721025397038,-18.262189245081117,
15534154,26/27,6,2026-11-17 19:45:00+00:00,notstarted,Israel,Austria,,,"UEFA Nations League, League B, Gr. 3",76.0,1333.904007,23.0,1598.822839,-53.0,-264.91883199999984,,,,,,,1483.4056207320832,1534.718466310171,-51.31284557808772,
15534240,26/27,5,2026-11-13 19:45:00+00:00,notstarted,Liechtenstein,Azerbaijan,,,"UEFA Nations League, League D, Gr. 2",206.0,797.701009,126.0,1131.995112,-80.0,-334.29410300000006,,,,,,,1364.546721652135,1436.4775444702514,-71.93082281811644,
15534029,26/27,6,2026-11-15 19:45:00+00:00,notstarted,France,Türkiye,,,"UEFA Nations League, League A, Gr. 1",3.0,1948.970817,27.0,1582.54473,24.0,366.4260869999998,,,,,,,1575.8212613374928,1533.7632901217962,42.057971215696625,
15537771,26/27,4,2026-10-06 18:45:00+00:00,notstarted,Luxembourg,Bulgaria,,,"UEFA Nations League, League C, Gr. 4",98.0,1232.81815,85.0,1271.683325,-13.0,-38.86517499999991,,,,,,,1493.4972617179033,1490.1557734251837,3.341488292719532,
15534176,26/27,5,2026-11-14 19:45:00+00:00,notstarted,Sweden,Bosnia & Herzegovina,,,"UEFA Nations League, League B, Gr. 4",37.0,1525.578992,61.0,1408.930486,24.0,116.648506,,,,,,,1528.8316736318538,1449.5864616692145,79.24521196263936,
15534041,26/27,5,2026-11-12 17:00:00+00:00,notstarted,Türkiye,Belgium,,,"UEFA Nations League, League A, Gr. 1",27.0,1582.54473,8.0,1778.355242,-19.0,-195.81051200000002,,,,,,,1533.7632901217962,1535.3016033038186,-1.5383131820224207,
15534150,26/27,2,2026-09-29 16:00:00+00:00,notstarted,Finland,Belarus,,,"UEFA Nations League, League C, Gr. 1",75.0,1341.922408,96.0,1242.876029,21.0,99.04637899999989,,,,,,,1458.6497513227348,1497.3686803620212,-38.71892903928642,
15534182,26/27,4,2026-10-05 18:45:00+00:00,notstarted,Montenegro,Armenia,,,"UEFA Nations League, League C, Gr. 2",80.0,1301.977191,107.0,1189.632762,27.0,112.34442899999999,,,,,,,1474.9089051057706,1466.2145040865944,8.694401019176212,
15534113,26/27,5,2026-11-13 19:45:00+00:00,notstarted,Slovenia,Switzerland,,,"UEFA Nations League, League B, Gr. 1",56.0,1441.087158,14.0,1710.884769,-42.0,-269.79761099999996,,,,,,,1500.5153124303445,1473.8930811735415,26.622231256802934,
15534171,26/27,6,2026-11-17 19:45:00+00:00,notstarted,Poland,Sweden,,,"UEFA Nations League, League B, Gr. 4",36.0,1526.183359,37.0,1525.578992,1.0,0.6043670000001384,,,,,,,1445.6222350148307,1528.8316736318538,-83.20943861702312,
15534108,26/27,4,2026-10-06 18:45:00+00:00,notstarted,Scotland,Slovenia,,,"UEFA Nations League, League B, Gr. 1",42.0,1491.223887,56.0,1441.087158,14.0,50.13672900000006,,,,,,,1552.4575256546477,1500.5153124303445,51.94221322430326,
15537764,26/27,2,2026-09-28 16:00:00+00:00,notstarted,Latvia,Cyprus,,,"UEFA Nations League, League C, Gr. 2",137.0,1085.660758,124.0,1133.247165,-13.0,-47.58640700000001,,,,,,,1473.2065332565196,1387.863193924652,85.34333933186758,
15534088,26/27,5,2026-11-12 19:45:00+00:00,notstarted,England,Croatia,,,"UEFA Nations League, League A, Gr. 3",4.0,1922.831632,13.0,1723.050142,9.0,199.78148999999985,,,,,,,1555.8310572934322,1494.5099132946227,61.321143998809475,
15534184,26/27,6,2026-11-15 14:00:00+00:00,notstarted,Cyprus,Montenegro,,,"UEFA Nations League, League C, Gr. 2",124.0,1133.247165,80.0,1301.977191,-44.0,-168.73002599999995,,,,,,,1387.863193924652,1474.9089051057706,-87.04571118111858,
15534072,26/27,6,2026-11-16 19:45:00+00:00,notstarted,Greece,Serbia,,,"UEFA Nations League, League A, Gr. 2",46.0,1473.187305,40.0,1502.133186,-6.0,-28.9458810000001,,,,,,,1597.8459805597415,1554.9718368505528,42.87414370918873,
15534134,26/27,6,2026-11-17 19:45:00+00:00,notstarted,Ukraine,Georgia,,,"UEFA Nations League, League B, Gr. 2",33.0,1549.287173,72.0,1355.261687,39.0,194.025486,,,,,,,1524.7385306237845,1587.8675688321623,-63.12903820837778,
15534069,26/27,5,2026-11-13 19:45:00+00:00,notstarted,Netherlands,Greece,,,"UEFA Nations League, League A, Gr. 2",9.0,1775.54224,46.0,1473.187305,37.0,302.35493500000007,,,,,,,1602.6357477019958,1597.8459805597415,4.789767142254277,
15534131,26/27,5,2026-11-14 17:00:00+00:00,notstarted,Georgia,Hungary,,,"UEFA Nations League, League B, Gr. 2",72.0,1355.261687,39.0,1506.393663,-33.0,-151.13197600000012,,,,,,,1587.8675688321623,1527.4962176519416,60.3713511802207,
15534173,26/27,6,2026-11-17 19:45:00+00:00,notstarted,Bosnia & Herzegovina,Romania,,,"UEFA Nations League, League B, Gr. 4",61.0,1408.930486,52.0,1455.894657,-9.0,-46.96417100000008,,,,,,,1449.5864616692145,1569.714169804872,-120.12770813565749,
15534197,26/27,5,2026-11-13 17:00:00+00:00,notstarted,Moldova,Kazakhstan,,,"UEFA Nations League, League C, Gr. 3",159.0,1008.240035,111.0,1180.780449,-48.0,-172.54041400000006,,,,,,,1497.8609027630307,1425.4176257171348,72.44327704589591,
15537773,26/27,5,2026-11-12 19:45:00+00:00,notstarted,Montenegro,Latvia,,,"UEFA Nations League, League C, Gr. 2",80.0,1301.977191,137.0,1085.660758,57.0,216.31643299999996,,,,,,,1474.9089051057706,1473.2065332565196,1.7023718492509943,
15534164,26/27,6,2026-11-17 19:45:00+00:00,notstarted,Ireland,Kosovo,,,"UEFA Nations League, League B, Gr. 3",55.0,1441.096901,78.0,1319.120924,23.0,121.97597699999983,,,,,,,1439.7278487378646,1544.3079605932242,-104.58011185535952,
15534099,26/27,6,2026-11-17 19:45:00+00:00,notstarted,Denmark,Norway,,,"UEFA Nations League, League A, Gr. 4",21.0,1619.474248,19.0,1651.286867,-2.0,-31.81261900000004,,,,,,,1555.9753034188643,1574.0298111099255,-18.05450769106119,
15537777,26/27,6,2026-11-16 17:00:00+00:00,notstarted,Iceland,Luxembourg,,,"UEFA Nations League, League C, Gr. 4",74.0,1342.771961,98.0,1232.81815,24.0,109.95381099999986,,,,,,,1405.9156885399461,1493.4972617179033,-87.58157317795713,
15534110,26/27,5,2026-11-13 19:45:00+00:00,notstarted,Scotland,North Macedonia,,,"UEFA Nations League, League B, Gr. 1",42.0,1491.223887,69.0,1369.159317,27.0,122.06457,,,,,,,1552.4575256546477,1590.1773214187642,-37.7197957641165,
15534237,26/27,6,2026-11-16 17:00:00+00:00,notstarted,Estonia,Bulgaria,,,"UEFA Nations League, League C, Gr. 4",127.0,1130.63629,85.0,1271.683325,-42.0,-141.04703500000005,,,,,,,1457.1591136139211,1490.1557734251837,-32.99665981126259,
15534192,26/27,5,2026-11-13 19:45:00+00:00,notstarted,Slovakia,Faroe Islands,,,"UEFA Nations League, League C, Gr. 3",45.0,1473.660727,123.0,1136.585036,78.0,337.075691,,,,,,,1495.1318652077769,1484.4351758984392,10.696689309337671,
15534180,26/27,5,2026-11-12 17:00:00+00:00,notstarted,Armenia,Cyprus,,,"UEFA Nations League, League C, Gr. 2",107.0,1189.632762,124.0,1133.247165,17.0,56.38559699999996,,,,,,,1466.2145040865944,1387.863193924652,78.35131016194237,
15534143,26/27,5,2026-11-12 19:45:00+00:00,notstarted,Albania,Finland,,,"UEFA Nations League, League C, Gr. 1",67.0,1376.033234,75.0,1341.922408,8.0,34.11082600000009,,,,,,,1468.5050528513927,1458.6497513227348,9.855301528657947,
15534117,26/27,6,2026-11-16 19:45:00+00:00,notstarted,North Macedonia,Slovenia,,,"UEFA Nations League, League B, Gr. 1",69.0,1369.159317,56.0,1441.087158,-13.0,-71.92784099999994,,,,,,,1590.1773214187642,1500.5153124303445,89.66200898841976,
15537776,26/27,6,2026-11-15 14:00:00+00:00,notstarted,Latvia,Armenia,,,"UEFA Nations League, League C, Gr. 2",137.0,1085.660758,107.0,1189.632762,-30.0,-103.97200399999997,,,,,,,1473.2065332565196,1466.2145040865944,6.9920291699252175,
15534153,26/27,5,2026-11-12 19:45:00+00:00,notstarted,San Marino,Belarus,,,"UEFA Nations League, League C, Gr. 1",211.0,721.201827,96.0,1242.876029,-115.0,-521.674202,,,,,,,1375.4368861114942,1497.3686803620212,-121.93179425052699,
