fixture_id,season,round,date,status_type,home_team,away_team,home_goals,away_goals,group,fifa_home_rank,fifa_home_points,fifa_away_rank,fifa_away_points,fifa_rank_diff,fifa_points_diff,rolling_points_home,rolling_points_away,rolling_gd_home,rolling_gd_away,rest_days_home,rest_days_away,real_elo_home,real_elo_away,real_elo_diff,result
7697193,18/19,1,2018-09-06 14:00:00+00:00,finished,Kazakhstan,Georgia,0.0,2.0,"UEFA Nations League, League D, Gr. 1",111.0,1180.780449,72.0,1355.261687,-39.0,-174.48123799999985,,,,,,,1340.0,1522.0,-182.0,A
7697184,18/19,1,2018-09-06 16:00:00+00:00,finished,Armenia,Liechtenstein,2.0,1.0,"UEFA Nations League, League D, Gr. 4",107.0,1189.632762,206.0,797.701009,99.0,391.93175299999996,,,,,,,1456.0,1139.0,317.0,H
7697195,18/19,1,2018-09-06 18:45:00+00:00,finished,Latvia,Andorra,0.0,0.0,"UEFA Nations League, League D, Gr. 1",137.0,1085.660758,172.0,946.429826,35.0,139.23093199999994,,,,,,,1332.0,1063.0,269.0,D
7697183,18/19,1,2018-09-06 18:45:00+00:00,finished,Gibraltar,North Macedonia,0.0,2.0,"UEFA Nations League, League D, Gr. 4",202.0,820.260818,69.0,1369.159317,-133.0,-548.8984990000001,,,,,,,1085.0,1525.0,-440.0,A
7697181,18/19,1,2018-09-06 18:45:00+00:00,finished,Norway,Cyprus,2.0,0.0,"UEFA Nations League, League C, Gr. 3",19.0,1651.286867,124.0,1133.247165,105.0,518.039702,,,,,,,1647.0,1394.0,253.0,H
7697182,18/19,1,2018-09-06 18:45:00+00:00,finished,Slovenia,Bulgaria,1.0,2.0,"UEFA Nations League, League C, Gr. 3",56.0,1441.087158,85.0,1271.683325,29.0,169.40383300000008,,,,,,,1600.0,1640.0,-40.0,A
7697173,18/19,1,2018-09-06 18:45:00+00:00,finished,Czechia,Ukraine,1.0,2.0,"UEFA Nations League, League B, Gr. 1",48.0,1467.260216,33.0,1549.287173,-15.0,-82.02695700000004,,,,,,,1688.0,1774.0,-86.0,A
7697176,18/19,1,2018-09-06 18:45:00+00:00,finished,Wales,Ireland,4.0,1.0,"UEFA Nations League, League B, Gr. 4",38.0,1516.946629,55.0,1441.096901,17.0,75.84972800000014,,,,,,,1799.0,1707.0,92.0,H
7697166,18/19,1,2018-09-06 18:45:00+00:00,finished,Germany,France,0.0,0.0,"UEFA Nations League, League A, Gr. 1",12.0,1726.218839,3.0,1948.970817,-9.0,-222.751978,,,,,,,1967.0,2122.0,-155.0,D
7697192,18/19,1,2018-09-07 16:00:00+00:00,finished,Azerbaijan,Kosovo,0.0,0.0,"UEFA Nations League, League D, Gr. 3",126.0,1131.995112,78.0,1319.120924,-48.0,-187.125812,,,,,,,1399.0,1433.0,-34.0,D
7697169,18/19,1,2018-09-07 18:45:00+00:00,finished,Italy,Poland,1.0,1.0,"UEFA Nations League, League A, Gr. 3",15.0,1704.733836,36.0,1526.183359,21.0,178.550477,,,,,,,1879.0,1793.0,86.0,D
7697174,18/19,1,2018-09-07 18:45:00+00:00,finished,Türkiye,Russia,1.0,2.0,"UEFA Nations League, League B, Gr. 2",27.0,1582.54473,35.0,1529.602834,8.0,52.94189600000004,,,,,,,1701.0,1746.0,-45.0,A
7697177,18/19,1,2018-09-07 18:45:00+00:00,finished,Albania,Israel,1.0,0.0,"UEFA Nations League, League C, Gr. 1",67.0,1376.033234,76.0,1333.904007,9.0,42.1292269999999,,,,,,,1573.0,1512.0,61.0,H
7697197,18/19,1,2018-09-07 18:45:00+00:00,finished,Lithuania,Serbia,0.0,1.0,"UEFA Nations League, League C, Gr. 4",149.0,1056.850321,40.0,1502.133186,-109.0,-445.28286500000013,,,,,,,1384.0,1787.0,-403.0,A
7697196,18/19,1,2018-09-07 18:45:00+00:00,finished,Romania,Montenegro,0.0,0.0,"UEFA Nations League, League C, Gr. 4",52.0,1455.894657,80.0,1301.977191,28.0,153.9174660000001,,,,,,,1714.0,1607.0,107.0,D
7697191,18/19,1,2018-09-07 18:45:00+00:00,finished,Faroe Islands,Malta,3.0,1.0,"UEFA Nations League, League D, Gr. 3",123.0,1136.585036,161.0,992.793497,38.0,143.79153899999994,,,,,,,1308.0,1188.0,120.0,H
7697175,18/19,1,2018-09-08 13:00:00+00:00,finished,Northern Ireland,Bosnia & Herzegovina,1.0,2.0,"UEFA Nations League, League B, Gr. 3",70.0,1365.296485,61.0,1408.930486,-9.0,-43.6340009999999,,,,,,,1654.0,1766.0,-112.0,A
7697167,18/19,1,2018-09-08 16:00:00+00:00,finished,Switzerland,Iceland,6.0,0.0,"UEFA Nations League, League A, Gr. 2",14.0,1710.884769,74.0,1342.771961,60.0,368.1128080000001,,,,,,,1893.0,1693.0,200.0,H
7697180,18/19,1,2018-09-08 16:00:00+00:00,finished,Finland,Hungary,1.0,0.0,"UEFA Nations League, League C, Gr. 2",75.0,1341.922408,39.0,1506.393663,-36.0,-164.47125500000016,,,,,,,1617.0,1562.0,55.0,H
7697190,18/19,1,2018-09-08 16:00:00+00:00,finished,Belarus,San Marino,5.0,0.0,"UEFA Nations League, League D, Gr. 2",96.0,1242.876029,211.0,721.201827,115.0,521.674202,,,,,,,1521.0,851.0,670.0,H
7697179,18/19,1,2018-09-08 18:45:00+00:00,finished,Estonia,Greece,0.0,1.0,"UEFA Nations League, League C, Gr. 2",127.0,1130.63629,46.0,1473.187305,-81.0,-342.551015,,,,,,,1469.0,1661.0,-192.0,A
7697170,18/19,1,2018-09-08 18:45:00+00:00,finished,England,Spain,1.0,2.0,"UEFA Nations League, League A, Gr. 4",4.0,1922.831632,1.0,1995.881879,-3.0,-73.05024700000013,,,,,,,1893.0,2029.0,-136.0,A
7697189,18/19,1,2018-09-08 18:45:00+00:00,finished,Luxembourg,Moldova,4.0,0.0,"UEFA Nations League, League D, Gr. 2",98.0,1232.81815,159.0,1008.240035,61.0,224.57811500000003,,,,,,,1369.0,1301.0,68.0,H
7697172,18/19,2,2018-09-09 13:00:00+00:00,finished,Ukraine,Slovakia,1.0,0.0,"UEFA Nations League, League B, Gr. 1",33.0,1549.287173,45.0,1473.660727,12.0,75.62644599999999,3.0,,1.0,,2.0,,1788.0,1757.0,31.0,H
7697178,18/19,2,2018-09-09 16:00:00+00:00,finished,Denmark,Wales,2.0,0.0,"UEFA Nations League, League B, Gr. 4",21.0,1619.474248,38.0,1516.946629,17.0,102.52761899999996,,3.0,,3.0,,2.0,1890.0,1783.0,107.0,H
7697187,18/19,2,2018-09-09 16:00:00+00:00,finished,Bulgaria,Norway,1.0,0.0,"UEFA Nations League, League C, Gr. 3",85.0,1271.683325,19.0,1651.286867,-66.0,-379.60354200000006,3.0,3.0,1.0,2.0,2.0,2.0,1655.0,1632.0,23.0,H
7697194,18/19,2,2018-09-09 16:00:00+00:00,finished,Georgia,Latvia,1.0,0.0,"UEFA Nations League, League D, Gr. 1",72.0,1355.261687,137.0,1085.660758,65.0,269.60092899999995,3.0,1.0,2.0,0.0,3.0,2.0,1528.0,1326.0,202.0,H
7697185,18/19,2,2018-09-09 16:00:00+00:00,finished,North Macedonia,Armenia,2.0,0.0,"UEFA Nations League, League D, Gr. 4",69.0,1369.159317,107.0,1189.632762,38.0,179.52655500000014,3.0,3.0,2.0,1.0,2.0,3.0,1541.0,1440.0,101.0,H
7697168,18/19,2,2018-09-09 18:45:00+00:00,finished,France,Netherlands,2.0,1.0,"UEFA Nations League, League A, Gr. 1",3.0,1948.970817,9.0,1775.54224,6.0,173.4285769999999,1.0,,0.0,,3.0,,2128.0,1908.0,220.0,H
7697186,18/19,2,2018-09-09 18:45:00+00:00,finished,Cyprus,Slovenia,2.0,1.0,"UEFA Nations League, League C, Gr. 3",124.0,1133.247165,56.0,1441.087158,-68.0,-307.83999300000005,0.0,0.0,-2.0,-1.0,3.0,3.0,1420.0,1574.0,-154.0,H
7697188,18/19,2,2018-09-09 18:45:00+00:00,finished,Liechtenstein,Gibraltar,2.0,0.0,"UEFA Nations League, League D, Gr. 4",206.0,797.701009,202.0,820.260818,-4.0,-22.559808999999973,0.0,0.0,-1.0,-2.0,3.0,3.0,1157.0,1067.0,90.0,H
7697213,18/19,2,2018-09-10 18:45:00+00:00,finished,Kosovo,Faroe Islands,2.0,0.0,"UEFA Nations League, League D, Gr. 3",78.0,1319.120924,123.0,1136.585036,45.0,182.5358880000001,1.0,3.0,0.0,2.0,3.0,3.0,1446.0,1295.0,151.0,H
7697204,18/19,2,2018-09-10 18:45:00+00:00,finished,Andorra,Kazakhstan,1.0,1.0,"UEFA Nations League, League D, Gr. 1",172.0,946.429826,111.0,1180.780449,-61.0,-234.35062300000004,1.0,0.0,0.0,-2.0,4.0,4.0,1072.0,1331.0,-259.0,D
7697215,18/19,2,2018-09-10 18:45:00+00:00,finished,Malta,Azerbaijan,1.0,1.0,"UEFA Nations League, League D, Gr. 3",161.0,992.793497,126.0,1131.995112,-35.0,-139.20161500000006,0.0,1.0,-2.0,0.0,3.0,3.0,1194.0,1393.0,-199.0,D
7697207,18/19,2,2018-09-10 18:45:00+00:00,finished,Montenegro,Lithuania,2.0,0.0,"UEFA Nations League, League C, Gr. 4",80.0,1301.977191,149.0,1056.850321,69.0,245.12687000000005,1.0,0.0,0.0,-1.0,3.0,3.0,1615.0,1376.0,239.0,H
7697200,18/19,2,2018-09-10 18:45:00+00:00,finished,Portugal,Italy,1.0,0.0,"UEFA Nations League, League A, Gr. 3",7.0,1787.854725,15.0,1704.733836,8.0,83.1208889999998,,1.0,,0.0,,3.0,1948.0,1867.0,81.0,H
7697206,18/19,2,2018-09-10 18:45:00+00:00,finished,Serbia,Romania,2.0,2.0,"UEFA Nations League, League C, Gr. 4",40.0,1502.133186,52.0,1455.894657,12.0,46.23852899999997,3.0,1.0,1.0,0.0,3.0,3.0,1778.0,1723.0,55.0,D
7697205,18/19,2,2018-09-10 18:45:00+00:00,finished,Scotland,Albania,2.0,0.0,"UEFA Nations League, League C, Gr. 1",42.0,1491.223887,67.0,1376.033234,25.0,115.19065300000011,,3.0,,1.0,,3.0,1714.0,1560.0,154.0,H
7697202,18/19,2,2018-09-10 18:45:00+00:00,finished,Sweden,Türkiye,2.0,3.0,"UEFA Nations League, League B, Gr. 2",37.0,1525.578992,27.0,1582.54473,-10.0,-56.9657380000001,,0.0,,-1.0,,3.0,1816.0,1733.0,83.0,A
7697199,18/19,2,2018-09-11 18:45:00+00:00,finished,Iceland,Belgium,0.0,3.0,"UEFA Nations League, League A, Gr. 2",74.0,1342.771961,8.0,1778.355242,-66.0,-435.58328100000017,0.0,,-6.0,,3.0,,1681.0,2076.0,-395.0,A
7697201,18/19,2,2018-09-11 18:45:00+00:00,finished,Spain,Croatia,6.0,0.0,"UEFA Nations League, League A, Gr. 4",1.0,1995.881879,13.0,1723.050142,12.0,272.831737,3.0,,1.0,,3.0,,2051.0,1923.0,128.0,H
7697203,18/19,2,2018-09-11 18:45:00+00:00,finished,Bosnia & Herzegovina,Austria,1.0,0.0,"UEFA Nations League, League B, Gr. 3",61.0,1408.930486,23.0,1598.822839,-38.0,-189.89235299999996,3.0,,1.0,,3.0,,1780.0,1744.0,36.0,H
7697211,18/19,2,2018-09-11 18:45:00+00:00,finished,Finland,Estonia,1.0,0.0,"UEFA Nations League, League C, Gr. 2",75.0,1341.922408,127.0,1130.63629,52.0,211.286118,3.0,0.0,1.0,-1.0,3.0,3.0,1625.0,1461.0,164.0,H
7697210,18/19,2,2018-09-11 18:45:00+00:00,finished,Hungary,Greece,2.0,1.0,"UEFA Nations League, League C, Gr. 2",39.0,1506.393663,46.0,1473.187305,7.0,33.20635800000014,0.0,3.0,-1.0,1.0,3.0,3.0,1582.0,1641.0,-59.0,H
7697212,18/19,2,2018-09-11 18:45:00+00:00,finished,Moldova,Belarus,0.0,0.0,"UEFA Nations League, League D, Gr. 2",159.0,1008.240035,96.0,1242.876029,-63.0,-234.63599399999998,0.0,3.0,-4.0,5.0,3.0,3.0,1308.0,1514.0,-206.0,D
7697208,18/19,2,2018-09-11 18:45:00+00:00,finished,San Marino,Luxembourg,0.0,3.0,"UEFA Nations League, League D, Gr. 2",211.0,721.201827,98.0,1232.81815,-113.0,-511.6163230000001,0.0,3.0,-5.0,4.0,3.0,3.0,845.0,1375.0,-530.0,A
7697219,18/19,3,2018-10-11 18:45:00+00:00,finished,Poland,Portugal,2.0,3.0,"UEFA Nations League, League A, Gr. 3",36.0,1526.183359,7.0,1787.854725,-29.0,-261.6713659999998,1.0,3.0,0.0,1.0,34.0,31.0,1771.0,1965.0,-194.0,A
7697234,18/19,3,2018-10-11 18:45:00+00:00,finished,Israel,Scotland,2.0,1.0,"UEFA Nations League, League C, Gr. 1",76.0,1333.904007,42.0,1491.223887,-34.0,-157.31988,0.0,3.0,-1.0,2.0,34.0,31.0,1531.0,1688.0,-157.0,H
7697244,18/19,3,2018-10-11 18:45:00+00:00,finished,Lithuania,Romania,1.0,2.0,"UEFA Nations League, League C, Gr. 4",149.0,1056.850321,52.0,1455.894657,-97.0,-399.04433600000016,0.0,1.0,-1.5,0.0,31.0,31.0,1368.0,1731.0,-363.0,A
7697242,18/19,3,2018-10-11 18:45:00+00:00,finished,Montenegro,Serbia,0.0,2.0,"UEFA Nations League, League C, Gr. 4",80.0,1301.977191,40.0,1502.133186,-40.0,-200.15599500000008,2.0,2.0,1.0,0.5,31.0,31.0,1590.0,1803.0,-213.0,A
7697252,18/19,3,2018-10-11 18:45:00+00:00,finished,Faroe Islands,Azerbaijan,0.0,3.0,"UEFA Nations League, League D, Gr. 3",123.0,1136.585036,126.0,1131.995112,3.0,4.589923999999883,1.5,1.0,0.0,0.0,31.0,31.0,1260.0,1428.0,-168.0,A
7697255,18/19,3,2018-10-11 18:45:00+00:00,finished,Kosovo,Malta,3.0,1.0,"UEFA Nations League, League D, Gr. 3",78.0,1319.120924,161.0,992.793497,83.0,326.32742700000006,2.0,0.5,1.0,-1.0,31.0,31.0,1453.0,1187.0,266.0,H
7697222,18/19,3,2018-10-11 19:45:00+00:00,finished,Russia,Sweden,0.0,0.0,"UEFA Nations League, League B, Gr. 2",35.0,1529.602834,37.0,1525.578992,2.0,4.023842000000059,3.0,0.0,1.0,-1.0,34.0,31.0,1755.0,1818.0,-63.0,D
7697223,18/19,3,2018-10-12 18:45:00+00:00,finished,Austria,Northern Ireland,1.0,0.0,"UEFA Nations League, League B, Gr. 3",23.0,1598.822839,70.0,1365.296485,47.0,233.52635399999986,0.0,0.0,-1.0,-1.0,31.0,34.0,1754.0,1651.0,103.0,H
7697233,18/19,3,2018-10-12 18:45:00+00:00,finished,Estonia,Finland,0.0,1.0,"UEFA Nations League, League C, Gr. 2",127.0,1130.63629,75.0,1341.922408,-52.0,-211.286118,0.0,3.0,-1.0,1.0,31.0,31.0,1445.0,1641.0,-196.0,A
7697232,18/19,3,2018-10-12 18:45:00+00:00,finished,Greece,Hungary,1.0,0.0,"UEFA Nations League, League C, Gr. 2",46.0,1473.187305,39.0,1506.393663,-7.0,-33.20635800000014,1.5,1.5,0.0,0.0,31.0,31.0,1652.0,1571.0,81.0,H
7697251,18/19,3,2018-10-12 18:45:00+00:00,finished,Belarus,Luxembourg,1.0,0.0,"UEFA Nations League, League D, Gr. 2",96.0,1242.876029,98.0,1232.81815,2.0,10.057878999999957,2.0,3.0,2.5,3.5,31.0,31.0,1522.0,1367.0,155.0,H
7697256,18/19,3,2018-10-12 18:45:00+00:00,finished,Moldova,San Marino,2.0,0.0,"UEFA Nations League, League D, Gr. 2",159.0,1008.240035,211.0,721.201827,52.0,287.03820800000005,0.5,0.0,-2.0,-4.0,31.0,31.0,1310.0,843.0,467.0,H
7697214,18/19,3,2018-10-12 18:45:00+00:00,finished,Belgium,Switzerland,2.0,1.0,"UEFA Nations League, League A, Gr. 2",8.0,1778.355242,14.0,1710.884769,6.0,67.47047300000008,3.0,3.0,3.0,6.0,31.0,34.0,2082.0,1880.0,202.0,H
7697220,18/19,3,2018-10-12 18:45:00+00:00,finished,Croatia,England,0.0,0.0,"UEFA Nations League, League A, Gr. 4",13.0,1723.050142,4.0,1922.831632,-9.0,-199.78148999999985,0.0,0.0,-6.0,-1.0,31.0,34.0,1916.0,1907.0,9.0,D
7697221,18/19,3,2018-10-13 13:00:00+00:00,finished,Slovakia,Czechia,1.0,2.0,"UEFA Nations League, League B, Gr. 1",45.0,1473.660727,48.0,1467.260216,3.0,6.400511000000051,0.0,0.0,-1.0,-1.0,34.0,36.0,1727.0,1707.0,20.0,A
7697238,18/19,3,2018-10-13 16:00:00+00:00,finished,Norway,Slovenia,1.0,0.0,"UEFA Nations League, League C, Gr. 3",19.0,1651.286867,56.0,1441.087158,37.0,210.19970899999998,1.5,0.0,0.5,-1.0,34.0,33.0,1643.0,1563.0,80.0,H
7697241,18/19,3,2018-10-13 16:00:00+00:00,finished,Georgia,Andorra,3.0,0.0,"UEFA Nations League, League D, Gr. 1",72.0,1355.261687,172.0,946.429826,100.0,408.8318609999999,3.0,1.0,1.5,0.0,34.0,32.0,1531.0,1069.0,462.0,H
7697243,18/19,3,2018-10-13 16:00:00+00:00,finished,Latvia,Kazakhstan,1.0,1.0,"UEFA Nations League, League D, Gr. 1",137.0,1085.660758,111.0,1180.780449,-26.0,-95.1196910000001,0.5,0.5,-0.5,-1.0,34.0,32.0,1321.0,1336.0,-15.0,D
7697259,18/19,3,2018-10-13 16:00:00+00:00,finished,Armenia,Gibraltar,0.0,1.0,"UEFA Nations League, League D, Gr. 4",107.0,1189.632762,202.0,820.260818,95.0,369.371944,1.5,0.0,-0.5,-2.0,34.0,33.0,1402.0,1105.0,297.0,A
7697216,18/19,3,2018-10-13 18:45:00+00:00,finished,Netherlands,Germany,3.0,0.0,"UEFA Nations League, League A, Gr. 1",9.0,1775.54224,12.0,1726.218839,3.0,49.3234010000001,0.0,1.0,-1.0,0.0,34.0,37.0,1939.0,1941.0,-2.0,H
7697231,18/19,3,2018-10-13 18:45:00+00:00,finished,Ireland,Denmark,0.0,0.0,"UEFA Nations League, League B, Gr. 4",55.0,1441.096901,21.0,1619.474248,-34.0,-178.3773470000001,0.0,3.0,-3.0,2.0,37.0,34.0,1716.0,1886.0,-170.0,D
7697239,18/19,3,2018-10-13 18:45:00+00:00,finished,Bulgaria,Cyprus,2.0,1.0,"UEFA Nations League, League C, Gr. 3",85.0,1271.683325,124.0,1133.247165,39.0,138.43615999999997,3.0,1.5,1.0,-0.5,34.0,34.0,1660.0,1415.0,245.0,H
7697260,18/19,3,2018-10-13 18:45:00+00:00,finished,North Macedonia,Liechtenstein,4.0,1.0,"UEFA Nations League, League D, Gr. 4",69.0,1369.159317,206.0,797.701009,137.0,571.4583080000001,3.0,1.5,2.0,0.5,34.0,34.0,1545.0,1153.0,392.0,H
7697247,18/19,4,2018-10-14 13:00:00+00:00,finished,Romania,Serbia,0.0,0.0,"UEFA Nations League, League C, Gr. 4",52.0,1455.894657,40.0,1502.133186,-12.0,-46.23852899999997,1.6666666666666667,2.3333333333333335,0.3333333333333333,1.0,2.0,2.0,1729.0,1805.0,-76.0,D
7697227,18/19,4,2018-10-14 16:00:00+00:00,finished,Russia,Türkiye,2.0,0.0,"UEFA Nations League, League B, Gr. 2",35.0,1529.602834,27.0,1582.54473,-8.0,-52.94189600000004,2.0,1.5,0.5,0.0,2.0,33.0,1775.0,1711.0,64.0,H
7697253,18/19,4,2018-10-14 16:00:00+00:00,finished,Azerbaijan,Malta,1.0,1.0,"UEFA Nations League, League D, Gr. 3",126.0,1131.995112,161.0,992.793497,35.0,139.20161500000006,1.6666666666666667,0.3333333333333333,1.0,-1.3333333333333333,2.0,2.0,1413.0,1202.0,211.0,D
7697258,18/19,4,2018-10-14 16:00:00+00:00,finished,Faroe Islands,Kosovo,1.0,1.0,"UEFA Nations League, League D, Gr. 3",123.0,1136.585036,78.0,1319.120924,-45.0,-182.5358880000001,1.0,2.3333333333333335,-1.0,1.3333333333333333,2.0,2.0,1265.0,1448.0,-183.0,D
7888071,18/19,4,2018-10-14 18:45:00+00:00,finished,Israel,Albania,2.0,0.0,"UEFA Nations League, League C, Gr. 1",76.0,1333.904007,67.0,1376.033234,-9.0,-42.1292269999999,1.5,1.5,0.0,-0.5,3.0,34.0,1555.0,1531.0,24.0,H
7697248,18/19,4,2018-10-14 18:45:00+00:00,finished,Lithuania,Montenegro,1.0,4.0,"UEFA Nations League, League C, Gr. 4",149.0,1056.850321,80.0,1301.977191,-69.0,-245.12687000000005,0.0,1.3333333333333333,-1.3333333333333333,0.0,3.0,3.0,1345.0,1613.0,-268.0,A
7697218,18/19,4,2018-10-14 18:45:00+00:00,finished,Poland,Italy,0.0,1.0,"UEFA Nations League, League A, Gr. 3",36.0,1526.183359,15.0,1704.733836,-21.0,-178.550477,0.5,0.5,-0.5,-0.5,3.0,34.0,1750.0,1883.0,-133.0,A
7697267,18/19,4,2018-10-15 18:45:00+00:00,finished,Iceland,Switzerland,1.0,2.0,"UEFA Nations League, League A, Gr. 2",74.0,1342.771961,14.0,1710.884769,-60.0,-368.1128080000001,0.0,1.5,-4.5,2.5,34.0,3.0,1675.0,1895.0,-220.0,A
7697264,18/19,4,2018-10-15 18:45:00+00:00,finished,Spain,England,2.0,3.0,"UEFA Nations League, League A, Gr. 4",1.0,1995.881879,4.0,1922.831632,3.0,73.05024700000013,3.0,0.5,3.5,-0.5,34.0,3.0,2029.0,1939.0,90.0,A
7697261,18/19,4,2018-10-15 18:45:00+00:00,finished,Bosnia & Herzegovina,Northern Ireland,2.0,0.0,"UEFA Nations League, League B, Gr. 3",61.0,1408.930486,70.0,1365.296485,9.0,43.6340009999999,3.0,0.0,1.0,-1.0,34.0,3.0,1795.0,1638.0,157.0,H
7697262,18/19,4,2018-10-15 18:45:00+00:00,finished,Estonia,Hungary,3.0,3.0,"UEFA Nations League, League C, Gr. 2",127.0,1130.63629,39.0,1506.393663,-88.0,-375.75737300000014,0.0,1.0,-1.0,-0.3333333333333333,3.0,3.0,1446.0,1570.0,-124.0,D
7697270,18/19,4,2018-10-15 18:45:00+00:00,finished,Finland,Greece,2.0,0.0,"UEFA Nations League, League C, Gr. 2",75.0,1341.922408,46.0,1473.187305,-29.0,-131.26489700000002,3.0,2.0,1.0,0.3333333333333333,3.0,3.0,1663.0,1630.0,33.0,H
7697273,18/19,4,2018-10-15 18:45:00+00:00,finished,Belarus,Moldova,0.0,0.0,"UEFA Nations League, League D, Gr. 2",96.0,1242.876029,159.0,1008.240035,63.0,234.63599399999998,2.3333333333333335,1.3333333333333333,2.0,-0.6666666666666666,3.0,3.0,1508.0,1324.0,184.0,D
7697276,18/19,4,2018-10-15 18:45:00+00:00,finished,Luxembourg,San Marino,3.0,0.0,"UEFA Nations League, League D, Gr. 2",98.0,1232.81815,211.0,721.201827,113.0,511.6163230000001,2.0,0.0,2.0,-3.3333333333333335,3.0,3.0,1369.0,841.0,528.0,H
7697281,18/19,4,2018-10-16 14:00:00+00:00,finished,Kazakhstan,Andorra,4.0,0.0,"UEFA Nations League, League D, Gr. 1",111.0,1180.780449,172.0,946.429826,61.0,234.35062300000004,0.6666666666666666,0.6666666666666666,-0.6666666666666666,-1.0,2.0,2.0,1344.0,1061.0,283.0,H
7697274,18/19,4,2018-10-16 16:00:00+00:00,finished,Armenia,North Macedonia,4.0,0.0,"UEFA Nations League, League D, Gr. 4",107.0,1189.632762,69.0,1369.159317,-38.0,-179.52655500000014,1.0,3.0,-0.6666666666666666,2.3333333333333335,3.0,2.0,1444.0,1503.0,-59.0,H
7697275,18/19,4,2018-10-16 18:45:00+00:00,finished,Gibraltar,Liechtenstein,2.0,1.0,"UEFA Nations League, League D, Gr. 4",202.0,820.260818,206.0,797.701009,4.0,22.559808999999973,1.0,1.0,-1.0,-0.6666666666666666,3.0,3.0,1122.0,1136.0,-14.0,H
7697279,18/19,4,2018-10-16 18:45:00+00:00,finished,Latvia,Georgia,0.0,3.0,"UEFA Nations League, League D, Gr. 1",137.0,1085.660758,72.0,1355.261687,-65.0,-269.60092899999995,0.6666666666666666,3.0,-0.3333333333333333,2.0,3.0,3.0,1297.0,1555.0,-258.0,A
7697277,18/19,4,2018-10-16 18:45:00+00:00,finished,Slovenia,Cyprus,1.0,1.0,"UEFA Nations League, League C, Gr. 3",56.0,1441.087158,124.0,1133.247165,68.0,307.83999300000005,0.0,1.0,-1.0,-0.6666666666666666,3.0,3.0,1551.0,1427.0,124.0,D
7697269,18/19,4,2018-10-16 18:45:00+00:00,finished,Ireland,Wales,0.0,1.0,"UEFA Nations League, League B, Gr. 4",55.0,1441.096901,38.0,1516.946629,-17.0,-75.84972800000014,0.5,1.5,-1.5,0.5,3.0,37.0,1694.0,1795.0,-101.0,A
7697266,18/19,4,2018-10-16 18:45:00+00:00,finished,Ukraine,Czechia,1.0,0.0,"UEFA Nations League, League B, Gr. 1",33.0,1549.287173,48.0,1467.260216,15.0,82.02695700000004,3.0,1.5,1.0,0.0,37.0,3.0,1803.0,1697.0,106.0,H
7697265,18/19,4,2018-10-16 18:45:00+00:00,finished,France,Germany,2.0,1.0,"UEFA Nations League, League A, Gr. 1",3.0,1948.970817,12.0,1726.218839,9.0,222.751978,2.0,0.5,0.5,-1.5,37.0,3.0,2126.0,1934.0,192.0,H
7697278,18/19,4,2018-10-16 18:45:00+00:00,finished,Norway,Bulgaria,1.0,0.0,"UEFA Nations League, League C, Gr. 3",19.0,1651.286867,85.0,1271.683325,66.0,379.60354200000006,2.0,3.0,0.6666666666666666,1.0,3.0,3.0,1658.0,1645.0,13.0,H
7697286,18/19,5,2018-11-15 15:00:00+00:00,finished,Kazakhstan,Latvia,1.0,1.0,"UEFA Nations League, League D, Gr. 1",111.0,1180.780449,137.0,1085.660758,26.0,95.1196910000001,1.25,0.5,0.5,-1.0,30.0,29.0,1336.0,1305.0,31.0,D
7697306,18/19,5,2018-11-15 19:45:00+00:00,finished,Belgium,Iceland,2.0,0.0,"UEFA Nations League, League A, Gr. 2",8.0,1778.355242,74.0,1342.771961,66.0,435.58328100000017,3.0,0.0,2.0,-3.3333333333333335,34.0,31.0,2079.0,1672.0,407.0,H
7697300,18/19,5,2018-11-15 19:45:00+00:00,finished,Croatia,Spain,3.0,2.0,"UEFA Nations League, League A, Gr. 4",13.0,1723.050142,1.0,1995.881879,-12.0,-272.831737,0.5,2.0,-3.0,2.0,34.0,31.0,1938.0,2008.0,-70.0,H
7697299,18/19,5,2018-11-15 19:45:00+00:00,finished,Austria,Bosnia & Herzegovina,0.0,0.0,"UEFA Nations League, League B, Gr. 3",23.0,1598.822839,61.0,1408.930486,38.0,189.89235299999996,1.5,3.0,0.0,1.3333333333333333,34.0,31.0,1745.0,1798.0,-53.0,D
7697290,18/19,5,2018-11-15 19:45:00+00:00,finished,Greece,Finland,1.0,0.0,"UEFA Nations League, League C, Gr. 2",46.0,1473.187305,75.0,1341.922408,29.0,131.26489700000002,1.5,3.0,-0.25,1.25,31.0,31.0,1646.0,1647.0,-1.0,H
7697287,18/19,5,2018-11-15 19:45:00+00:00,finished,Hungary,Estonia,2.0,0.0,"UEFA Nations League, League C, Gr. 2",39.0,1506.393663,127.0,1130.63629,88.0,375.75737300000014,1.0,0.25,-0.25,-0.75,31.0,31.0,1583.0,1433.0,150.0,H
7697285,18/19,5,2018-11-15 19:45:00+00:00,finished,Andorra,Georgia,1.0,1.0,"UEFA Nations League, League D, Gr. 1",172.0,946.429826,72.0,1355.261687,-100.0,-408.8318609999999,0.5,3.0,-1.75,2.25,30.0,30.0,1077.0,1539.0,-462.0,D
7697282,18/19,5,2018-11-15 19:45:00+00:00,finished,Luxembourg,Belarus,0.0,2.0,"UEFA Nations League, League D, Gr. 2",98.0,1232.81815,96.0,1242.876029,-2.0,-10.057878999999957,2.25,2.0,2.25,1.5,31.0,31.0,1342.0,1535.0,-193.0,A
7697280,18/19,5,2018-11-15 19:45:00+00:00,finished,San Marino,Moldova,0.0,1.0,"UEFA Nations League, League D, Gr. 2",211.0,721.201827,159.0,1008.240035,-52.0,-287.03820800000005,0.0,1.25,-3.25,-0.5,31.0,31.0,837.0,1328.0,-491.0,A
7697263,18/19,5,2018-11-16 19:45:00+00:00,finished,Liechtenstein,North Macedonia,0.0,2.0,"UEFA Nations League, League D, Gr. 4",206.0,797.701009,69.0,1369.159317,-137.0,-571.4583080000001,0.75,2.25,-0.75,0.75,31.0,31.0,1125.0,1514.0,-389.0,A
7697268,18/19,5,2018-11-16 19:45:00+00:00,finished,Gibraltar,Armenia,2.0,6.0,"UEFA Nations League, League D, Gr. 4",202.0,820.260818,107.0,1189.632762,-95.0,-369.371944,1.5,1.5,-0.5,0.5,31.0,31.0,1106.0,1460.0,-354.0,A
7697297,18/19,5,2018-11-16 19:45:00+00:00,finished,Wales,Denmark,1.0,2.0,"UEFA Nations League, League B, Gr. 4",38.0,1516.946629,21.0,1619.474248,-17.0,-102.52761899999996,2.0,2.0,0.6666666666666666,1.0,31.0,34.0,1775.0,1912.0,-137.0,A
7697292,18/19,5,2018-11-16 19:45:00+00:00,finished,Cyprus,Bulgaria,1.0,1.0,"UEFA Nations League, League C, Gr. 3",124.0,1133.247165,85.0,1271.683325,-39.0,-138.43615999999997,1.0,2.25,-0.5,0.5,31.0,31.0,1434.0,1638.0,-204.0,D
7697293,18/19,5,2018-11-16 19:45:00+00:00,finished,Slovenia,Norway,1.0,1.0,"UEFA Nations League, League C, Gr. 3",56.0,1441.087158,19.0,1651.286867,-37.0,-210.19970899999998,0.25,2.25,-0.75,0.75,31.0,31.0,1551.0,1658.0,-107.0,D
7697305,18/19,5,2018-11-16 19:45:00+00:00,finished,Netherlands,France,2.0,0.0,"UEFA Nations League, League A, Gr. 1",9.0,1775.54224,3.0,1948.970817,-6.0,-173.4285769999999,1.5,2.3333333333333335,1.0,0.6666666666666666,34.0,31.0,1982.0,2089.0,-107.0,H
7697302,18/19,5,2018-11-16 19:45:00+00:00,finished,Slovakia,Ukraine,4.0,1.0,"UEFA Nations League, League B, Gr. 1",45.0,1473.660727,33.0,1549.287173,-12.0,-75.62644599999999,0.0,3.0,-1.0,1.0,34.0,31.0,1764.0,1771.0,-7.0,H
7697289,18/19,5,2018-11-17 14:00:00+00:00,finished,Serbia,Montenegro,2.0,1.0,"UEFA Nations League, League C, Gr. 4",40.0,1502.133186,80.0,1301.977191,40.0,200.15599500000008,2.0,1.75,0.75,0.75,34.0,33.0,1811.0,1607.0,204.0,H
7697296,18/19,5,2018-11-17 17:00:00+00:00,finished,Türkiye,Sweden,0.0,1.0,"UEFA Nations League, League B, Gr. 2",27.0,1582.54473,37.0,1525.578992,10.0,56.9657380000001,1.0,0.5,-0.6666666666666666,-0.5,34.0,36.0,1691.0,1833.0,-142.0,A
7697271,18/19,5,2018-11-17 17:00:00+00:00,finished,Azerbaijan,Faroe Islands,2.0,0.0,"UEFA Nations League, League D, Gr. 3",126.0,1131.995112,123.0,1136.585036,-3.0,-4.589923999999883,1.5,1.0,0.75,-0.75,34.0,34.0,1425.0,1253.0,172.0,H
7697272,18/19,5,2018-11-17 17:00:00+00:00,finished,Malta,Kosovo,0.0,5.0,"UEFA Nations League, League D, Gr. 3",161.0,992.793497,78.0,1319.120924,-83.0,-326.32742700000006,0.5,2.0,-1.0,1.0,34.0,34.0,1178.0,1472.0,-294.0,A
7697307,18/19,5,2018-11-17 19:45:00+00:00,finished,Italy,Portugal,0.0,0.0,"UEFA Nations League, League A, Gr. 3",15.0,1704.733836,7.0,1787.854725,-8.0,-83.1208889999998,1.3333333333333333,3.0,0.0,1.0,34.0,37.0,1882.0,1974.0,-92.0,D
7697295,18/19,5,2018-11-17 19:45:00+00:00,finished,Albania,Scotland,0.0,4.0,"UEFA Nations League, League C, Gr. 1",67.0,1376.033234,42.0,1491.223887,-25.0,-115.19065300000011,1.0,1.5,-1.0,0.5,34.0,37.0,1499.0,1712.0,-213.0,A
7697288,18/19,5,2018-11-17 19:45:00+00:00,finished,Romania,Lithuania,3.0,0.0,"UEFA Nations League, League C, Gr. 4",52.0,1455.894657,149.0,1056.850321,97.0,399.04433600000016,1.5,0.0,0.25,-1.75,34.0,34.0,1733.0,1341.0,392.0,H
7697301,18/19,6,2018-11-18 14:00:00+00:00,finished,England,Croatia,2.0,1.0,"UEFA Nations League, League A, Gr. 4",4.0,1922.831632,13.0,1723.050142,9.0,199.78148999999985,1.3333333333333333,1.3333333333333333,0.0,-1.6666666666666667,33.0,2.0,1959.0,1924.0,35.0,H
7697298,18/19,6,2018-11-18 17:00:00+00:00,finished,Northern Ireland,Austria,1.0,2.0,"UEFA Nations League, League B, Gr. 3",70.0,1365.296485,23.0,1598.822839,-47.0,-233.52635399999986,0.0,1.3333333333333333,-1.3333333333333333,0.0,33.0,2.0,1622.0,1765.0,-143.0,A
7697284,18/19,6,2018-11-18 17:00:00+00:00,finished,Moldova,Luxembourg,1.0,1.0,"UEFA Nations League, League D, Gr. 2",159.0,1008.240035,98.0,1232.81815,-61.0,-224.57811500000003,1.6,1.8,-0.2,1.4,2.0,2.0,1323.0,1347.0,-24.0,D
7697283,18/19,6,2018-11-18 17:00:00+00:00,finished,San Marino,Belarus,0.0,2.0,"UEFA Nations League, League D, Gr. 2",211.0,721.201827,96.0,1242.876029,-115.0,-521.674202,0.0,2.2,-2.8,1.6,2.0,2.0,835.0,1537.0,-702.0,A
7697291,18/19,6,2018-11-18 19:45:00+00:00,finished,Greece,Estonia,0.0,1.0,"UEFA Nations League, League C, Gr. 2",46.0,1473.187305,127.0,1130.63629,81.0,342.551015,1.8,0.2,0.0,-1.0,3.0,3.0,1612.0,1467.0,145.0,A
7697294,18/19,6,2018-11-18 19:45:00+00:00,finished,Hungary,Finland,2.0,0.0,"UEFA Nations League, League C, Gr. 2",39.0,1506.393663,75.0,1341.922408,36.0,164.47125500000016,1.4,2.4,0.2,0.8,3.0,3.0,1610.0,1620.0,-10.0,H
7697304,18/19,6,2018-11-18 19:45:00+00:00,finished,Switzerland,Belgium,5.0,2.0,"UEFA Nations League, League A, Gr. 2",14.0,1710.884769,8.0,1778.355242,-6.0,-67.47047300000008,2.0,3.0,2.0,2.0,34.0,3.0,1921.0,2034.0,-113.0,H
7697229,18/19,6,2018-11-19 17:00:00+00:00,finished,Andorra,Latvia,0.0,0.0,"UEFA Nations League, League D, Gr. 1",172.0,946.429826,137.0,1085.660758,-35.0,-139.23093199999994,0.6,0.6,-1.4,-0.8,3.0,4.0,1084.0,1298.0,-214.0,D
7697230,18/19,6,2018-11-19 17:00:00+00:00,finished,Georgia,Kazakhstan,2.0,1.0,"UEFA Nations League, League D, Gr. 1",72.0,1355.261687,111.0,1180.780449,39.0,174.48123799999985,2.6,1.2,1.8,0.4,3.0,4.0,1545.0,1330.0,215.0,H
7697254,18/19,6,2018-11-19 19:45:00+00:00,finished,Germany,Netherlands,2.0,2.0,"UEFA Nations League, League A, Gr. 1",12.0,1726.218839,9.0,1775.54224,-3.0,-49.3234010000001,0.3333333333333333,2.0,-1.3333333333333333,1.3333333333333333,34.0,3.0,1937.0,1985.0,-48.0,D
7697250,18/19,6,2018-11-19 19:45:00+00:00,finished,Czechia,Slovakia,1.0,0.0,"UEFA Nations League, League B, Gr. 1",48.0,1467.260216,45.0,1473.660727,-3.0,-6.400511000000051,1.0,1.0,-0.3333333333333333,0.3333333333333333,34.0,3.0,1728.0,1747.0,-19.0,H
7697246,18/19,6,2018-11-19 19:45:00+00:00,finished,Denmark,Ireland,0.0,0.0,"UEFA Nations League, League B, Gr. 4",21.0,1619.474248,55.0,1441.096901,34.0,178.3773470000001,2.3333333333333335,0.3333333333333333,1.0,-1.3333333333333333,3.0,34.0,1897.0,1705.0,192.0,D
7697236,18/19,6,2018-11-19 19:45:00+00:00,finished,Bulgaria,Slovenia,1.0,1.0,"UEFA Nations League, League C, Gr. 3",85.0,1271.683325,56.0,1441.087158,-29.0,-169.40383300000008,2.0,0.4,0.4,-0.6,3.0,3.0,1628.0,1561.0,67.0,D
7697235,18/19,6,2018-11-19 19:45:00+00:00,finished,Cyprus,Norway,0.0,2.0,"UEFA Nations League, League C, Gr. 3",124.0,1133.247165,19.0,1651.286867,-105.0,-518.039702,1.0,2.0,-0.4,0.6,3.0,3.0,1414.0,1678.0,-264.0,A
7697224,18/19,6,2018-11-19 19:45:00+00:00,finished,Liechtenstein,Armenia,2.0,2.0,"UEFA Nations League, League D, Gr. 4",206.0,797.701009,107.0,1189.632762,-99.0,-391.93175299999996,0.6,1.8,-1.0,1.2,3.0,3.0,1137.0,1448.0,-311.0,D
7697228,18/19,6,2018-11-19 19:45:00+00:00,finished,North Macedonia,Gibraltar,4.0,0.0,"UEFA Nations League, League D, Gr. 4",69.0,1369.159317,202.0,820.260818,133.0,548.8984990000001,2.4,1.2,1.0,-1.2,3.0,3.0,1518.0,1102.0,416.0,H
7697225,18/19,6,2018-11-20 19:45:00+00:00,finished,Malta,Faroe Islands,1.0,1.0,"UEFA Nations League, League D, Gr. 3",161.0,992.793497,123.0,1136.585036,-38.0,-143.79153899999994,0.4,0.8,-1.8,-1.0,3.0,3.0,1177.0,1254.0,-77.0,D
7697249,18/19,6,2018-11-20 19:45:00+00:00,finished,Sweden,Russia,2.0,0.0,"UEFA Nations League, League B, Gr. 2",37.0,1525.578992,35.0,1529.602834,-2.0,-4.023842000000059,1.3333333333333333,2.3333333333333335,0.0,1.0,3.0,37.0,1850.0,1752.0,98.0,H
7697245,18/19,6,2018-11-20 19:45:00+00:00,finished,Scotland,Israel,3.0,2.0,"UEFA Nations League, League C, Gr. 1",42.0,1491.223887,76.0,1333.904007,34.0,157.31988,2.0,2.0,1.6666666666666667,0.6666666666666666,3.0,37.0,1720.0,1561.0,159.0,H
7697240,18/19,6,2018-11-20 19:45:00+00:00,finished,Montenegro,Romania,0.0,1.0,"UEFA Nations League, League C, Gr. 4",80.0,1301.977191,52.0,1455.894657,-28.0,-153.9174660000001,1.4,1.8,0.4,0.8,3.0,3.0,1588.0,1752.0,-164.0,A
7697237,18/19,6,2018-11-20 19:45:00+00:00,finished,Serbia,Lithuania,4.0,1.0,"UEFA Nations League, League C, Gr. 4",40.0,1502.133186,149.0,1056.850321,109.0,445.28286500000013,2.2,0.0,0.8,-2.0,3.0,3.0,1814.0,1338.0,476.0,H
7697257,18/19,6,2018-11-20 19:45:00+00:00,finished,Portugal,Poland,1.0,1.0,"UEFA Nations League, League A, Gr. 3",7.0,1787.854725,36.0,1526.183359,29.0,261.6713659999998,2.3333333333333335,0.3333333333333333,0.6666666666666666,-0.6666666666666666,3.0,37.0,1959.0,1751.0,208.0,D
7697226,18/19,6,2018-11-20 19:45:00+00:00,finished,Kosovo,Azerbaijan,4.0,0.0,"UEFA Nations League, League D, Gr. 3",78.0,1319.120924,126.0,1131.995112,48.0,187.125812,2.2,1.8,1.8,1.0,3.0,3.0,1495.0,1402.0,93.0,H
8600839,20/21,1,2020-09-03 16:00:00+00:00,finished,Latvia,Andorra,0.0,0.0,"UEFA Nations League, League D, Gr. 1",137.0,1085.660758,172.0,946.429826,35.0,139.23093199999994,0.6,0.6,-0.8,-1.4,653.0,653.0,1242.0,1119.0,123.0,D
8600763,20/21,1,2020-09-03 18:45:00+00:00,finished,Germany,Spain,1.0,1.0,"UEFA Nations League, League A, Gr. 4",12.0,1726.218839,1.0,1995.881879,-11.0,-269.66304000000014,0.5,1.5,-1.0,1.25,653.0,657.0,1962.0,2030.0,-68.0,D
8600814,20/21,1,2020-09-03 18:45:00+00:00,finished,Bulgaria,Ireland,1.0,1.0,"UEFA Nations League, League B, Gr. 4",85.0,1271.683325,55.0,1441.096901,-30.0,-169.41357599999992,1.6,0.5,0.2,-1.0,653.0,653.0,1563.0,1725.0,-162.0,D
8600816,20/21,1,2020-09-03 18:45:00+00:00,finished,Finland,Wales,0.0,1.0,"UEFA Nations League, League B, Gr. 4",75.0,1341.922408,38.0,1516.946629,-37.0,-175.02422100000013,1.8,1.5,0.2,0.25,654.0,656.0,1629.0,1800.0,-171.0,A
8600843,20/21,1,2020-09-03 18:45:00+00:00,finished,Moldova,Kosovo,1.0,1.0,"UEFA Nations League, League C, Gr. 3",159.0,1008.240035,78.0,1319.120924,-81.0,-310.880889,1.8,2.6,0.6,2.6,655.0,652.0,1253.0,1546.0,-293.0,D
8600844,20/21,1,2020-09-03 18:45:00+00:00,finished,Slovenia,Greece,0.0,0.0,"UEFA Nations League, League C, Gr. 3",56.0,1441.087158,46.0,1473.187305,-10.0,-32.10014699999988,0.6,1.2,-0.4,-0.4,653.0,654.0,1582.0,1611.0,-29.0,D
8600846,20/21,1,2020-09-03 18:45:00+00:00,finished,Faroe Islands,Malta,3.0,2.0,"UEFA Nations League, League D, Gr. 1",123.0,1136.585036,161.0,992.793497,38.0,143.79153899999994,0.4,0.6,-1.4,-1.4,652.0,652.0,1236.0,1156.0,80.0,H
8600731,20/21,1,2020-09-03 18:45:00+00:00,finished,Ukraine,Switzerland,2.0,1.0,"UEFA Nations League, League A, Gr. 4",33.0,1549.287173,14.0,1710.884769,-19.0,-161.59759600000007,2.25,2.25,0.0,2.25,656.0,654.0,1873.0,1880.0,-7.0,H
8600810,20/21,1,2020-09-03 18:45:00+00:00,finished,Türkiye,Hungary,0.0,1.0,"UEFA Nations League, League B, Gr. 3",27.0,1582.54473,39.0,1506.393663,12.0,76.15106700000001,0.75,2.0,-0.75,0.8,656.0,654.0,1745.0,1651.0,94.0,A
8600813,20/21,1,2020-09-03 18:45:00+00:00,finished,Russia,Serbia,3.0,1.0,"UEFA Nations League, League B, Gr. 3",35.0,1529.602834,40.0,1502.133186,5.0,27.469648000000007,1.75,2.2,0.25,1.2,652.0,652.0,1816.0,1772.0,44.0,H
8600835,20/21,1,2020-09-04 16:00:00+00:00,finished,Lithuania,Kazakhstan,0.0,2.0,"UEFA Nations League, League C, Gr. 4",149.0,1056.850321,111.0,1180.780449,-38.0,-123.9301280000002,0.0,1.2,-2.4,0.6,653.0,654.0,1286.0,1395.0,-109.0,A
8600730,20/21,1,2020-09-04 18:45:00+00:00,finished,Italy,Bosnia & Herzegovina,1.0,1.0,"UEFA Nations League, League A, Gr. 1",15.0,1704.733836,61.0,1408.930486,46.0,295.80335000000014,1.25,2.5,0.0,1.0,656.0,658.0,1952.0,1699.0,253.0,D
8600742,20/21,1,2020-09-04 18:45:00+00:00,finished,Netherlands,Poland,1.0,0.0,"UEFA Nations League, League A, Gr. 1",9.0,1775.54224,36.0,1526.183359,27.0,249.35888099999988,1.75,0.5,1.0,-0.5,654.0,653.0,2022.0,1784.0,238.0,H
8600794,20/21,1,2020-09-04 18:45:00+00:00,finished,Norway,Austria,1.0,2.0,"UEFA Nations League, League B, Gr. 1",19.0,1651.286867,23.0,1598.822839,4.0,52.4640280000001,2.0,1.75,0.6,0.25,654.0,656.0,1697.0,1766.0,-69.0,A
8600767,20/21,1,2020-09-04 18:45:00+00:00,finished,Romania,Northern Ireland,1.0,1.0,"UEFA Nations League, League B, Gr. 1",52.0,1455.894657,70.0,1365.296485,18.0,90.59817199999998,2.2,0.0,1.0,-1.25,653.0,656.0,1694.0,1684.0,10.0,D
8600758,20/21,1,2020-09-04 18:45:00+00:00,finished,Scotland,Israel,1.0,1.0,"UEFA Nations League, League B, Gr. 2",42.0,1491.223887,76.0,1333.904007,34.0,157.31988,2.25,1.5,1.5,0.25,653.0,653.0,1629.0,1548.0,81.0,D
8600777,20/21,1,2020-09-04 18:45:00+00:00,finished,Slovakia,Czechia,1.0,3.0,"UEFA Nations League, League B, Gr. 2",45.0,1473.660727,48.0,1467.260216,3.0,6.400511000000051,0.75,1.5,0.0,0.0,654.0,654.0,1696.0,1773.0,-77.0,A
8600840,20/21,1,2020-09-04 18:45:00+00:00,finished,Belarus,Albania,0.0,2.0,"UEFA Nations League, League C, Gr. 4",96.0,1242.876029,67.0,1376.033234,-29.0,-133.15720499999998,2.2,0.75,1.0,-1.75,656.0,656.0,1482.0,1569.0,-87.0,A
8600818,20/21,1,2020-09-05 13:00:00+00:00,finished,North Macedonia,Armenia,2.0,1.0,"UEFA Nations League, League C, Gr. 2",69.0,1369.159317,107.0,1189.632762,38.0,179.52655500000014,2.4,1.4,1.4,1.0,655.0,655.0,1556.0,1440.0,116.0,H
8600841,20/21,1,2020-09-05 13:00:00+00:00,finished,Gibraltar,San Marino,1.0,0.0,"UEFA Nations League, League D, Gr. 2",202.0,820.260818,211.0,721.201827,9.0,99.05899099999999,1.2,0.0,-1.6,-2.2,655.0,656.0,1089.0,816.0,273.0,H
8600820,20/21,1,2020-09-05 16:00:00+00:00,finished,Cyprus,Montenegro,0.0,2.0,"UEFA Nations League, League C, Gr. 1",124.0,1133.247165,80.0,1301.977191,-44.0,-168.73002599999995,1.0,1.2,-0.4,0.2,655.0,654.0,1371.0,1550.0,-179.0,A
8600817,20/21,1,2020-09-05 16:00:00+00:00,finished,Estonia,Georgia,0.0,1.0,"UEFA Nations League, League C, Gr. 2",127.0,1130.63629,72.0,1355.261687,-55.0,-224.62539700000002,0.8,2.6,-0.6,1.6,656.0,655.0,1414.0,1569.0,-155.0,A
8600790,20/21,1,2020-09-05 16:00:00+00:00,finished,Iceland,England,0.0,1.0,"UEFA Nations League, League A, Gr. 2",74.0,1342.771961,4.0,1922.831632,-70.0,-580.059671,0.0,1.75,-3.0,0.25,659.0,657.0,1674.0,1966.0,-292.0,A
8600822,20/21,1,2020-09-05 16:00:00+00:00,finished,Azerbaijan,Luxembourg,1.0,2.0,"UEFA Nations League, League C, Gr. 1",126.0,1131.995112,98.0,1232.81815,-28.0,-100.823038,1.6,1.4,0.2,0.6,654.0,656.0,1348.0,1366.0,-18.0,A
8600732,20/21,1,2020-09-05 18:45:00+00:00,finished,Denmark,Belgium,0.0,2.0,"UEFA Nations League, League A, Gr. 2",21.0,1619.474248,8.0,1778.355242,-13.0,-158.8809940000001,2.0,2.25,0.75,0.75,655.0,656.0,1869.0,2105.0,-236.0,A
8600740,20/21,1,2020-09-05 18:45:00+00:00,finished,Portugal,Croatia,4.0,1.0,"UEFA Nations League, League A, Gr. 3",7.0,1787.854725,13.0,1723.050142,6.0,64.80458299999987,2.0,1.0,0.5,-1.5,654.0,657.0,2005.0,1901.0,104.0,H
8600734,20/21,1,2020-09-05 18:45:00+00:00,finished,Sweden,France,0.0,1.0,"UEFA Nations League, League A, Gr. 3",37.0,1525.578992,3.0,1948.970817,-34.0,-423.3918249999999,1.75,1.75,0.5,0.0,654.0,658.0,1848.0,2062.0,-214.0,A
8600819,20/21,2,2020-09-06 13:00:00+00:00,finished,Wales,Bulgaria,1.0,0.0,"UEFA Nations League, League B, Gr. 4",38.0,1516.946629,85.0,1271.683325,47.0,245.26330400000006,1.8,1.2,0.4,0.0,2.0,2.0,1805.0,1558.0,247.0,H
8600847,20/21,2,2020-09-06 13:00:00+00:00,finished,Andorra,Faroe Islands,0.0,1.0,"UEFA Nations League, League D, Gr. 1",172.0,946.429826,123.0,1136.585036,-49.0,-190.1552099999999,0.6,1.0,-1.4,-0.8,2.0,2.0,1100.0,1255.0,-155.0,A
8600815,20/21,2,2020-09-06 16:00:00+00:00,finished,Ireland,Finland,0.0,1.0,"UEFA Nations League, League B, Gr. 4",55.0,1441.096901,75.0,1341.922408,20.0,99.17449299999998,0.6,1.2,-0.8,-0.2,2.0,2.0,1695.0,1659.0,36.0,A
8600811,20/21,2,2020-09-06 16:00:00+00:00,finished,Hungary,Russia,2.0,3.0,"UEFA Nations League, League B, Gr. 3",39.0,1506.393663,35.0,1529.602834,-4.0,-23.20917099999997,2.0,2.0,0.8,0.6,2.0,2.0,1635.0,1832.0,-197.0,A
8600851,20/21,2,2020-09-06 16:00:00+00:00,finished,Slovenia,Moldova,1.0,0.0,"UEFA Nations League, League C, Gr. 3",56.0,1441.087158,159.0,1008.240035,103.0,432.847123,0.8,1.8,-0.2,0.6,2.0,2.0,1585.0,1250.0,335.0,H
8600769,20/21,2,2020-09-06 18:45:00+00:00,finished,Switzerland,Germany,1.0,1.0,"UEFA Nations League, League A, Gr. 4",14.0,1710.884769,12.0,1726.218839,-2.0,-15.334069999999883,1.8,0.6,1.6,-0.8,3.0,3.0,1879.0,1963.0,-84.0,D
8600838,20/21,2,2020-09-06 18:45:00+00:00,finished,Kosovo,Greece,1.0,2.0,"UEFA Nations League, League C, Gr. 3",78.0,1319.120924,46.0,1473.187305,-32.0,-154.06638099999986,2.2,1.4,2.2,-0.2,3.0,3.0,1524.0,1633.0,-109.0,A
8600812,20/21,2,2020-09-06 18:45:00+00:00,finished,Serbia,Türkiye,0.0,0.0,"UEFA Nations League, League B, Gr. 3",40.0,1502.133186,27.0,1582.54473,-13.0,-80.41154400000005,2.0,0.6,0.8,-0.8,3.0,3.0,1765.0,1752.0,13.0,D
8600733,20/21,2,2020-09-06 18:45:00+00:00,finished,Spain,Ukraine,4.0,0.0,"UEFA Nations League, League A, Gr. 4",1.0,1995.881879,33.0,1549.287173,32.0,446.5947060000001,1.4,2.4,1.0,0.2,3.0,3.0,2044.0,1859.0,185.0,H
8600845,20/21,2,2020-09-06 18:45:00+00:00,finished,Malta,Latvia,1.0,1.0,"UEFA Nations League, League D, Gr. 1",161.0,992.793497,137.0,1085.660758,-24.0,-92.86726099999998,0.4,0.8,-1.6,-0.6,3.0,3.0,1155.0,1243.0,-88.0,D
8600834,20/21,2,2020-09-07 14:00:00+00:00,finished,Kazakhstan,Belarus,1.0,2.0,"UEFA Nations League, League C, Gr. 4",111.0,1180.780449,96.0,1242.876029,-15.0,-62.09557999999993,1.6,2.0,1.0,0.6,2.0,2.0,1374.0,1503.0,-129.0,A
8600876,20/21,2,2020-09-07 18:45:00+00:00,finished,Bosnia & Herzegovina,Poland,1.0,2.0,"UEFA Nations League, League A, Gr. 1",61.0,1408.930486,36.0,1526.183359,-25.0,-117.25287300000014,2.2,0.4,0.8,-0.6,3.0,3.0,1678.0,1805.0,-127.0,A
8600871,20/21,2,2020-09-07 18:45:00+00:00,finished,Netherlands,Italy,0.0,1.0,"UEFA Nations League, League A, Gr. 1",9.0,1775.54224,15.0,1704.733836,6.0,70.80840399999988,2.0,1.2,1.0,0.0,3.0,3.0,1993.0,1981.0,12.0,A
8600877,20/21,2,2020-09-07 18:45:00+00:00,finished,Austria,Romania,2.0,3.0,"UEFA Nations League, League B, Gr. 1",23.0,1598.822839,52.0,1455.894657,29.0,142.92818199999988,2.0,2.2,0.4,1.0,3.0,3.0,1737.0,1723.0,14.0,A
8600886,20/21,2,2020-09-07 18:45:00+00:00,finished,Northern Ireland,Norway,1.0,5.0,"UEFA Nations League, League B, Gr. 1",70.0,1365.296485,19.0,1651.286867,-51.0,-285.99038199999995,0.2,2.0,-1.0,0.6,3.0,3.0,1637.0,1744.0,-107.0,A
8600836,20/21,2,2020-09-07 18:45:00+00:00,finished,Czechia,Scotland,1.0,2.0,"UEFA Nations League, League B, Gr. 2",48.0,1467.260216,42.0,1491.223887,-6.0,-23.963671000000204,1.8,2.0,0.4,1.2,3.0,3.0,1741.0,1661.0,80.0,A
8600837,20/21,2,2020-09-07 18:45:00+00:00,finished,Israel,Slovakia,1.0,1.0,"UEFA Nations League, League B, Gr. 2",76.0,1333.904007,45.0,1473.660727,-31.0,-139.75671999999986,1.4,0.6,0.2,-0.4,3.0,3.0,1551.0,1693.0,-142.0,D
8600848,20/21,2,2020-09-07 18:45:00+00:00,finished,Albania,Lithuania,0.0,1.0,"UEFA Nations League, League C, Gr. 4",67.0,1376.033234,149.0,1056.850321,82.0,319.1829130000001,1.2,0.0,-1.0,-2.4,3.0,3.0,1533.0,1322.0,211.0,A
8600850,20/21,2,2020-09-08 16:00:00+00:00,finished,Armenia,Estonia,2.0,0.0,"UEFA Nations League, League C, Gr. 2",107.0,1189.632762,127.0,1130.63629,20.0,58.99647200000004,1.4,0.8,1.2,-0.6,3.0,3.0,1460.0,1394.0,66.0,H
8600849,20/21,2,2020-09-08 16:00:00+00:00,finished,Georgia,North Macedonia,1.0,1.0,"UEFA Nations League, League C, Gr. 2",72.0,1355.261687,69.0,1369.159317,-3.0,-13.897630000000163,2.6,2.4,1.6,1.2,3.0,3.0,1563.0,1562.0,1.0,D
8600882,20/21,2,2020-09-08 18:45:00+00:00,finished,France,Croatia,4.0,2.0,"UEFA Nations League, League A, Gr. 3",3.0,1948.970817,13.0,1723.050142,10.0,225.92067499999985,2.0,0.8,0.2,-1.8,3.0,3.0,2073.0,1890.0,183.0,H
8600833,20/21,2,2020-09-08 18:45:00+00:00,finished,San Marino,Liechtenstein,0.0,2.0,"UEFA Nations League, League D, Gr. 2",211.0,721.201827,206.0,797.701009,-5.0,-76.49918200000002,0.0,0.8,-1.8,-0.8,3.0,658.0,808.0,1149.0,-341.0,A
8600842,20/21,2,2020-09-08 18:45:00+00:00,finished,Luxembourg,Montenegro,0.0,1.0,"UEFA Nations League, League C, Gr. 1",98.0,1232.81815,80.0,1301.977191,-18.0,-69.15904099999989,1.4,1.2,0.2,0.2,3.0,3.0,1351.0,1565.0,-214.0,A
8600832,20/21,2,2020-09-08 18:45:00+00:00,finished,Cyprus,Azerbaijan,0.0,1.0,"UEFA Nations League, League C, Gr. 1",124.0,1133.247165,126.0,1131.995112,2.0,1.2520529999999326,0.4,1.4,-1.0,0.0,3.0,3.0,1344.0,1375.0,-31.0,A
8600861,20/21,2,2020-09-08 18:45:00+00:00,finished,Denmark,England,0.0,0.0,"UEFA Nations League, League A, Gr. 2",21.0,1619.474248,4.0,1922.831632,-17.0,-303.3573839999999,1.6,2.0,0.2,0.4,3.0,3.0,1869.0,1966.0,-97.0,D
8600853,20/21,2,2020-09-08 18:45:00+00:00,finished,Belgium,Iceland,5.0,1.0,"UEFA Nations League, League A, Gr. 2",8.0,1778.355242,74.0,1342.771961,66.0,435.58328100000017,2.4,0.0,1.0,-2.6,3.0,3.0,2108.0,1671.0,437.0,H
8600875,20/21,2,2020-09-08 18:45:00+00:00,finished,Sweden,Portugal,0.0,2.0,"UEFA Nations League, League A, Gr. 3",37.0,1525.578992,7.0,1787.854725,-30.0,-262.27573299999995,1.4,2.2,0.2,1.0,3.0,3.0,1823.0,2030.0,-207.0,A
8600863,20/21,3,2020-10-10 13:00:00+00:00,finished,Luxembourg,Cyprus,2.0,0.0,"UEFA Nations League, League C, Gr. 1",98.0,1232.81815,124.0,1133.247165,26.0,99.57098500000006,1.4,0.4,0.2,-1.0,31.0,31.0,1356.0,1319.0,37.0,H
8600870,20/21,3,2020-10-10 13:00:00+00:00,finished,Montenegro,Azerbaijan,2.0,0.0,"UEFA Nations League, League C, Gr. 1",80.0,1301.977191,126.0,1131.995112,46.0,169.98207899999989,1.8,1.4,0.8,-0.4,31.0,31.0,1567.0,1365.0,202.0,H
8600872,20/21,3,2020-10-10 16:00:00+00:00,finished,Faroe Islands,Latvia,1.0,1.0,"UEFA Nations League, League D, Gr. 1",123.0,1136.585036,137.0,1085.660758,14.0,50.92427799999996,1.6,0.8,0.0,-0.6,34.0,33.0,1248.0,1257.0,-9.0,D
8600859,20/21,3,2020-10-10 16:00:00+00:00,finished,Liechtenstein,Gibraltar,0.0,1.0,"UEFA Nations League, League D, Gr. 2",206.0,797.701009,202.0,820.260818,-4.0,-22.559808999999973,0.8,1.8,-0.8,-1.0,31.0,35.0,1136.0,1111.0,25.0,A
8600869,20/21,3,2020-10-10 18:45:00+00:00,finished,Andorra,Malta,0.0,0.0,"UEFA Nations League, League D, Gr. 1",172.0,946.429826,161.0,992.793497,-11.0,-46.363670999999954,0.6,0.6,-1.0,-1.2,34.0,34.0,1093.0,1165.0,-72.0,D
8600751,20/21,3,2020-10-10 18:45:00+00:00,finished,Spain,Switzerland,1.0,0.0,"UEFA Nations League, League A, Gr. 4",1.0,1995.881879,14.0,1710.884769,13.0,284.99711,1.4,1.4,1.6,0.4,34.0,34.0,2053.0,1859.0,194.0,H
8600754,20/21,3,2020-10-10 18:45:00+00:00,finished,Ukraine,Germany,1.0,2.0,"UEFA Nations League, League A, Gr. 4",33.0,1549.287173,12.0,1726.218839,-21.0,-176.93166599999995,1.8,0.6,-0.8,-0.8,34.0,34.0,1833.0,1976.0,-143.0,A
8600880,20/21,3,2020-10-11 13:00:00+00:00,finished,Kazakhstan,Albania,0.0,0.0,"UEFA Nations League, League C, Gr. 4",111.0,1180.780449,67.0,1376.033234,-44.0,-195.2527849999999,1.4,0.6,0.8,-1.4,33.0,33.0,1377.0,1530.0,-153.0,D
8600856,20/21,3,2020-10-11 13:00:00+00:00,finished,Ireland,Wales,0.0,0.0,"UEFA Nations League, League B, Gr. 4",55.0,1441.096901,38.0,1516.946629,-17.0,-75.84972800000014,0.6,1.8,-0.4,0.0,34.0,35.0,1700.0,1799.0,-99.0,D
8600746,20/21,3,2020-10-11 16:00:00+00:00,finished,England,Belgium,2.0,1.0,"UEFA Nations League, League A, Gr. 2",4.0,1922.831632,8.0,1778.355242,4.0,144.4763899999998,2.2,2.4,0.6,1.2,32.0,32.0,1994.0,2077.0,-83.0,H
8600827,20/21,3,2020-10-11 16:00:00+00:00,finished,Croatia,Sweden,2.0,1.0,"UEFA Nations League, League A, Gr. 3",13.0,1723.050142,37.0,1525.578992,24.0,197.47115000000008,0.8,1.4,-1.0,0.0,32.0,32.0,1914.0,1825.0,89.0,H
8600766,20/21,3,2020-10-11 16:00:00+00:00,finished,Norway,Romania,4.0,0.0,"UEFA Nations League, League B, Gr. 1",19.0,1651.286867,52.0,1455.894657,33.0,195.39220999999998,2.0,2.2,1.2,1.0,33.0,33.0,1746.0,1680.0,66.0,H
8600753,20/21,3,2020-10-11 16:00:00+00:00,finished,Bosnia & Herzegovina,Netherlands,0.0,0.0,"UEFA Nations League, League A, Gr. 1",61.0,1408.930486,9.0,1775.54224,-52.0,-366.611754,1.6,2.0,0.4,1.0,33.0,33.0,1681.0,1967.0,-286.0,D
8600858,20/21,3,2020-10-11 16:00:00+00:00,finished,Finland,Bulgaria,2.0,0.0,"UEFA Nations League, League B, Gr. 4",75.0,1341.922408,85.0,1271.683325,10.0,70.23908299999994,1.2,0.6,-0.2,-0.4,35.0,35.0,1665.0,1513.0,152.0,H
8600854,20/21,3,2020-10-11 16:00:00+00:00,finished,Armenia,Georgia,2.0,2.0,"UEFA Nations League, League C, Gr. 2",107.0,1189.632762,72.0,1355.261687,-35.0,-165.62892499999998,2.0,2.2,1.8,1.0,33.0,33.0,1466.0,1568.0,-102.0,D
8600860,20/21,3,2020-10-11 16:00:00+00:00,finished,Estonia,North Macedonia,3.0,3.0,"UEFA Nations League, League C, Gr. 2",127.0,1130.63629,69.0,1369.159317,-58.0,-238.52302700000018,0.8,2.0,-0.8,0.6,33.0,33.0,1378.0,1568.0,-190.0,D
8600887,20/21,3,2020-10-11 16:00:00+00:00,finished,Lithuania,Belarus,2.0,2.0,"UEFA Nations League, League C, Gr. 4",149.0,1056.850321,96.0,1242.876029,-53.0,-186.02570800000012,0.6,2.0,-2.0,0.6,33.0,34.0,1347.0,1489.0,-142.0,D
8600866,20/21,3,2020-10-11 18:45:00+00:00,finished,Greece,Moldova,2.0,0.0,"UEFA Nations League, League C, Gr. 3",46.0,1473.187305,159.0,1008.240035,113.0,464.9472699999999,1.4,1.2,-0.2,0.0,35.0,35.0,1632.0,1246.0,386.0,H
8600779,20/21,3,2020-10-11 18:45:00+00:00,finished,Poland,Italy,0.0,0.0,"UEFA Nations League, League A, Gr. 1",36.0,1526.183359,15.0,1704.733836,-21.0,-178.550477,0.8,1.6,-0.4,0.2,34.0,34.0,1816.0,1977.0,-161.0,D
8600736,20/21,3,2020-10-11 18:45:00+00:00,finished,Iceland,Denmark,0.0,3.0,"UEFA Nations League, League A, Gr. 2",74.0,1342.771961,21.0,1619.474248,-53.0,-276.70228700000007,0.0,1.2,-2.2,-0.2,33.0,33.0,1661.0,1897.0,-236.0,A
8600788,20/21,3,2020-10-11 18:45:00+00:00,finished,France,Portugal,0.0,0.0,"UEFA Nations League, League A, Gr. 3",3.0,1948.970817,7.0,1787.854725,4.0,161.11609199999998,2.4,2.2,0.6,1.2,33.0,33.0,2071.0,2036.0,35.0,D
8600789,20/21,3,2020-10-11 18:45:00+00:00,finished,Northern Ireland,Austria,0.0,1.0,"UEFA Nations League, League B, Gr. 1",70.0,1365.296485,23.0,1598.822839,-47.0,-233.52635399999986,0.2,2.0,-1.6,0.4,34.0,34.0,1625.0,1762.0,-137.0,A
8600741,20/21,3,2020-10-11 18:45:00+00:00,finished,Israel,Czechia,1.0,2.0,"UEFA Nations League, League B, Gr. 2",76.0,1333.904007,48.0,1467.260216,-28.0,-133.3562089999998,1.6,1.8,0.4,0.4,34.0,34.0,1547.0,1759.0,-212.0,A
8600791,20/21,3,2020-10-11 18:45:00+00:00,finished,Scotland,Slovakia,1.0,0.0,"UEFA Nations League, League B, Gr. 2",42.0,1491.223887,45.0,1473.660727,3.0,17.563160000000153,2.0,0.8,1.0,-0.2,34.0,34.0,1666.0,1672.0,-6.0,H
8600830,20/21,3,2020-10-11 18:45:00+00:00,finished,Russia,Türkiye,1.0,1.0,"UEFA Nations League, League B, Gr. 3",35.0,1529.602834,27.0,1582.54473,-8.0,-52.94189600000004,2.0,0.8,0.6,-0.6,35.0,35.0,1810.0,1768.0,42.0,D
8600750,20/21,3,2020-10-11 18:45:00+00:00,finished,Serbia,Hungary,0.0,1.0,"UEFA Nations League, League B, Gr. 3",40.0,1502.133186,39.0,1506.393663,-1.0,-4.260477000000037,1.6,2.0,0.4,0.8,35.0,35.0,1758.0,1698.0,60.0,A
8600868,20/21,3,2020-10-11 18:45:00+00:00,finished,Kosovo,Slovenia,0.0,1.0,"UEFA Nations League, League C, Gr. 3",78.0,1319.120924,56.0,1441.087158,-22.0,-121.96623399999999,1.6,1.4,1.6,0.2,35.0,35.0,1490.0,1607.0,-117.0,A
8600878,20/21,4,2020-10-13 16:00:00+00:00,finished,Azerbaijan,Cyprus,0.0,0.0,"UEFA Nations League, League C, Gr. 1",126.0,1131.995112,124.0,1133.247165,-2.0,-1.2520529999999326,1.2,0.2,-0.8,-1.4,3.0,3.0,1362.0,1322.0,40.0,D
8600883,20/21,4,2020-10-13 16:00:00+00:00,finished,Latvia,Malta,0.0,1.0,"UEFA Nations League, League D, Gr. 1",137.0,1085.660758,161.0,992.793497,24.0,92.86726099999998,1.0,0.6,0.0,-1.2,3.0,2.0,1227.0,1195.0,32.0,A
8600795,20/21,4,2020-10-13 18:45:00+00:00,finished,Germany,Switzerland,3.0,3.0,"UEFA Nations League, League A, Gr. 4",12.0,1726.218839,14.0,1710.884769,2.0,15.334069999999883,1.2,1.4,0.0,0.4,3.0,3.0,1965.0,1870.0,95.0,D
8600749,20/21,4,2020-10-13 18:45:00+00:00,finished,Ukraine,Spain,1.0,0.0,"UEFA Nations League, League A, Gr. 4",33.0,1549.287173,1.0,1995.881879,-32.0,-446.5947060000001,1.2,1.4,-1.2,0.6,3.0,3.0,1860.0,2026.0,-166.0,H
8600879,20/21,4,2020-10-13 18:45:00+00:00,finished,Montenegro,Luxembourg,1.0,2.0,"UEFA Nations League, League C, Gr. 1",80.0,1301.977191,98.0,1232.81815,18.0,69.15904099999989,1.8,1.4,0.6,0.0,3.0,3.0,1533.0,1390.0,143.0,A
8600881,20/21,4,2020-10-13 18:45:00+00:00,finished,Faroe Islands,Andorra,2.0,0.0,"UEFA Nations League, League D, Gr. 1",123.0,1136.585036,172.0,946.429826,49.0,190.1552099999999,1.6,0.8,0.0,-0.2,3.0,3.0,1259.0,1082.0,177.0,H
8600867,20/21,4,2020-10-13 18:45:00+00:00,finished,Liechtenstein,San Marino,0.0,0.0,"UEFA Nations League, League D, Gr. 2",206.0,797.701009,211.0,721.201827,5.0,76.49918200000002,0.8,0.0,-0.4,-1.8,3.0,35.0,1119.0,825.0,294.0,D
8600862,20/21,4,2020-10-14 16:00:00+00:00,finished,Finland,Ireland,1.0,0.0,"UEFA Nations League, League B, Gr. 4",75.0,1341.922408,55.0,1441.096901,-20.0,-99.17449299999998,1.2,0.6,-0.2,-0.4,3.0,3.0,1681.0,1684.0,-3.0,H
8600888,20/21,4,2020-10-14 16:00:00+00:00,finished,Lithuania,Albania,0.0,0.0,"UEFA Nations League, League C, Gr. 4",149.0,1056.850321,67.0,1376.033234,-82.0,-319.1829130000001,0.8,0.8,-1.4,-1.0,3.0,3.0,1352.0,1525.0,-173.0,D
8600770,20/21,4,2020-10-14 18:45:00+00:00,finished,Türkiye,Serbia,2.0,2.0,"UEFA Nations League, League B, Gr. 3",27.0,1582.54473,40.0,1502.133186,13.0,80.41154400000005,0.4,1.4,-0.8,0.2,3.0,3.0,1762.0,1764.0,-2.0,D
8600783,20/21,4,2020-10-14 18:45:00+00:00,finished,Russia,Hungary,0.0,0.0,"UEFA Nations League, League B, Gr. 3",35.0,1529.602834,39.0,1506.393663,4.0,23.20917099999997,2.0,2.4,0.6,1.0,3.0,3.0,1799.0,1709.0,90.0,D
8600852,20/21,4,2020-10-14 18:45:00+00:00,finished,Bulgaria,Wales,0.0,1.0,"UEFA Nations League, League B, Gr. 4",85.0,1271.683325,38.0,1516.946629,-47.0,-245.26330400000006,0.6,2.0,-0.6,0.4,3.0,3.0,1503.0,1809.0,-306.0,A
8600864,20/21,4,2020-10-14 18:45:00+00:00,finished,Estonia,Armenia,1.0,1.0,"UEFA Nations League, League C, Gr. 2",127.0,1130.63629,107.0,1189.632762,-20.0,-58.99647200000004,0.8,1.6,-0.8,1.0,3.0,3.0,1377.0,1467.0,-90.0,D
8600828,20/21,4,2020-10-14 18:45:00+00:00,finished,Slovakia,Israel,2.0,3.0,"UEFA Nations League, League B, Gr. 2",45.0,1473.660727,76.0,1333.904007,31.0,139.75671999999986,0.8,1.0,-0.2,0.0,3.0,3.0,1641.0,1578.0,63.0,A
8600874,20/21,4,2020-10-14 18:45:00+00:00,finished,Greece,Kosovo,0.0,0.0,"UEFA Nations League, League C, Gr. 3",46.0,1473.187305,78.0,1319.120924,32.0,154.06638099999986,2.0,1.4,0.6,1.4,3.0,3.0,1620.0,1502.0,118.0,D
8600865,20/21,4,2020-10-14 18:45:00+00:00,finished,Moldova,Slovenia,0.0,4.0,"UEFA Nations League, League C, Gr. 3",159.0,1008.240035,56.0,1441.087158,-103.0,-432.847123,1.0,1.8,-0.4,0.4,3.0,3.0,1232.0,1621.0,-389.0,A
8600885,20/21,4,2020-10-14 18:45:00+00:00,finished,Belarus,Kazakhstan,2.0,0.0,"UEFA Nations League, League C, Gr. 4",96.0,1242.876029,111.0,1180.780449,15.0,62.09557999999993,2.0,1.0,0.6,0.0,3.0,3.0,1503.0,1363.0,140.0,H
8600857,20/21,4,2020-10-14 18:45:00+00:00,finished,North Macedonia,Georgia,1.0,1.0,"UEFA Nations League, League C, Gr. 2",69.0,1369.159317,72.0,1355.261687,3.0,13.897630000000163,2.2,1.8,1.4,0.4,3.0,3.0,1562.0,1574.0,-12.0,D
8600757,20/21,4,2020-10-14 18:45:00+00:00,finished,Scotland,Czechia,1.0,0.0,"UEFA Nations League, League B, Gr. 2",42.0,1491.223887,48.0,1467.260216,6.0,23.963671000000204,2.6,1.8,1.4,0.4,3.0,3.0,1686.0,1739.0,-53.0,H
8600780,20/21,4,2020-10-14 18:45:00+00:00,finished,Norway,Northern Ireland,1.0,0.0,"UEFA Nations League, League B, Gr. 1",19.0,1651.286867,70.0,1365.296485,51.0,285.99038199999995,2.0,0.2,1.8,-1.6,3.0,3.0,1755.0,1616.0,139.0,H
8600774,20/21,4,2020-10-14 18:45:00+00:00,finished,Portugal,Sweden,3.0,0.0,"UEFA Nations League, League A, Gr. 3",7.0,1787.854725,37.0,1525.578992,30.0,262.27573299999995,1.8,1.2,1.0,-0.2,3.0,3.0,2046.0,1815.0,231.0,H
8600755,20/21,4,2020-10-14 18:45:00+00:00,finished,Croatia,France,1.0,2.0,"UEFA Nations League, League A, Gr. 3",13.0,1723.050142,3.0,1948.970817,-10.0,-225.92067499999985,1.2,2.0,-0.8,0.4,3.0,3.0,1897.0,2088.0,-191.0,A
8600748,20/21,4,2020-10-14 18:45:00+00:00,finished,Iceland,Belgium,1.0,2.0,"UEFA Nations League, League A, Gr. 2",74.0,1342.771961,8.0,1778.355242,-66.0,-435.58328100000017,0.0,1.8,-2.2,0.8,3.0,3.0,1655.0,2083.0,-428.0,A
8600764,20/21,4,2020-10-14 18:45:00+00:00,finished,England,Denmark,0.0,1.0,"UEFA Nations League, League A, Gr. 2",4.0,1922.831632,21.0,1619.474248,17.0,303.3573839999999,2.6,1.6,0.8,0.4,3.0,3.0,1964.0,1927.0,37.0,A
8600796,20/21,4,2020-10-14 18:45:00+00:00,finished,Poland,Bosnia & Herzegovina,3.0,0.0,"UEFA Nations League, League A, Gr. 1",36.0,1526.183359,61.0,1408.930486,25.0,117.25287300000014,1.0,1.2,-0.2,0.2,3.0,3.0,1830.0,1667.0,163.0,H
8600821,20/21,4,2020-10-14 18:45:00+00:00,finished,Italy,Netherlands,1.0,1.0,"UEFA Nations League, League A, Gr. 1",15.0,1704.733836,9.0,1775.54224,-6.0,-70.80840399999988,1.8,1.6,0.4,0.4,3.0,3.0,1971.0,1973.0,-2.0,D
8600786,20/21,4,2020-10-14 18:45:00+00:00,finished,Romania,Austria,0.0,1.0,"UEFA Nations League, League B, Gr. 1",52.0,1455.894657,23.0,1598.822839,-29.0,-142.92818199999988,2.0,2.0,0.2,0.4,3.0,3.0,1659.0,1783.0,-124.0,A
8600855,20/21,5,2020-11-14 14:00:00+00:00,finished,San Marino,Gibraltar,0.0,0.0,"UEFA Nations League, League D, Gr. 2",211.0,721.201827,202.0,820.260818,-9.0,-99.05899099999999,0.2,1.8,-1.2,-1.0,31.0,34.0,830.0,1099.0,-269.0,D
8600884,20/21,5,2020-11-14 14:00:00+00:00,finished,Malta,Andorra,3.0,1.0,"UEFA Nations League, League D, Gr. 1",161.0,992.793497,172.0,946.429826,11.0,46.363670999999954,1.2,0.6,0.0,-0.6,31.0,31.0,1217.0,1069.0,148.0,H
8600899,20/21,5,2020-11-14 17:00:00+00:00,finished,Cyprus,Luxembourg,2.0,1.0,"UEFA Nations League, League C, Gr. 1",124.0,1133.247165,98.0,1232.81815,-26.0,-99.57098500000006,0.2,2.0,-1.4,0.6,32.0,31.0,1338.0,1367.0,-29.0,H
8600897,20/21,5,2020-11-14 17:00:00+00:00,finished,Azerbaijan,Montenegro,0.0,0.0,"UEFA Nations League, League C, Gr. 1",126.0,1131.995112,80.0,1301.977191,-46.0,-169.98207899999989,0.8,1.8,-1.2,0.6,32.0,31.0,1378.0,1518.0,-140.0,D
8600873,20/21,5,2020-11-14 17:00:00+00:00,finished,Latvia,Faroe Islands,1.0,1.0,"UEFA Nations League, League D, Gr. 1",137.0,1085.660758,123.0,1136.585036,-14.0,-50.92427799999996,0.8,2.2,-0.2,0.8,32.0,31.0,1228.0,1258.0,-30.0,D
8600739,20/21,5,2020-11-14 19:45:00+00:00,finished,Portugal,France,0.0,1.0,"UEFA Nations League, League A, Gr. 3",7.0,1787.854725,3.0,1948.970817,-4.0,-161.11609199999998,2.2,2.0,1.6,0.4,31.0,31.0,2021.0,2085.0,-64.0,A
8600776,20/21,5,2020-11-14 19:45:00+00:00,finished,Sweden,Croatia,2.0,1.0,"UEFA Nations League, League A, Gr. 3",37.0,1525.578992,13.0,1723.050142,-24.0,-197.47115000000008,0.6,0.6,-1.0,-1.2,31.0,31.0,1827.0,1877.0,-50.0,H
8600771,20/21,5,2020-11-14 19:45:00+00:00,finished,Germany,Ukraine,3.0,1.0,"UEFA Nations League, League A, Gr. 4",12.0,1726.218839,33.0,1549.287173,21.0,176.93166599999995,1.4,1.2,0.2,-1.2,32.0,32.0,1981.0,1835.0,146.0,H
8600829,20/21,5,2020-11-14 19:45:00+00:00,finished,Switzerland,Spain,1.0,1.0,"UEFA Nations League, League A, Gr. 4",14.0,1710.884769,1.0,1995.881879,-13.0,-284.99711,1.0,1.4,0.2,0.6,32.0,32.0,1870.0,2024.0,-154.0,D
8600825,20/21,5,2020-11-15 14:00:00+00:00,finished,Slovakia,Scotland,1.0,0.0,"UEFA Nations League, League B, Gr. 2",45.0,1473.660727,42.0,1491.223887,-3.0,-17.563160000000153,0.2,2.6,-1.0,0.8,31.0,31.0,1681.0,1679.0,2.0,H
8600890,20/21,5,2020-11-15 14:00:00+00:00,finished,North Macedonia,Estonia,2.0,1.0,"UEFA Nations League, League C, Gr. 2",69.0,1369.159317,127.0,1130.63629,58.0,238.52302700000018,1.8,1.0,1.0,-0.4,31.0,31.0,1594.0,1370.0,224.0,H
8600889,20/21,5,2020-11-15 17:00:00+00:00,finished,Georgia,Armenia,1.0,2.0,"UEFA Nations League, League C, Gr. 2",72.0,1355.261687,107.0,1189.632762,35.0,165.62892499999998,1.8,1.2,0.4,0.2,31.0,31.0,1518.0,1497.0,21.0,A
8600898,20/21,5,2020-11-15 17:00:00+00:00,finished,Albania,Kazakhstan,3.0,1.0,"UEFA Nations League, League C, Gr. 4",67.0,1376.033234,111.0,1180.780449,44.0,195.2527849999999,1.0,0.8,-0.6,-0.4,32.0,31.0,1543.0,1359.0,184.0,H
8600896,20/21,5,2020-11-15 17:00:00+00:00,finished,Wales,Ireland,1.0,0.0,"UEFA Nations League, League B, Gr. 4",38.0,1516.946629,55.0,1441.096901,17.0,75.84972800000014,2.0,0.6,0.4,-0.4,31.0,32.0,1813.0,1671.0,142.0,H
8600893,20/21,5,2020-11-15 17:00:00+00:00,finished,Bulgaria,Finland,1.0,2.0,"UEFA Nations League, League B, Gr. 4",85.0,1271.683325,75.0,1341.922408,-10.0,-70.23908299999994,0.4,1.8,-0.8,0.2,31.0,32.0,1491.0,1723.0,-232.0,A
8600900,20/21,5,2020-11-15 17:00:00+00:00,finished,Belarus,Lithuania,2.0,0.0,"UEFA Nations League, League C, Gr. 4",96.0,1242.876029,149.0,1056.850321,53.0,186.02570800000012,2.0,1.0,0.6,-0.8,31.0,32.0,1509.0,1345.0,164.0,H
8600826,20/21,5,2020-11-15 17:00:00+00:00,finished,Netherlands,Bosnia & Herzegovina,3.0,1.0,"UEFA Nations League, League A, Gr. 1",9.0,1775.54224,61.0,1408.930486,52.0,366.611754,1.2,0.6,0.0,-0.8,31.0,31.0,1977.0,1646.0,331.0,H
8600831,20/21,5,2020-11-15 17:00:00+00:00,finished,Türkiye,Russia,3.0,2.0,"UEFA Nations League, League B, Gr. 3",27.0,1582.54473,35.0,1529.602834,8.0,52.94189600000004,0.6,1.6,-0.4,0.2,31.0,31.0,1779.0,1774.0,5.0,H
8600902,20/21,5,2020-11-15 19:45:00+00:00,finished,Slovenia,Kosovo,2.0,1.0,"UEFA Nations League, League C, Gr. 3",56.0,1441.087158,78.0,1319.120924,22.0,121.96623399999999,2.2,1.0,1.2,0.4,32.0,32.0,1622.0,1486.0,136.0,H
8600894,20/21,5,2020-11-15 19:45:00+00:00,finished,Moldova,Greece,0.0,2.0,"UEFA Nations League, League C, Gr. 3",159.0,1008.240035,46.0,1473.187305,-113.0,-464.9472699999999,0.4,1.6,-1.4,0.4,32.0,32.0,1231.0,1632.0,-401.0,A
8600824,20/21,5,2020-11-15 19:45:00+00:00,finished,Hungary,Serbia,1.0,1.0,"UEFA Nations League, League B, Gr. 3",39.0,1506.393663,40.0,1502.133186,1.0,4.260477000000037,2.0,1.0,0.6,0.0,32.0,32.0,1717.0,1759.0,-42.0,D
8600762,20/21,5,2020-11-15 19:45:00+00:00,finished,Austria,Northern Ireland,2.0,1.0,"UEFA Nations League, League B, Gr. 1",23.0,1598.822839,70.0,1365.296485,47.0,233.52635399999986,2.4,0.2,0.6,-1.4,32.0,32.0,1794.0,1586.0,208.0,H
8600785,20/21,5,2020-11-15 19:45:00+00:00,finished,Romania,Norway,3.0,0.0,"UEFA Nations League, League B, Gr. 1",52.0,1455.894657,19.0,1651.286867,-33.0,-195.39220999999998,1.4,2.4,-0.6,2.0,32.0,32.0,1665.0,1755.0,-90.0,H
8600823,20/21,5,2020-11-15 19:45:00+00:00,finished,Belgium,England,2.0,0.0,"UEFA Nations League, League A, Gr. 2",8.0,1778.355242,4.0,1922.831632,-4.0,-144.4763899999998,1.8,2.0,0.6,0.4,32.0,32.0,2099.0,1955.0,144.0,H
8600743,20/21,5,2020-11-15 19:45:00+00:00,finished,Denmark,Iceland,2.0,1.0,"UEFA Nations League, League A, Gr. 2",21.0,1619.474248,74.0,1342.771961,53.0,276.70228700000007,1.6,0.0,0.4,-2.2,32.0,32.0,1938.0,1639.0,299.0,H
8600782,20/21,5,2020-11-15 19:45:00+00:00,finished,Czechia,Israel,1.0,0.0,"UEFA Nations League, League B, Gr. 2",48.0,1467.260216,76.0,1333.904007,28.0,133.3562089999998,1.8,1.0,0.4,-0.2,32.0,32.0,1743.0,1571.0,172.0,H
8600772,20/21,5,2020-11-15 19:45:00+00:00,finished,Italy,Poland,2.0,0.0,"UEFA Nations League, League A, Gr. 1",15.0,1704.733836,36.0,1526.183359,21.0,178.550477,1.4,1.6,0.2,0.6,32.0,32.0,1985.0,1829.0,156.0,H
8600892,20/21,6,2020-11-17 19:45:00+00:00,finished,Luxembourg,Azerbaijan,0.0,0.0,"UEFA Nations League, League C, Gr. 1",98.0,1232.81815,126.0,1131.995112,28.0,100.823038,1.8,1.0,0.4,-0.4,3.0,3.0,1362.0,1383.0,-21.0,D
8600745,20/21,6,2020-11-17 19:45:00+00:00,postponed,Switzerland,Ukraine,3.0,0.0,"UEFA Nations League, League A, Gr. 4",14.0,1710.884769,33.0,1549.287173,19.0,161.59759600000007,,,,,,,1870.0,1835.0,35.0,
8600781,20/21,6,2020-11-17 19:45:00+00:00,finished,Spain,Germany,6.0,0.0,"UEFA Nations League, League A, Gr. 4",1.0,1995.881879,12.0,1726.218839,11.0,269.66304000000014,1.6,1.8,0.8,0.6,3.0,3.0,2050.0,1955.0,95.0,H
8600775,20/21,6,2020-11-17 19:45:00+00:00,finished,Croatia,Portugal,2.0,3.0,"UEFA Nations League, League A, Gr. 3",13.0,1723.050142,7.0,1787.854725,-6.0,-64.80458299999987,0.6,2.0,-1.2,1.4,3.0,3.0,1860.0,2038.0,-178.0,A
8600735,20/21,6,2020-11-17 19:45:00+00:00,finished,France,Sweden,4.0,2.0,"UEFA Nations League, League A, Gr. 3",3.0,1948.970817,37.0,1525.578992,34.0,423.3918249999999,2.6,0.6,1.0,-1.2,3.0,3.0,2092.0,1820.0,272.0,H
8600895,20/21,6,2020-11-17 19:45:00+00:00,finished,Montenegro,Cyprus,4.0,0.0,"UEFA Nations League, League C, Gr. 1",80.0,1301.977191,124.0,1133.247165,44.0,168.73002599999995,2.0,0.8,0.8,-0.8,3.0,3.0,1530.0,1326.0,204.0,H
8600909,20/21,6,2020-11-17 19:45:00+00:00,finished,Andorra,Latvia,0.0,5.0,"UEFA Nations League, League D, Gr. 1",172.0,946.429826,137.0,1085.660758,-35.0,-139.23093199999994,0.4,0.8,-1.0,-0.2,3.0,3.0,1036.0,1261.0,-225.0,A
8600907,20/21,6,2020-11-17 19:45:00+00:00,finished,Malta,Faroe Islands,1.0,1.0,"UEFA Nations League, League D, Gr. 1",161.0,992.793497,123.0,1136.585036,-38.0,-143.79153899999994,1.6,2.2,0.4,0.8,3.0,3.0,1214.0,1261.0,-47.0,D
8600906,20/21,6,2020-11-17 19:45:00+00:00,finished,Gibraltar,Liechtenstein,1.0,1.0,"UEFA Nations League, League D, Gr. 2",202.0,820.260818,206.0,797.701009,4.0,22.559808999999973,1.4,1.0,-1.2,-0.2,3.0,35.0,1094.0,1115.0,-21.0,D
8600901,20/21,6,2020-11-18 15:00:00+00:00,finished,Albania,Belarus,3.0,2.0,"UEFA Nations League, League C, Gr. 4",67.0,1376.033234,96.0,1242.876029,29.0,133.15720499999998,1.6,2.0,0.6,0.6,2.0,2.0,1556.0,1496.0,60.0,H
8600891,20/21,6,2020-11-18 15:00:00+00:00,finished,Kazakhstan,Lithuania,1.0,2.0,"UEFA Nations League, League C, Gr. 4",111.0,1180.780449,149.0,1056.850321,38.0,123.9301280000002,0.8,1.0,-0.6,-0.6,2.0,2.0,1333.0,1371.0,-38.0,A
8600912,20/21,6,2020-11-18 17:00:00+00:00,finished,Armenia,North Macedonia,1.0,0.0,"UEFA Nations League, League C, Gr. 2",107.0,1189.632762,69.0,1369.159317,-38.0,-179.52655500000014,1.6,1.8,0.4,0.4,3.0,3.0,1522.0,1569.0,-47.0,H
8600904,20/21,6,2020-11-18 17:00:00+00:00,finished,Georgia,Estonia,0.0,0.0,"UEFA Nations League, League C, Gr. 2",72.0,1355.261687,127.0,1130.63629,55.0,224.62539700000002,1.2,0.4,0.0,-0.8,3.0,3.0,1506.0,1382.0,124.0,D
8600784,20/21,6,2020-11-18 19:45:00+00:00,finished,Czechia,Slovakia,2.0,0.0,"UEFA Nations League, League B, Gr. 2",48.0,1467.260216,45.0,1473.660727,-3.0,-6.400511000000051,1.8,0.8,0.4,-0.6,3.0,3.0,1760.0,1664.0,96.0,H
8600908,20/21,6,2020-11-18 19:45:00+00:00,finished,Kosovo,Moldova,1.0,0.0,"UEFA Nations League, League C, Gr. 3",78.0,1319.120924,159.0,1008.240035,81.0,310.880889,0.4,0.2,-0.6,-1.8,3.0,3.0,1491.0,1226.0,265.0,H
8600905,20/21,6,2020-11-18 19:45:00+00:00,finished,Greece,Slovenia,0.0,0.0,"UEFA Nations League, League C, Gr. 3",46.0,1473.187305,56.0,1441.087158,10.0,32.10014699999988,2.2,2.6,1.0,1.4,3.0,3.0,1626.0,1628.0,-2.0,D
8600911,20/21,6,2020-11-18 19:45:00+00:00,finished,Wales,Finland,3.0,1.0,"UEFA Nations League, League B, Gr. 4",38.0,1516.946629,75.0,1341.922408,37.0,175.02422100000013,2.6,2.4,0.8,0.8,3.0,3.0,1828.0,1708.0,120.0,H
8600910,20/21,6,2020-11-18 19:45:00+00:00,finished,Ireland,Bulgaria,0.0,0.0,"UEFA Nations League, League B, Gr. 4",55.0,1441.096901,85.0,1271.683325,30.0,169.41357599999992,0.4,0.2,-0.6,-1.0,3.0,3.0,1658.0,1504.0,154.0,D
8600768,20/21,6,2020-11-18 19:45:00+00:00,finished,Serbia,Russia,5.0,0.0,"UEFA Nations League, League B, Gr. 3",40.0,1502.133186,35.0,1529.602834,-5.0,-27.469648000000007,0.6,1.6,-0.6,0.4,3.0,3.0,1789.0,1744.0,45.0,H
8600765,20/21,6,2020-11-18 19:45:00+00:00,finished,Hungary,Türkiye,2.0,0.0,"UEFA Nations League, League B, Gr. 3",39.0,1506.393663,27.0,1582.54473,-12.0,-76.15106700000001,1.6,1.2,0.2,0.0,3.0,3.0,1744.0,1752.0,-8.0,H
8600744,20/21,6,2020-11-18 19:45:00+00:00,finished,Israel,Scotland,1.0,0.0,"UEFA Nations League, League B, Gr. 2",76.0,1333.904007,42.0,1491.223887,-34.0,-157.31988,1.0,2.0,-0.2,0.4,3.0,3.0,1591.0,1659.0,-68.0,H
8600787,20/21,6,2020-11-18 19:45:00+00:00,finished,England,Iceland,4.0,0.0,"UEFA Nations League, League A, Gr. 2",4.0,1922.831632,74.0,1342.771961,70.0,580.059671,1.4,0.0,-0.2,-2.0,3.0,3.0,1961.0,1633.0,328.0,H
8600747,20/21,6,2020-11-18 19:45:00+00:00,finished,Northern Ireland,Romania,1.0,1.0,"UEFA Nations League, League B, Gr. 1",70.0,1365.296485,52.0,1455.894657,-18.0,-90.59817199999998,0.2,1.4,-1.4,-0.2,3.0,3.0,1585.0,1666.0,-81.0,D
8600778,20/21,6,2020-11-18 19:45:00+00:00,finished,Austria,Norway,1.0,1.0,"UEFA Nations League, League B, Gr. 1",23.0,1598.822839,19.0,1651.286867,-4.0,-52.4640280000001,2.4,1.8,0.6,1.0,3.0,3.0,1786.0,1763.0,23.0,D
8600792,20/21,6,2020-11-18 19:45:00+00:00,finished,Belgium,Denmark,4.0,2.0,"UEFA Nations League, League A, Gr. 2",8.0,1778.355242,21.0,1619.474248,13.0,158.8809940000001,2.4,2.0,1.6,0.6,3.0,3.0,2110.0,1927.0,183.0,H
8600797,20/21,6,2020-11-18 19:45:00+00:00,finished,Poland,Netherlands,1.0,2.0,"UEFA Nations League, League A, Gr. 1",36.0,1526.183359,9.0,1775.54224,-27.0,-249.35888099999988,1.4,1.6,0.2,0.4,3.0,3.0,1812.0,1994.0,-182.0,A
8600760,20/21,6,2020-11-18 19:45:00+00:00,finished,Bosnia & Herzegovina,Italy,0.0,2.0,"UEFA Nations League, League A, Gr. 1",61.0,1408.930486,15.0,1704.733836,-46.0,-295.80335000000014,0.4,1.8,-1.2,0.6,3.0,3.0,1634.0,1997.0,-363.0,A
10023336,22/23,1,2022-06-01 16:00:00+00:00,finished,Poland,Wales,2.0,1.0,"UEFA Nations League, League A, Gr. 4",36.0,1526.183359,38.0,1516.946629,2.0,9.23673000000008,1.4,2.6,0.2,1.0,559.0,559.0,1815.0,1824.0,-9.0,H
10023380,22/23,1,2022-06-02 16:00:00+00:00,finished,Georgia,Gibraltar,4.0,0.0,"UEFA Nations League, League C, Gr. 4",72.0,1355.261687,202.0,820.260818,130.0,535.000869,0.8,1.6,-0.2,-0.4,560.0,561.0,1567.0,1047.0,520.0,H
10023417,22/23,1,2022-06-02 16:00:00+00:00,finished,Bulgaria,North Macedonia,1.0,1.0,"UEFA Nations League, League C, Gr. 4",85.0,1271.683325,69.0,1369.159317,-16.0,-97.47599200000013,0.2,1.2,-1.0,0.0,560.0,560.0,1514.0,1659.0,-145.0,D
10225901,22/23,1,2022-06-02 16:00:00+00:00,finished,Estonia,San Marino,2.0,0.0,"UEFA Nations League, League D, Gr. 2",127.0,1130.63629,211.0,721.201827,84.0,409.43446299999994,0.6,0.4,-0.6,-1.0,560.0,565.0,1386.0,789.0,597.0,H
10225877,22/23,1,2022-06-02 16:00:00+00:00,finished,Cyprus,Kosovo,0.0,2.0,"UEFA Nations League, League C, Gr. 2",124.0,1133.247165,78.0,1319.120924,-46.0,-185.87375900000006,0.8,0.8,-1.2,-0.4,561.0,560.0,1311.0,1524.0,-213.0,A
10023371,22/23,1,2022-06-02 18:45:00+00:00,finished,Serbia,Norway,0.0,1.0,"UEFA Nations League, League B, Gr. 4",40.0,1502.133186,19.0,1651.286867,-21.0,-149.153681,1.2,2.0,0.8,1.2,560.0,560.0,1815.0,1777.0,38.0,A
10023406,22/23,1,2022-06-02 18:45:00+00:00,finished,Northern Ireland,Greece,0.0,1.0,"UEFA Nations League, League C, Gr. 2",70.0,1365.296485,46.0,1473.187305,-24.0,-107.89081999999985,0.2,2.2,-1.4,1.0,560.0,560.0,1580.0,1693.0,-113.0,A
10023346,22/23,1,2022-06-02 18:45:00+00:00,finished,Slovenia,Sweden,0.0,2.0,"UEFA Nations League, League B, Gr. 4",56.0,1441.087158,37.0,1525.578992,-19.0,-84.49183399999993,2.6,0.6,1.4,-1.4,560.0,561.0,1603.0,1831.0,-228.0,A
10023320,22/23,1,2022-06-02 18:45:00+00:00,finished,Israel,Iceland,2.0,2.0,"UEFA Nations League, League B, Gr. 2",76.0,1333.904007,74.0,1342.771961,-2.0,-8.867953999999827,1.4,0.0,0.0,-2.6,560.0,560.0,1615.0,1551.0,64.0,D
10023335,22/23,1,2022-06-02 18:45:00+00:00,canceled,Albania,Russia,,,"UEFA Nations League, League B, Gr. 2",67.0,1376.033234,35.0,1529.602834,-32.0,-153.56960000000004,,,,,,,1582.0,1762.0,-180.0,
10023333,22/23,1,2022-06-02 18:45:00+00:00,finished,Spain,Portugal,1.0,1.0,"UEFA Nations League, League A, Gr. 2",1.0,1995.881879,7.0,1787.854725,6.0,208.0271540000001,2.0,2.0,2.0,1.0,561.0,561.0,2031.0,1992.0,39.0,D
10023331,22/23,1,2022-06-02 18:45:00+00:00,finished,Czechia,Switzerland,2.0,1.0,"UEFA Nations League, League A, Gr. 2",48.0,1467.260216,14.0,1710.884769,-34.0,-243.6245530000001,1.8,0.6,0.4,-0.4,560.0,564.0,1841.0,1899.0,-58.0,H
10225893,22/23,1,2022-06-03 14:00:00+00:00,finished,Kazakhstan,Azerbaijan,2.0,0.0,"UEFA Nations League, League C, Gr. 3",111.0,1180.780449,126.0,1131.995112,15.0,48.78533700000003,0.2,1.2,-1.2,-0.2,561.0,562.0,1350.0,1282.0,68.0,H
10023393,22/23,1,2022-06-03 16:00:00+00:00,finished,Latvia,Andorra,3.0,0.0,"UEFA Nations League, League D, Gr. 1",137.0,1085.660758,172.0,946.429826,35.0,139.23093199999994,1.2,0.2,0.8,-2.0,562.0,562.0,1346.0,1069.0,277.0,H
10023384,22/23,1,2022-06-03 18:45:00+00:00,finished,Croatia,Austria,0.0,3.0,"UEFA Nations League, League A, Gr. 1",13.0,1723.050142,23.0,1598.822839,10.0,124.22730300000012,0.6,2.0,-0.8,0.4,562.0,561.0,1798.0,1774.0,24.0,A
10023340,22/23,1,2022-06-03 18:45:00+00:00,finished,France,Denmark,1.0,2.0,"UEFA Nations League, League A, Gr. 1",3.0,1948.970817,21.0,1619.474248,18.0,329.4965689999999,2.6,2.0,1.2,0.6,562.0,561.0,2084.0,1969.0,115.0,A
10023414,22/23,1,2022-06-03 18:45:00+00:00,finished,Belgium,Netherlands,1.0,4.0,"UEFA Nations League, League A, Gr. 4",8.0,1778.355242,9.0,1775.54224,1.0,2.813002000000097,2.4,1.6,1.6,0.4,561.0,561.0,2013.0,1993.0,20.0,A
10023390,22/23,1,2022-06-03 18:45:00+00:00,finished,Belarus,Slovakia,0.0,1.0,"UEFA Nations League, League C, Gr. 3",96.0,1242.876029,45.0,1473.660727,-51.0,-230.78469799999993,2.0,0.8,0.8,-0.6,562.0,561.0,1464.0,1685.0,-221.0,A
10225882,22/23,1,2022-06-03 18:45:00+00:00,finished,Liechtenstein,Moldova,0.0,2.0,"UEFA Nations League, League D, Gr. 1",206.0,797.701009,159.0,1008.240035,-47.0,-210.53902600000004,1.2,0.0,0.2,-2.0,562.0,561.0,1055.0,1231.0,-176.0,A
10023407,22/23,2,2022-06-04 13:00:00+00:00,finished,Armenia,Ireland,1.0,0.0,"UEFA Nations League, League B, Gr. 1",107.0,1189.632762,55.0,1441.096901,-52.0,-251.46413899999993,2.2,0.4,0.8,-0.6,562.0,562.0,1525.0,1665.0,-140.0,H
10023314,22/23,1,2022-06-04 16:00:00+00:00,finished,Lithuania,Luxembourg,0.0,2.0,"UEFA Nations League, League C, Gr. 1",149.0,1056.850321,98.0,1232.81815,-51.0,-175.96782900000017,1.6,1.4,0.0,0.2,563.0,563.0,1291.0,1425.0,-134.0,A
10023441,22/23,1,2022-06-04 16:00:00+00:00,finished,Finland,Bosnia & Herzegovina,1.0,1.0,"UEFA Nations League, League B, Gr. 3",75.0,1341.922408,61.0,1408.930486,-14.0,-67.00807800000007,2.4,0.2,0.6,-1.6,562.0,562.0,1689.0,1600.0,89.0,D
10023447,22/23,1,2022-06-04 16:00:00+00:00,finished,Hungary,England,1.0,0.0,"UEFA Nations League, League A, Gr. 3",39.0,1506.393663,4.0,1922.831632,-35.0,-416.43796899999984,1.6,1.4,0.4,0.4,562.0,562.0,1758.0,2007.0,-249.0,H
10023373,22/23,1,2022-06-04 18:45:00+00:00,finished,Italy,Germany,1.0,1.0,"UEFA Nations League, League A, Gr. 3",15.0,1704.733836,12.0,1726.218839,-3.0,-21.48500299999978,2.2,1.6,1.0,-0.6,562.0,563.0,1961.0,1972.0,-11.0,D
10023388,22/23,1,2022-06-04 18:45:00+00:00,finished,Montenegro,Romania,2.0,0.0,"UEFA Nations League, League B, Gr. 3",80.0,1301.977191,52.0,1455.894657,-28.0,-153.9174660000001,2.0,1.4,1.2,-0.2,563.0,562.0,1550.0,1622.0,-72.0,H
10023329,22/23,1,2022-06-04 18:45:00+00:00,finished,Türkiye,Faroe Islands,4.0,0.0,"UEFA Nations League, League C, Gr. 1",27.0,1582.54473,123.0,1136.585036,96.0,445.9596940000001,1.2,1.8,-0.2,0.6,562.0,563.0,1717.0,1245.0,472.0,H
10023345,22/23,2,2022-06-05 13:00:00+00:00,finished,San Marino,Malta,0.0,2.0,"UEFA Nations League, League D, Gr. 2",211.0,721.201827,161.0,992.793497,-50.0,-271.59167,0.4,1.8,-1.0,0.6,2.0,564.0,782.0,1261.0,-479.0,A
10023440,22/23,2,2022-06-05 16:00:00+00:00,finished,Gibraltar,North Macedonia,0.0,2.0,"UEFA Nations League, League C, Gr. 4",202.0,820.260818,69.0,1369.159317,-133.0,-548.8984990000001,1.6,1.2,-0.4,0.0,3.0,3.0,1044.0,1662.0,-618.0,A
10225878,22/23,2,2022-06-05 16:00:00+00:00,finished,Cyprus,Northern Ireland,0.0,0.0,"UEFA Nations League, League C, Gr. 2",124.0,1133.247165,70.0,1365.296485,-54.0,-232.04932000000008,0.8,0.2,-1.4,-0.8,3.0,2.0,1320.0,1571.0,-251.0,D
10023403,22/23,2,2022-06-05 18:45:00+00:00,finished,Kosovo,Greece,0.0,1.0,"UEFA Nations League, League C, Gr. 2",78.0,1319.120924,46.0,1473.187305,-32.0,-154.06638099999986,1.4,2.2,0.2,1.0,3.0,3.0,1508.0,1709.0,-201.0,A
10023349,22/23,2,2022-06-05 18:45:00+00:00,finished,Sweden,Norway,1.0,2.0,"UEFA Nations League, League B, Gr. 4",37.0,1525.578992,19.0,1651.286867,-18.0,-125.70787500000006,1.2,2.0,-0.6,0.6,3.0,3.0,1803.0,1805.0,-2.0,A
10023401,22/23,2,2022-06-05 18:45:00+00:00,finished,Bulgaria,Georgia,2.0,5.0,"UEFA Nations League, League C, Gr. 4",85.0,1271.683325,72.0,1355.261687,-13.0,-83.57836199999997,0.4,1.2,-0.8,0.6,3.0,3.0,1474.0,1607.0,-133.0,A
10023412,22/23,2,2022-06-05 18:45:00+00:00,finished,Serbia,Slovenia,4.0,1.0,"UEFA Nations League, League B, Gr. 4",40.0,1502.133186,56.0,1441.087158,16.0,61.04602799999998,1.0,2.0,0.6,0.8,3.0,3.0,1825.0,1593.0,232.0,H
10023394,22/23,2,2022-06-05 18:45:00+00:00,finished,Portugal,Switzerland,4.0,0.0,"UEFA Nations League, League A, Gr. 2",7.0,1787.854725,14.0,1710.884769,7.0,76.96995599999991,1.6,0.6,0.6,-0.4,3.0,3.0,2011.0,1880.0,131.0,H
10023385,22/23,2,2022-06-05 18:45:00+00:00,finished,Czechia,Spain,2.0,2.0,"UEFA Nations League, League A, Gr. 2",48.0,1467.260216,1.0,1995.881879,-47.0,-528.6216630000001,2.4,1.6,0.8,1.2,3.0,3.0,1846.0,2026.0,-180.0,D
10023367,22/23,2,2022-06-06 16:00:00+00:00,finished,Latvia,Liechtenstein,1.0,0.0,"UEFA Nations League, League D, Gr. 1",137.0,1085.660758,206.0,797.701009,69.0,287.959749,1.6,1.0,1.4,-0.2,3.0,2.0,1350.0,1051.0,299.0,H
10225892,22/23,2,2022-06-06 18:45:00+00:00,finished,Slovakia,Kazakhstan,0.0,1.0,"UEFA Nations League, League C, Gr. 3",45.0,1473.660727,111.0,1180.780449,66.0,292.88027799999986,1.2,0.8,-0.4,-0.6,3.0,3.0,1648.0,1387.0,261.0,A
10225886,22/23,2,2022-06-06 18:45:00+00:00,finished,Andorra,Moldova,0.0,0.0,"UEFA Nations League, League D, Gr. 1",172.0,946.429826,159.0,1008.240035,-13.0,-61.810208999999986,0.2,0.6,-2.4,-1.4,3.0,3.0,1073.0,1227.0,-154.0,D
10023398,22/23,2,2022-06-06 18:45:00+00:00,canceled,Israel,Russia,,,"UEFA Nations League, League B, Gr. 2",76.0,1333.904007,35.0,1529.602834,-41.0,-195.69882699999994,,,,,,,1615.0,1762.0,-147.0,
10023375,22/23,2,2022-06-06 18:45:00+00:00,finished,Iceland,Albania,1.0,1.0,"UEFA Nations League, League B, Gr. 2",74.0,1342.771961,67.0,1376.033234,-7.0,-33.261273000000074,0.2,1.6,-1.8,0.4,4.0,565.0,1547.0,1586.0,-39.0,D
10023408,22/23,2,2022-06-06 18:45:00+00:00,finished,Belarus,Azerbaijan,0.0,0.0,"UEFA Nations League, League C, Gr. 3",96.0,1242.876029,126.0,1131.995112,30.0,110.88091699999995,1.4,0.6,0.4,-0.8,3.0,3.0,1454.0,1292.0,162.0,D
10023453,22/23,2,2022-06-06 18:45:00+00:00,finished,Austria,Denmark,1.0,2.0,"UEFA Nations League, League A, Gr. 1",23.0,1598.822839,21.0,1619.474248,-2.0,-20.651409000000058,2.6,2.4,1.2,0.8,3.0,3.0,1759.0,1984.0,-225.0,A
10023295,22/23,2,2022-06-06 18:45:00+00:00,finished,Croatia,France,1.0,1.0,"UEFA Nations League, League A, Gr. 1",13.0,1723.050142,3.0,1948.970817,-10.0,-225.92067499999985,0.6,2.0,-1.0,0.6,3.0,3.0,1808.0,2074.0,-266.0,D
10023396,22/23,2,2022-06-07 16:00:00+00:00,finished,Finland,Montenegro,2.0,0.0,"UEFA Nations League, League B, Gr. 3",75.0,1341.922408,80.0,1301.977191,5.0,39.94521699999996,2.0,2.0,0.4,1.4,3.0,2.0,1701.0,1538.0,163.0,H
10023341,22/23,2,2022-06-07 18:45:00+00:00,finished,Faroe Islands,Luxembourg,0.0,1.0,"UEFA Nations League, League C, Gr. 1",123.0,1136.585036,98.0,1232.81815,-25.0,-96.23311400000011,1.2,2.0,-0.4,0.8,3.0,3.0,1230.0,1440.0,-210.0,A
10023442,22/23,2,2022-06-07 18:45:00+00:00,finished,Bosnia & Herzegovina,Romania,1.0,0.0,"UEFA Nations League, League B, Gr. 3",61.0,1408.930486,52.0,1455.894657,-9.0,-46.96417100000008,0.4,0.8,-1.4,-0.8,3.0,3.0,1616.0,1606.0,10.0,H
10023370,22/23,2,2022-06-07 18:45:00+00:00,finished,Italy,Hungary,2.0,1.0,"UEFA Nations League, League A, Gr. 3",15.0,1704.733836,39.0,1506.393663,24.0,198.34017300000005,1.8,2.2,0.8,0.8,3.0,3.0,1967.0,1752.0,215.0,H
10023342,22/23,2,2022-06-07 18:45:00+00:00,finished,Lithuania,Türkiye,0.0,6.0,"UEFA Nations League, League C, Gr. 1",149.0,1056.850321,27.0,1582.54473,-122.0,-525.6944090000002,1.0,1.6,-0.6,0.6,3.0,3.0,1280.0,1728.0,-448.0,A
10023351,22/23,2,2022-06-07 18:45:00+00:00,finished,Germany,England,1.0,1.0,"UEFA Nations League, League A, Gr. 3",12.0,1726.218839,4.0,1922.831632,-8.0,-196.612793,1.6,1.2,-0.6,0.2,3.0,3.0,1968.0,2011.0,-43.0,D
10023397,22/23,1,2022-06-08 18:45:00+00:00,finished,Ireland,Ukraine,0.0,1.0,"UEFA Nations League, League B, Gr. 1",55.0,1441.096901,33.0,1549.287173,-22.0,-108.19027200000005,0.4,1.2,-0.6,-1.0,4.0,570.0,1649.0,1848.0,-199.0,A
10023415,22/23,1,2022-06-08 18:45:00+00:00,finished,Scotland,Armenia,2.0,0.0,"UEFA Nations League, League B, Gr. 1",42.0,1491.223887,107.0,1189.632762,65.0,301.59112500000015,1.8,2.2,0.2,0.6,566.0,4.0,1708.0,1515.0,193.0,H
10023334,22/23,2,2022-06-08 18:45:00+00:00,finished,Belgium,Poland,6.0,1.0,"UEFA Nations League, League A, Gr. 4",8.0,1778.355242,36.0,1526.183359,28.0,252.17188299999998,1.8,1.4,0.2,0.2,5.0,7.0,2025.0,1803.0,222.0,H
10023381,22/23,2,2022-06-08 18:45:00+00:00,finished,Wales,Netherlands,1.0,2.0,"UEFA Nations League, League A, Gr. 4",38.0,1516.946629,9.0,1775.54224,-29.0,-258.59561099999996,2.0,2.2,0.6,1.2,7.0,5.0,1823.0,2010.0,-187.0,A
10023399,22/23,3,2022-06-09 18:45:00+00:00,finished,Gibraltar,Bulgaria,1.0,1.0,"UEFA Nations League, League C, Gr. 4",202.0,820.260818,85.0,1271.683325,-117.0,-451.422507,1.0,0.4,-1.0,-1.0,4.0,4.0,1059.0,1459.0,-400.0,D
10225902,22/23,3,2022-06-09 18:45:00+00:00,finished,Malta,Estonia,1.0,2.0,"UEFA Nations League, League D, Gr. 2",161.0,992.793497,127.0,1130.63629,-34.0,-137.84279299999992,2.2,1.2,1.0,0.2,4.0,7.0,1242.0,1404.0,-162.0,A
10023306,22/23,3,2022-06-09 18:45:00+00:00,finished,Portugal,Czechia,2.0,0.0,"UEFA Nations League, League A, Gr. 2",7.0,1787.854725,48.0,1467.260216,41.0,320.594509,2.0,2.0,1.4,0.6,4.0,4.0,2022.0,1835.0,187.0,H
10023361,22/23,3,2022-06-09 18:45:00+00:00,finished,Switzerland,Spain,0.0,1.0,"UEFA Nations League, League A, Gr. 2",14.0,1710.884769,1.0,1995.881879,-13.0,-284.99711,0.4,1.2,-1.2,1.0,4.0,4.0,1863.0,2043.0,-180.0,A
10023435,22/23,3,2022-06-09 18:45:00+00:00,finished,Norway,Slovenia,0.0,0.0,"UEFA Nations League, League B, Gr. 4",19.0,1651.286867,56.0,1441.087158,37.0,210.19970899999998,2.0,1.4,0.0,0.0,4.0,4.0,1791.0,1607.0,184.0,D
10023339,22/23,3,2022-06-09 18:45:00+00:00,finished,Sweden,Serbia,0.0,1.0,"UEFA Nations League, League B, Gr. 4",37.0,1525.578992,40.0,1502.133186,3.0,23.445805999999948,1.2,1.6,-0.6,1.4,4.0,4.0,1779.0,1849.0,-70.0,A
10225880,22/23,3,2022-06-09 18:45:00+00:00,finished,Greece,Cyprus,3.0,0.0,"UEFA Nations League, League C, Gr. 2",46.0,1473.187305,124.0,1133.247165,78.0,339.94013999999993,2.2,1.0,0.8,-1.0,4.0,4.0,1713.0,1316.0,397.0,H
10023430,22/23,3,2022-06-09 18:45:00+00:00,finished,Kosovo,Northern Ireland,3.0,2.0,"UEFA Nations League, League C, Gr. 2",78.0,1319.120924,70.0,1365.296485,-8.0,-46.175561000000016,1.4,0.4,0.2,-0.6,4.0,4.0,1526.0,1553.0,-27.0,H
10023382,22/23,3,2022-06-09 18:45:00+00:00,finished,North Macedonia,Georgia,0.0,3.0,"UEFA Nations League, League C, Gr. 4",69.0,1369.159317,72.0,1355.261687,3.0,13.897630000000163,1.6,1.6,0.4,1.2,4.0,4.0,1612.0,1657.0,-45.0,A
10225888,22/23,3,2022-06-10 16:00:00+00:00,finished,Moldova,Latvia,2.0,4.0,"UEFA Nations League, League D, Gr. 1",159.0,1008.240035,137.0,1085.660758,-22.0,-77.42072299999995,0.8,2.0,-1.0,1.6,3.0,4.0,1199.0,1378.0,-179.0,A
10023422,22/23,3,2022-06-10 16:00:00+00:00,finished,Azerbaijan,Slovakia,0.0,1.0,"UEFA Nations League, League C, Gr. 3",126.0,1131.995112,45.0,1473.660727,-81.0,-341.6656149999999,0.8,1.2,-0.4,-0.4,3.0,3.0,1285.0,1655.0,-370.0,A
10023445,22/23,3,2022-06-10 18:45:00+00:00,finished,Austria,France,1.0,1.0,"UEFA Nations League, League A, Gr. 1",23.0,1598.822839,3.0,1948.970817,-20.0,-350.14797799999997,2.0,2.0,0.8,0.6,4.0,4.0,1770.0,2063.0,-293.0,D
10023425,22/23,3,2022-06-10 18:45:00+00:00,finished,Denmark,Croatia,0.0,1.0,"UEFA Nations League, League A, Gr. 1",21.0,1619.474248,13.0,1723.050142,-8.0,-103.57589400000006,2.4,0.2,0.4,-1.2,4.0,4.0,1951.0,1841.0,110.0,A
10023298,22/23,3,2022-06-10 18:45:00+00:00,finished,Albania,Israel,1.0,2.0,"UEFA Nations League, League B, Gr. 2",67.0,1376.033234,76.0,1333.904007,9.0,42.1292269999999,1.8,1.4,0.6,0.0,4.0,8.0,1562.0,1639.0,-77.0,A
10023360,22/23,3,2022-06-10 18:45:00+00:00,canceled,Russia,Iceland,,,"UEFA Nations League, League B, Gr. 2",35.0,1529.602834,74.0,1342.771961,39.0,186.8308730000001,,,,,,,1762.0,1547.0,215.0,
10225891,22/23,3,2022-06-10 18:45:00+00:00,finished,Belarus,Kazakhstan,1.0,1.0,"UEFA Nations League, League C, Gr. 3",96.0,1242.876029,111.0,1180.780449,15.0,62.09557999999993,1.4,1.2,0.4,-0.4,4.0,4.0,1450.0,1391.0,59.0,D
10023421,22/23,3,2022-06-10 18:45:00+00:00,finished,Andorra,Liechtenstein,2.0,1.0,"UEFA Nations League, League D, Gr. 1",172.0,946.429826,206.0,797.701009,34.0,148.72881700000005,0.2,0.4,-2.4,-0.8,4.0,4.0,1086.0,1038.0,48.0,H
10023319,22/23,3,2022-06-11 13:00:00+00:00,finished,Ukraine,Armenia,3.0,0.0,"UEFA Nations League, League B, Gr. 1",33.0,1549.287173,107.0,1189.632762,74.0,359.654411,1.2,2.0,-1.0,0.2,2.0,2.0,1857.0,1506.0,351.0,H
10023386,22/23,3,2022-06-11 16:00:00+00:00,finished,Faroe Islands,Lithuania,2.0,1.0,"UEFA Nations League, League C, Gr. 1",123.0,1136.585036,149.0,1056.850321,26.0,79.73471500000005,1.0,0.8,-0.6,-1.8,3.0,3.0,1247.0,1263.0,-16.0,H
10023405,22/23,3,2022-06-11 16:00:00+00:00,finished,Ireland,Scotland,3.0,0.0,"UEFA Nations League, League B, Gr. 1",55.0,1441.096901,42.0,1491.223887,-13.0,-50.126986000000215,0.2,1.8,-0.8,0.4,2.0,2.0,1680.0,1677.0,3.0,H
10023347,22/23,3,2022-06-11 18:45:00+00:00,finished,Luxembourg,Türkiye,0.0,2.0,"UEFA Nations League, League C, Gr. 1",98.0,1232.81815,27.0,1582.54473,-71.0,-349.72658,2.0,2.0,0.6,1.8,4.0,4.0,1425.0,1743.0,-318.0,A
10023355,22/23,3,2022-06-11 18:45:00+00:00,finished,Romania,Finland,1.0,0.0,"UEFA Nations League, League B, Gr. 3",52.0,1455.894657,75.0,1341.922408,23.0,113.97224900000015,0.8,2.0,-0.2,0.4,4.0,4.0,1626.0,1681.0,-55.0,H
10023428,22/23,3,2022-06-11 18:45:00+00:00,finished,Montenegro,Bosnia & Herzegovina,1.0,1.0,"UEFA Nations League, League B, Gr. 3",80.0,1301.977191,61.0,1408.930486,-19.0,-106.95329500000003,1.4,0.8,0.6,-1.2,4.0,4.0,1537.0,1617.0,-80.0,D
10023337,22/23,3,2022-06-11 18:45:00+00:00,finished,Wales,Belgium,1.0,1.0,"UEFA Nations League, League A, Gr. 4",38.0,1516.946629,8.0,1778.355242,-30.0,-261.40861300000006,1.8,2.4,0.4,1.4,3.0,3.0,1829.0,2019.0,-190.0,D
10023404,22/23,3,2022-06-11 18:45:00+00:00,finished,Hungary,Germany,1.0,1.0,"UEFA Nations League, League A, Gr. 3",39.0,1506.393663,12.0,1726.218839,-27.0,-219.82517599999983,1.6,1.2,0.4,-0.8,4.0,4.0,1758.0,1962.0,-204.0,D
10023294,22/23,3,2022-06-11 18:45:00+00:00,finished,England,Italy,0.0,0.0,"UEFA Nations League, League A, Gr. 3",4.0,1922.831632,15.0,1704.733836,11.0,218.0977959999998,0.8,2.2,0.0,1.0,4.0,4.0,2003.0,1975.0,28.0,D
10023358,22/23,3,2022-06-11 18:45:00+00:00,finished,Netherlands,Poland,2.0,2.0,"UEFA Nations League, League A, Gr. 4",9.0,1775.54224,36.0,1526.183359,27.0,249.35888099999988,2.6,1.2,1.4,-0.8,3.0,3.0,1996.0,1817.0,179.0,D
10225876,22/23,4,2022-06-12 13:00:00+00:00,finished,Northern Ireland,Cyprus,2.0,2.0,"UEFA Nations League, League C, Gr. 2",70.0,1365.296485,124.0,1133.247165,54.0,232.04932000000008,0.4,0.8,-0.6,-1.6,2.0,2.0,1538.0,1331.0,207.0,D
10023307,22/23,4,2022-06-12 16:00:00+00:00,finished,North Macedonia,Gibraltar,4.0,0.0,"UEFA Nations League, League C, Gr. 4",69.0,1369.159317,202.0,820.260818,133.0,548.8984990000001,1.4,0.6,-0.2,-1.2,2.0,2.0,1614.0,1057.0,557.0,H
10023327,22/23,4,2022-06-12 16:00:00+00:00,finished,Norway,Sweden,3.0,2.0,"UEFA Nations League, League B, Gr. 4",19.0,1651.286867,37.0,1525.578992,18.0,125.70787500000006,1.6,1.2,-0.2,-0.2,2.0,2.0,1805.0,1765.0,40.0,H
10023366,22/23,4,2022-06-12 16:00:00+00:00,finished,Georgia,Bulgaria,0.0,0.0,"UEFA Nations League, League C, Gr. 4",72.0,1355.261687,85.0,1271.683325,13.0,83.57836199999997,2.0,0.6,1.8,-0.8,2.0,2.0,1643.0,1473.0,170.0,D
10023420,22/23,4,2022-06-12 18:45:00+00:00,finished,Spain,Czechia,2.0,0.0,"UEFA Nations League, League A, Gr. 2",1.0,1995.881879,48.0,1467.260216,47.0,528.6216630000001,1.8,2.0,1.4,0.4,3.0,3.0,2052.0,1826.0,226.0,H
10023344,22/23,4,2022-06-12 18:45:00+00:00,finished,Malta,San Marino,1.0,0.0,"UEFA Nations League, League D, Gr. 2",161.0,992.793497,211.0,721.201827,50.0,271.59167,2.0,0.4,0.8,-1.2,3.0,7.0,1244.0,780.0,464.0,H
10024661,22/23,4,2022-06-12 18:45:00+00:00,finished,Switzerland,Portugal,1.0,0.0,"UEFA Nations League, League A, Gr. 2",14.0,1710.884769,7.0,1787.854725,-7.0,-76.96995599999991,0.4,2.0,-1.2,1.2,3.0,3.0,1886.0,1999.0,-113.0,H
10023363,22/23,4,2022-06-12 18:45:00+00:00,finished,Greece,Kosovo,2.0,0.0,"UEFA Nations League, League C, Gr. 2",46.0,1473.187305,78.0,1319.120924,32.0,154.06638099999986,2.6,1.8,1.4,0.4,3.0,3.0,1723.0,1516.0,207.0,H
10023446,22/23,4,2022-06-12 18:45:00+00:00,finished,Slovenia,Serbia,2.0,2.0,"UEFA Nations League, League B, Gr. 4",56.0,1441.087158,40.0,1502.133186,-16.0,-61.04602799999998,1.0,2.0,-0.8,1.6,3.0,3.0,1615.0,1841.0,-226.0,D
10225889,22/23,4,2022-06-13 14:00:00+00:00,finished,Kazakhstan,Slovakia,2.0,1.0,"UEFA Nations League, League C, Gr. 3",111.0,1180.780449,45.0,1473.660727,-66.0,-292.88027799999986,1.4,1.8,0.0,0.0,2.0,2.0,1420.0,1626.0,-206.0,H
10023389,22/23,4,2022-06-13 16:00:00+00:00,finished,Azerbaijan,Belarus,2.0,0.0,"UEFA Nations League, League C, Gr. 3",126.0,1131.995112,96.0,1242.876029,-30.0,-110.88091699999995,0.6,1.0,-0.6,0.0,3.0,2.0,1321.0,1414.0,-93.0,H
10023443,22/23,4,2022-06-13 18:45:00+00:00,finished,Denmark,Austria,2.0,0.0,"UEFA Nations League, League A, Gr. 1",21.0,1619.474248,23.0,1598.822839,2.0,20.651409000000058,1.8,1.6,0.0,0.6,3.0,3.0,1961.0,1760.0,201.0,H
10023350,22/23,4,2022-06-13 18:45:00+00:00,finished,France,Croatia,0.0,1.0,"UEFA Nations League, League A, Gr. 1",3.0,1948.970817,13.0,1723.050142,10.0,225.92067499999985,1.6,0.8,0.4,-0.8,3.0,3.0,2028.0,1876.0,152.0,A
10024811,22/23,4,2022-06-13 18:45:00+00:00,finished,Iceland,Israel,2.0,2.0,"UEFA Nations League, League B, Gr. 2",74.0,1342.771961,76.0,1333.904007,2.0,8.867953999999827,0.4,2.0,-1.2,0.4,7.0,3.0,1547.0,1639.0,-92.0,D
10024812,22/23,4,2022-06-13 18:45:00+00:00,canceled,Russia,Albania,,,"UEFA Nations League, League B, Gr. 2",35.0,1529.602834,67.0,1376.033234,32.0,153.56960000000004,,,,,,,1762.0,1556.0,206.0,
10023701,22/23,4,2022-06-14 16:00:00+00:00,finished,Armenia,Scotland,1.0,4.0,"UEFA Nations League, League B, Gr. 1",107.0,1189.632762,42.0,1491.223887,-65.0,-301.59112500000015,1.8,1.2,-0.4,-0.4,3.0,3.0,1478.0,1705.0,-227.0,A
10225884,22/23,4,2022-06-14 16:00:00+00:00,finished,Moldova,Andorra,2.0,1.0,"UEFA Nations League, League D, Gr. 1",159.0,1008.240035,172.0,946.429826,13.0,61.810208999999986,0.8,0.8,-0.6,-1.8,4.0,3.0,1208.0,1077.0,131.0,H
10023419,22/23,4,2022-06-14 18:45:00+00:00,finished,Netherlands,Wales,3.0,2.0,"UEFA Nations League, League A, Gr. 4",9.0,1775.54224,38.0,1516.946629,29.0,258.59561099999996,2.6,1.4,1.4,0.2,3.0,3.0,2003.0,1822.0,181.0,H
10023296,22/23,4,2022-06-14 18:45:00+00:00,finished,England,Hungary,0.0,4.0,"UEFA Nations League, League A, Gr. 3",4.0,1922.831632,39.0,1506.393663,35.0,416.43796899999984,1.0,1.6,0.2,0.4,3.0,3.0,1937.0,1824.0,113.0,A
10023354,22/23,4,2022-06-14 18:45:00+00:00,finished,Germany,Italy,5.0,2.0,"UEFA Nations League, League A, Gr. 3",12.0,1726.218839,15.0,1704.733836,3.0,21.48500299999978,1.2,2.2,-0.8,1.0,3.0,3.0,1988.0,1949.0,39.0,H
10023359,22/23,4,2022-06-14 18:45:00+00:00,finished,Poland,Belgium,0.0,1.0,"UEFA Nations League, League A, Gr. 4",36.0,1526.183359,8.0,1778.355242,-28.0,-252.17188299999998,0.8,2.0,-1.4,1.2,3.0,3.0,1803.0,2033.0,-230.0,A
10023703,22/23,4,2022-06-14 18:45:00+00:00,finished,Ukraine,Ireland,1.0,1.0,"UEFA Nations League, League B, Gr. 1",33.0,1549.287173,55.0,1441.096901,22.0,108.19027200000005,1.8,0.8,0.4,0.0,3.0,3.0,1848.0,1689.0,159.0,D
10024814,22/23,4,2022-06-14 18:45:00+00:00,finished,Bosnia & Herzegovina,Finland,3.0,2.0,"UEFA Nations League, League B, Gr. 3",61.0,1408.930486,75.0,1341.922408,14.0,67.00807800000007,1.0,1.4,-0.6,0.0,3.0,3.0,1635.0,1663.0,-28.0,H
10024813,22/23,4,2022-06-14 18:45:00+00:00,finished,Romania,Montenegro,0.0,3.0,"UEFA Nations League, League B, Gr. 3",52.0,1455.894657,80.0,1301.977191,28.0,153.9174660000001,1.4,1.6,0.2,0.8,3.0,3.0,1574.0,1589.0,-15.0,A
10023343,22/23,4,2022-06-14 18:45:00+00:00,finished,Luxembourg,Faroe Islands,2.0,2.0,"UEFA Nations League, League C, Gr. 1",98.0,1232.81815,123.0,1136.585036,25.0,96.23311400000011,1.4,1.0,0.0,-0.8,3.0,3.0,1412.0,1260.0,152.0,D
10023369,22/23,4,2022-06-14 18:45:00+00:00,finished,Türkiye,Lithuania,2.0,0.0,"UEFA Nations League, League C, Gr. 1",27.0,1582.54473,149.0,1056.850321,122.0,525.6944090000002,2.4,0.6,2.2,-2.0,3.0,3.0,1745.0,1261.0,484.0,H
10023310,22/23,4,2022-06-14 18:45:00+00:00,finished,Liechtenstein,Latvia,0.0,2.0,"UEFA Nations League, League D, Gr. 1",206.0,797.701009,137.0,1085.660758,-69.0,-287.959749,0.4,2.6,-0.8,2.2,4.0,4.0,1026.0,1390.0,-364.0,A
10023321,22/23,2,2022-09-21 18:45:00+00:00,finished,Scotland,Ukraine,3.0,0.0,"UEFA Nations League, League B, Gr. 1",42.0,1491.223887,33.0,1549.287173,-9.0,-58.063285999999835,1.2,2.0,0.0,0.6,99.0,99.0,1744.0,1809.0,-65.0,H
10225883,22/23,5,2022-09-22 14:00:00+00:00,finished,Kazakhstan,Belarus,2.0,1.0,"UEFA Nations League, League C, Gr. 3",111.0,1180.780449,96.0,1242.876029,-15.0,-62.09557999999993,2.0,0.4,0.6,-0.8,101.0,100.0,1434.0,1400.0,34.0,H
10225885,22/23,5,2022-09-22 16:00:00+00:00,finished,Latvia,Moldova,1.0,2.0,"UEFA Nations League, League D, Gr. 1",137.0,1085.660758,159.0,1008.240035,22.0,77.42072299999995,3.0,1.4,2.6,0.0,99.0,100.0,1357.0,1241.0,116.0,A
10023365,22/23,5,2022-09-22 18:45:00+00:00,finished,Slovakia,Azerbaijan,1.0,2.0,"UEFA Nations League, League C, Gr. 3",45.0,1473.660727,126.0,1131.995112,81.0,341.6656149999999,1.2,1.0,-0.4,-0.2,101.0,101.0,1590.0,1357.0,233.0,A
10023439,22/23,5,2022-09-22 18:45:00+00:00,finished,Croatia,Denmark,2.0,1.0,"UEFA Nations League, League A, Gr. 1",13.0,1723.050142,21.0,1619.474248,8.0,103.57589400000006,1.4,1.8,-0.4,0.2,101.0,101.0,1895.0,1942.0,-47.0,H
10023318,22/23,5,2022-09-22 18:45:00+00:00,finished,Türkiye,Luxembourg,3.0,3.0,"UEFA Nations League, League C, Gr. 1",27.0,1582.54473,98.0,1232.81815,71.0,349.72658,2.4,1.6,2.4,0.2,100.0,100.0,1728.0,1429.0,299.0,D
10023427,22/23,5,2022-09-22 18:45:00+00:00,finished,Liechtenstein,Andorra,0.0,2.0,"UEFA Nations League, League D, Gr. 1",206.0,797.701009,172.0,946.429826,-34.0,-148.72881700000005,0.2,0.8,-1.2,-1.6,100.0,100.0,992.0,1111.0,-119.0,A
10023352,22/23,5,2022-09-22 18:45:00+00:00,finished,Lithuania,Faroe Islands,1.0,1.0,"UEFA Nations League, League C, Gr. 1",149.0,1056.850321,123.0,1136.585036,-26.0,-79.73471500000005,0.6,1.0,-2.0,-0.8,100.0,100.0,1255.0,1266.0,-11.0,D
10023379,22/23,5,2022-09-22 18:45:00+00:00,finished,Belgium,Wales,2.0,1.0,"UEFA Nations League, League A, Gr. 4",8.0,1778.355242,38.0,1516.946629,30.0,261.40861300000006,2.0,0.8,1.0,-0.2,100.0,100.0,2039.0,1816.0,223.0,H
10023356,22/23,5,2022-09-22 18:45:00+00:00,finished,Poland,Netherlands,0.0,2.0,"UEFA Nations League, League A, Gr. 4",36.0,1526.183359,9.0,1775.54224,-27.0,-249.35888099999988,0.8,2.6,-1.2,1.2,100.0,100.0,1781.0,2025.0,-244.0,A
10023387,22/23,5,2022-09-22 18:45:00+00:00,finished,France,Austria,2.0,0.0,"UEFA Nations League, League A, Gr. 1",3.0,1948.970817,23.0,1598.822839,20.0,350.14797799999997,1.0,1.0,0.0,0.0,101.0,101.0,2034.0,1754.0,280.0,H
10023426,22/23,5,2022-09-23 16:00:00+00:00,finished,Georgia,North Macedonia,2.0,0.0,"UEFA Nations League, League C, Gr. 4",72.0,1355.261687,69.0,1369.159317,-3.0,-13.897630000000163,2.2,1.4,2.0,0.4,103.0,103.0,1662.0,1595.0,67.0,H
10225903,22/23,5,2022-09-23 16:00:00+00:00,finished,Estonia,Malta,2.0,1.0,"UEFA Nations League, League D, Gr. 2",127.0,1130.63629,161.0,992.793497,34.0,137.84279299999992,1.6,2.0,0.4,0.8,105.0,102.0,1417.0,1237.0,180.0,H
10023383,22/23,5,2022-09-23 18:45:00+00:00,finished,Germany,Hungary,0.0,1.0,"UEFA Nations League, League A, Gr. 3",12.0,1726.218839,39.0,1506.393663,27.0,219.82517599999983,1.2,2.0,-0.6,1.2,101.0,101.0,1955.0,1857.0,98.0,A
10023391,22/23,5,2022-09-23 18:45:00+00:00,finished,Italy,England,1.0,0.0,"UEFA Nations League, League A, Gr. 3",15.0,1704.733836,4.0,1922.831632,-11.0,-218.0977959999998,1.6,1.0,0.0,-0.2,101.0,101.0,1963.0,1923.0,40.0,H
10023372,22/23,5,2022-09-23 18:45:00+00:00,finished,Bosnia & Herzegovina,Montenegro,1.0,0.0,"UEFA Nations League, League B, Gr. 3",61.0,1408.930486,80.0,1301.977191,19.0,106.95329500000003,1.6,2.0,0.0,1.4,101.0,101.0,1647.0,1577.0,70.0,H
10023362,22/23,5,2022-09-23 18:45:00+00:00,finished,Finland,Romania,1.0,1.0,"UEFA Nations League, League B, Gr. 3",75.0,1341.922408,52.0,1455.894657,-23.0,-113.97224900000015,0.8,0.8,-0.4,-1.0,101.0,101.0,1653.0,1584.0,69.0,D
10023411,22/23,5,2022-09-23 18:45:00+00:00,finished,Bulgaria,Gibraltar,5.0,1.0,"UEFA Nations League, League C, Gr. 4",85.0,1271.683325,202.0,820.260818,117.0,451.422507,0.8,0.4,-0.6,-2.0,103.0,103.0,1477.0,1053.0,424.0,H
10023444,22/23,5,2022-09-24 13:00:00+00:00,finished,Armenia,Ukraine,0.0,5.0,"UEFA Nations League, League B, Gr. 1",107.0,1189.632762,33.0,1549.287173,-74.0,-359.654411,1.2,1.4,-1.2,-0.2,101.0,2.0,1461.0,1826.0,-365.0,A
10023402,22/23,5,2022-09-24 13:00:00+00:00,canceled,Iceland,Russia,,,"UEFA Nations League, League B, Gr. 2",74.0,1342.771961,35.0,1529.602834,-39.0,-186.8308730000001,,,,,,,1561.0,1764.0,-203.0,
10023437,22/23,5,2022-09-24 16:00:00+00:00,finished,Slovenia,Norway,2.0,1.0,"UEFA Nations League, League B, Gr. 4",56.0,1441.087158,19.0,1651.286867,-37.0,-210.19970899999998,0.6,2.2,-1.0,0.6,103.0,104.0,1640.0,1780.0,-140.0,H
10023438,22/23,5,2022-09-24 16:00:00+00:00,finished,Northern Ireland,Kosovo,2.0,1.0,"UEFA Nations League, League C, Gr. 2",70.0,1365.296485,78.0,1319.120924,8.0,46.175561000000016,0.6,1.8,-0.4,0.2,104.0,103.0,1551.0,1503.0,48.0,H
10225881,22/23,5,2022-09-24 18:45:00+00:00,finished,Cyprus,Greece,1.0,0.0,"UEFA Nations League, League C, Gr. 2",124.0,1133.247165,46.0,1473.187305,-78.0,-339.94013999999993,0.4,2.6,-1.8,1.4,104.0,104.0,1365.0,1689.0,-324.0,H
10023423,22/23,5,2022-09-24 18:45:00+00:00,finished,Serbia,Sweden,4.0,1.0,"UEFA Nations League, League B, Gr. 4",40.0,1502.133186,37.0,1525.578992,-3.0,-23.445805999999948,2.0,0.6,1.6,-0.6,104.0,104.0,1860.0,1746.0,114.0,H
10023300,22/23,5,2022-09-24 18:45:00+00:00,finished,Spain,Switzerland,1.0,2.0,"UEFA Nations League, League A, Gr. 2",1.0,1995.881879,14.0,1710.884769,13.0,284.99711,2.2,0.8,1.8,-1.0,104.0,104.0,2019.0,1919.0,100.0,A
10023413,22/23,5,2022-09-24 18:45:00+00:00,finished,Scotland,Ireland,2.0,1.0,"UEFA Nations League, League B, Gr. 1",42.0,1491.223887,55.0,1441.096901,13.0,50.126986000000215,1.8,1.0,0.8,0.2,3.0,102.0,1756.0,1677.0,79.0,H
10023436,22/23,5,2022-09-24 18:45:00+00:00,finished,Israel,Albania,2.0,1.0,"UEFA Nations League, League B, Gr. 2",76.0,1333.904007,67.0,1376.033234,-9.0,-42.1292269999999,1.6,1.6,0.2,0.4,103.0,106.0,1649.0,1546.0,103.0,H
10023353,22/23,5,2022-09-24 18:45:00+00:00,finished,Czechia,Portugal,0.0,4.0,"UEFA Nations League, League A, Gr. 2",48.0,1467.260216,7.0,1787.854725,-41.0,-320.594509,1.4,2.0,-0.2,1.2,104.0,104.0,1796.0,2029.0,-233.0,A
10023449,22/23,6,2022-09-25 13:00:00+00:00,finished,Andorra,Latvia,1.0,1.0,"UEFA Nations League, League D, Gr. 1",172.0,946.429826,137.0,1085.660758,-35.0,-139.23093199999994,1.4,2.4,-0.2,1.4,2.0,2.0,1119.0,1349.0,-230.0,D
10225890,22/23,6,2022-09-25 13:00:00+00:00,finished,Moldova,Liechtenstein,2.0,0.0,"UEFA Nations League, League D, Gr. 1",159.0,1008.240035,206.0,797.701009,47.0,210.53902600000004,2.0,0.0,0.4,-1.6,2.0,2.0,1248.0,985.0,263.0,H
10225887,22/23,6,2022-09-25 16:00:00+00:00,finished,Azerbaijan,Kazakhstan,3.0,0.0,"UEFA Nations League, League C, Gr. 3",126.0,1131.995112,111.0,1180.780449,-15.0,-48.78533700000003,1.4,2.6,0.0,1.0,2.0,3.0,1390.0,1401.0,-11.0,H
10023400,22/23,6,2022-09-25 16:00:00+00:00,finished,Slovakia,Belarus,1.0,1.0,"UEFA Nations League, League C, Gr. 3",45.0,1473.660727,96.0,1242.876029,51.0,230.78469799999993,1.2,0.4,-0.2,-0.8,2.0,3.0,1576.0,1414.0,162.0,D
10023348,22/23,6,2022-09-25 18:45:00+00:00,finished,Luxembourg,Lithuania,1.0,0.0,"UEFA Nations League, League C, Gr. 1",98.0,1232.81815,149.0,1056.850321,51.0,175.96782900000017,1.6,0.2,0.2,-2.2,3.0,3.0,1436.0,1248.0,188.0,H
10023330,22/23,6,2022-09-25 18:45:00+00:00,finished,Faroe Islands,Türkiye,2.0,1.0,"UEFA Nations League, League C, Gr. 1",123.0,1136.585036,27.0,1582.54473,-96.0,-445.9596940000001,1.0,2.6,-0.8,2.8,3.0,3.0,1302.0,1692.0,-390.0,H
10023410,22/23,6,2022-09-25 18:45:00+00:00,finished,Denmark,France,2.0,0.0,"UEFA Nations League, League A, Gr. 1",21.0,1619.474248,3.0,1948.970817,-18.0,-329.4965689999999,1.8,1.0,0.4,0.0,3.0,3.0,1971.0,2005.0,-34.0,H
10023357,22/23,6,2022-09-25 18:45:00+00:00,finished,Wales,Poland,0.0,1.0,"UEFA Nations League, League A, Gr. 4",38.0,1516.946629,36.0,1526.183359,-2.0,-9.23673000000008,0.2,0.8,-0.8,-1.4,3.0,3.0,1789.0,1808.0,-19.0,A
10023378,22/23,6,2022-09-25 18:45:00+00:00,finished,Netherlands,Belgium,1.0,0.0,"UEFA Nations League, League A, Gr. 4",9.0,1775.54224,8.0,1778.355242,-1.0,-2.813002000000097,2.6,2.0,1.4,0.8,3.0,3.0,2040.0,2024.0,16.0,H
10023332,22/23,6,2022-09-25 18:45:00+00:00,finished,Austria,Croatia,1.0,3.0,"UEFA Nations League, League A, Gr. 1",23.0,1598.822839,13.0,1723.050142,-10.0,-124.22730300000012,0.8,2.0,-0.4,0.0,3.0,3.0,1728.0,1921.0,-193.0,A
10023328,22/23,6,2022-09-26 18:45:00+00:00,finished,Hungary,Italy,0.0,2.0,"UEFA Nations League, League A, Gr. 3",39.0,1506.393663,15.0,1704.733836,-24.0,-198.34017300000005,2.0,1.6,1.0,-0.2,3.0,3.0,1828.0,1992.0,-164.0,A
10023409,22/23,6,2022-09-26 18:45:00+00:00,finished,Montenegro,Finland,0.0,2.0,"UEFA Nations League, League B, Gr. 3",80.0,1301.977191,75.0,1341.922408,-5.0,-39.94521699999996,1.4,1.0,0.4,0.0,3.0,3.0,1545.0,1685.0,-140.0,A
10023376,22/23,6,2022-09-26 18:45:00+00:00,finished,Romania,Bosnia & Herzegovina,4.0,1.0,"UEFA Nations League, League B, Gr. 3",52.0,1455.894657,61.0,1408.930486,9.0,46.96417100000008,0.8,2.2,-1.0,0.6,3.0,3.0,1615.0,1616.0,-1.0,H
10023416,22/23,6,2022-09-26 18:45:00+00:00,finished,Gibraltar,Georgia,1.0,2.0,"UEFA Nations League, League C, Gr. 4",202.0,820.260818,72.0,1355.261687,-130.0,-535.000869,0.2,2.6,-2.8,2.4,3.0,3.0,1051.0,1664.0,-613.0,A
10023448,22/23,6,2022-09-26 18:45:00+00:00,finished,North Macedonia,Bulgaria,0.0,1.0,"UEFA Nations League, League C, Gr. 4",69.0,1369.159317,85.0,1271.683325,16.0,97.47599200000013,1.4,1.2,0.2,0.2,3.0,3.0,1564.0,1508.0,56.0,A
10225909,22/23,6,2022-09-26 18:45:00+00:00,finished,San Marino,Estonia,0.0,4.0,"UEFA Nations League, League D, Gr. 2",211.0,721.201827,127.0,1130.63629,-84.0,-409.43446299999994,0.4,2.0,-1.0,0.6,106.0,3.0,777.0,1420.0,-643.0,A
10023377,22/23,6,2022-09-26 18:45:00+00:00,finished,England,Germany,3.0,3.0,"UEFA Nations League, League A, Gr. 3",4.0,1922.831632,12.0,1726.218839,8.0,196.612793,0.4,1.2,-1.2,0.4,3.0,3.0,1919.0,1959.0,-40.0,D
10225879,22/23,6,2022-09-27 18:45:00+00:00,finished,Kosovo,Cyprus,5.0,1.0,"UEFA Nations League, League C, Gr. 2",78.0,1319.120924,124.0,1133.247165,46.0,185.87375900000006,1.2,1.0,-0.2,-0.8,3.0,3.0,1518.0,1350.0,168.0,H
10023302,22/23,6,2022-09-27 18:45:00+00:00,finished,Greece,Northern Ireland,3.0,1.0,"UEFA Nations League, League C, Gr. 2",46.0,1473.187305,70.0,1365.296485,24.0,107.89081999999985,2.4,1.0,1.2,-0.2,3.0,3.0,1701.0,1539.0,162.0,H
10023424,22/23,6,2022-09-27 18:45:00+00:00,finished,Sweden,Slovenia,1.0,1.0,"UEFA Nations League, League B, Gr. 4",37.0,1525.578992,56.0,1441.087158,19.0,84.49183399999993,0.6,1.0,-0.8,-0.8,3.0,3.0,1735.0,1651.0,84.0,D
10023392,22/23,6,2022-09-27 18:45:00+00:00,finished,Norway,Serbia,0.0,2.0,"UEFA Nations League, League B, Gr. 4",19.0,1651.286867,40.0,1502.133186,21.0,149.153681,2.0,2.0,0.4,1.2,3.0,3.0,1748.0,1892.0,-144.0,A
10023418,22/23,6,2022-09-27 18:45:00+00:00,finished,Ukraine,Scotland,0.0,0.0,"UEFA Nations League, League B, Gr. 1",33.0,1549.287173,42.0,1491.223887,9.0,58.063285999999835,2.0,2.4,1.2,1.2,3.0,3.0,1822.0,1760.0,62.0,D
10023313,22/23,6,2022-09-27 18:45:00+00:00,finished,Ireland,Armenia,3.0,2.0,"UEFA Nations League, League B, Gr. 1",55.0,1441.096901,107.0,1189.632762,52.0,251.46413899999993,0.8,0.6,0.0,-2.4,3.0,3.0,1683.0,1455.0,228.0,H
10023364,22/23,6,2022-09-27 18:45:00+00:00,finished,Switzerland,Czechia,2.0,1.0,"UEFA Nations League, League A, Gr. 2",14.0,1710.884769,48.0,1467.260216,34.0,243.6245530000001,1.2,0.8,-0.8,-1.4,3.0,3.0,1928.0,1787.0,141.0,H
10023338,22/23,6,2022-09-27 18:45:00+00:00,finished,Portugal,Spain,0.0,1.0,"UEFA Nations League, League A, Gr. 2",7.0,1787.854725,1.0,1995.881879,-6.0,-208.0271540000001,2.0,1.6,1.8,0.4,3.0,3.0,2003.0,2045.0,-42.0,A
10023299,22/23,6,2022-09-27 18:45:00+00:00,canceled,Russia,Israel,,,"UEFA Nations League, League B, Gr. 2",35.0,1529.602834,76.0,1333.904007,41.0,195.69882699999994,,,,,,,1764.0,1632.0,132.0,
10023395,22/23,6,2022-09-27 18:45:00+00:00,finished,Albania,Iceland,1.0,1.0,"UEFA Nations League, League B, Gr. 2",67.0,1376.033234,74.0,1342.771961,7.0,33.261273000000074,1.4,0.6,0.2,-1.0,3.0,106.0,1541.0,1566.0,-25.0,D
12057831,24/25,1,2024-09-05 16:00:00+00:00,finished,Azerbaijan,Sweden,1.0,3.0,"UEFA Nations League, League C, Gr. 1",126.0,1131.995112,37.0,1525.578992,-89.0,-393.5838799999999,2.0,0.2,1.0,-1.2,711.0,708.0,1468.0,1697.0,-229.0,A
12057929,24/25,1,2024-09-05 18:45:00+00:00,finished,Portugal,Croatia,2.0,1.0,"UEFA Nations League, League A, Gr. 1",7.0,1787.854725,13.0,1723.050142,6.0,64.80458299999987,1.8,2.6,1.6,1.0,709.0,711.0,1971.0,1903.0,68.0,H
12057919,24/25,1,2024-09-05 18:45:00+00:00,finished,Scotland,Poland,2.0,3.0,"UEFA Nations League, League A, Gr. 1",42.0,1491.223887,36.0,1526.183359,-6.0,-34.959472000000005,2.0,0.8,0.8,-1.4,709.0,711.0,1708.0,1755.0,-47.0,A
12057887,24/25,1,2024-09-05 18:45:00+00:00,finished,Denmark,Switzerland,2.0,0.0,"UEFA Nations League, League A, Gr. 4",21.0,1619.474248,14.0,1710.884769,-7.0,-91.41052100000002,1.8,1.8,0.6,-0.4,711.0,709.0,1845.0,1874.0,-29.0,H
12057882,24/25,1,2024-09-05 18:45:00+00:00,finished,Serbia,Spain,0.0,0.0,"UEFA Nations League, League A, Gr. 4",40.0,1502.133186,1.0,1995.881879,-39.0,-493.748693,2.6,2.0,1.8,0.6,709.0,709.0,1801.0,2137.0,-336.0,D
12057832,24/25,1,2024-09-05 18:45:00+00:00,finished,Estonia,Slovakia,0.0,1.0,"UEFA Nations League, League C, Gr. 1",127.0,1130.63629,45.0,1473.660727,-82.0,-343.02443700000003,2.6,0.8,1.6,-0.4,710.0,711.0,1361.0,1693.0,-332.0,A
12057805,24/25,1,2024-09-05 18:45:00+00:00,finished,Belarus,Bulgaria,0.0,0.0,"UEFA Nations League, League C, Gr. 3",96.0,1242.876029,85.0,1271.683325,-11.0,-28.80729599999995,0.6,1.6,-0.6,0.4,711.0,710.0,1436.0,1485.0,-49.0,D
12057810,24/25,1,2024-09-05 18:45:00+00:00,finished,Northern Ireland,Luxembourg,2.0,0.0,"UEFA Nations League, League C, Gr. 3",70.0,1365.296485,98.0,1232.81815,28.0,132.47833500000002,1.0,1.6,-0.4,0.0,709.0,711.0,1538.0,1490.0,48.0,H
12057789,24/25,1,2024-09-05 18:45:00+00:00,finished,San Marino,Liechtenstein,1.0,0.0,"UEFA Nations League, League D, Gr. 1",211.0,721.201827,206.0,797.701009,-5.0,-76.49918200000002,0.2,0.0,-1.8,-1.6,710.0,711.0,798.0,942.0,-144.0,H
12057849,24/25,1,2024-09-06 14:00:00+00:00,finished,Kazakhstan,Norway,0.0,0.0,"UEFA Nations League, League B, Gr. 3",111.0,1180.780449,19.0,1651.286867,-92.0,-470.50641799999994,2.0,1.4,0.0,-0.2,711.0,709.0,1463.0,1724.0,-261.0,D
12198109,24/25,1,2024-09-06 16:00:00+00:00,finished,Lithuania,Cyprus,0.0,1.0,"UEFA Nations League, League C, Gr. 2",149.0,1056.850321,124.0,1133.247165,-25.0,-76.3968440000001,0.2,1.0,-2.0,-1.2,711.0,709.0,1328.0,1343.0,-15.0,A
12057852,24/25,1,2024-09-06 18:45:00+00:00,finished,Slovenia,Austria,1.0,1.0,"UEFA Nations League, League B, Gr. 3",56.0,1441.087158,23.0,1598.822839,-33.0,-157.7356809999999,1.2,0.2,-0.4,-1.4,710.0,712.0,1771.0,1876.0,-105.0,D
12057841,24/25,1,2024-09-06 18:45:00+00:00,finished,Iceland,Montenegro,2.0,0.0,"UEFA Nations League, League B, Gr. 4",74.0,1342.771961,80.0,1301.977191,6.0,40.79476999999997,0.8,0.8,-0.8,-0.4,710.0,711.0,1582.0,1533.0,49.0,H
12057847,24/25,1,2024-09-06 18:45:00+00:00,finished,Wales,Türkiye,0.0,0.0,"UEFA Nations League, League B, Gr. 4",38.0,1516.946629,27.0,1582.54473,-11.0,-65.59810100000004,0.2,2.0,-0.8,1.8,712.0,712.0,1684.0,1804.0,-120.0,D
12057817,24/25,1,2024-09-06 18:45:00+00:00,finished,Kosovo,Romania,0.0,3.0,"UEFA Nations League, League C, Gr. 2",78.0,1319.120924,52.0,1455.894657,-26.0,-136.773733,1.2,1.4,0.2,0.0,710.0,711.0,1478.0,1709.0,-231.0,A
12057909,24/25,1,2024-09-06 18:45:00+00:00,finished,France,Italy,1.0,3.0,"UEFA Nations League, League A, Gr. 2",3.0,1948.970817,15.0,1704.733836,12.0,244.2369809999998,1.0,2.0,-0.2,0.2,712.0,711.0,1998.0,1939.0,59.0,A
12057912,24/25,1,2024-09-06 18:45:00+00:00,finished,Belgium,Israel,3.0,1.0,"UEFA Nations League, League A, Gr. 2",8.0,1778.355242,76.0,1333.904007,68.0,444.451235,2.0,2.2,1.2,0.6,712.0,713.0,1940.0,1561.0,379.0,H
12057798,24/25,1,2024-09-07 13:00:00+00:00,finished,Faroe Islands,North Macedonia,1.0,1.0,"UEFA Nations League, League C, Gr. 4",123.0,1136.585036,69.0,1369.159317,-54.0,-232.57428100000016,1.6,1.2,0.2,0.0,712.0,711.0,1256.0,1536.0,-280.0,D
12057880,24/25,1,2024-09-07 16:00:00+00:00,finished,Georgia,Czechia,4.0,1.0,"UEFA Nations League, League B, Gr. 1",72.0,1355.261687,48.0,1467.260216,-24.0,-111.99852899999996,2.6,0.2,1.8,-1.8,711.0,710.0,1732.0,1703.0,29.0,H
12057873,24/25,1,2024-09-07 16:00:00+00:00,finished,Ireland,England,0.0,2.0,"UEFA Nations League, League B, Gr. 2",55.0,1441.096901,4.0,1922.831632,-51.0,-481.734731,1.4,0.6,0.4,-1.0,710.0,711.0,1608.0,1991.0,-383.0,A
12057799,24/25,1,2024-09-07 16:00:00+00:00,finished,Armenia,Latvia,4.0,1.0,"UEFA Nations League, League C, Gr. 4",107.0,1189.632762,137.0,1085.660758,30.0,103.97200399999997,0.0,2.0,-2.8,0.8,710.0,713.0,1475.0,1307.0,168.0,H
12057787,24/25,1,2024-09-07 16:00:00+00:00,finished,Moldova,Malta,2.0,0.0,"UEFA Nations League, League D, Gr. 2",159.0,1008.240035,161.0,992.793497,2.0,15.446538000000032,2.0,1.4,0.4,0.2,713.0,715.0,1364.0,1241.0,123.0,H
12057903,24/25,1,2024-09-07 18:45:00+00:00,finished,Germany,Hungary,5.0,0.0,"UEFA Nations League, League A, Gr. 3",12.0,1726.218839,39.0,1506.393663,27.0,219.82517599999983,1.2,1.4,0.4,0.4,712.0,712.0,1950.0,1783.0,167.0,H
12057896,24/25,1,2024-09-07 18:45:00+00:00,finished,Netherlands,Bosnia & Herzegovina,5.0,2.0,"UEFA Nations League, League A, Gr. 3",9.0,1775.54224,61.0,1408.930486,52.0,366.611754,2.6,2.0,1.0,0.0,713.0,712.0,1965.0,1473.0,492.0,H
12057879,24/25,1,2024-09-07 18:45:00+00:00,finished,Ukraine,Albania,1.0,2.0,"UEFA Nations League, League B, Gr. 1",33.0,1549.287173,67.0,1376.033234,34.0,173.25393899999995,1.6,1.0,1.0,-0.2,711.0,711.0,1786.0,1660.0,126.0,A
12057868,24/25,1,2024-09-07 18:45:00+00:00,finished,Greece,Finland,3.0,0.0,"UEFA Nations League, League B, Gr. 2",46.0,1473.187305,75.0,1341.922408,29.0,131.26489700000002,2.4,1.4,1.4,0.4,711.0,712.0,1754.0,1611.0,143.0,H
12057814,24/25,2,2024-09-08 13:00:00+00:00,finished,Luxembourg,Belarus,0.0,1.0,"UEFA Nations League, League C, Gr. 3",98.0,1232.81815,96.0,1242.876029,-2.0,-10.057878999999957,1.0,0.6,-0.6,-0.6,2.0,2.0,1462.0,1464.0,-2.0,A
12057815,24/25,2,2024-09-08 16:00:00+00:00,finished,Bulgaria,Northern Ireland,1.0,0.0,"UEFA Nations League, League C, Gr. 3",85.0,1271.683325,70.0,1365.296485,-15.0,-93.61316000000011,1.8,1.4,1.0,0.0,2.0,2.0,1502.0,1521.0,-19.0,H
12057786,24/25,2,2024-09-08 16:00:00+00:00,finished,Gibraltar,Liechtenstein,2.0,2.0,"UEFA Nations League, League D, Gr. 1",202.0,820.260818,206.0,797.701009,4.0,22.559808999999973,0.2,0.0,-2.2,-1.6,712.0,2.0,1054.0,953.0,101.0,D
12057891,24/25,2,2024-09-08 16:00:00+00:00,finished,Denmark,Serbia,2.0,0.0,"UEFA Nations League, League A, Gr. 4",21.0,1619.474248,40.0,1502.133186,19.0,117.34106199999997,1.8,2.2,0.8,1.2,2.0,2.0,1863.0,1783.0,80.0,H
12057830,24/25,2,2024-09-08 16:00:00+00:00,finished,Slovakia,Azerbaijan,2.0,0.0,"UEFA Nations League, League C, Gr. 1",45.0,1473.660727,126.0,1131.995112,81.0,341.6656149999999,1.4,1.8,0.0,0.6,2.0,3.0,1701.0,1460.0,241.0,H
12057924,24/25,2,2024-09-08 18:45:00+00:00,finished,Croatia,Poland,1.0,0.0,"UEFA Nations League, League A, Gr. 1",13.0,1723.050142,36.0,1526.183359,23.0,196.86678299999994,2.4,1.4,0.8,-0.2,3.0,3.0,1911.0,1747.0,164.0,H
12057936,24/25,2,2024-09-08 18:45:00+00:00,finished,Portugal,Scotland,2.0,1.0,"UEFA Nations League, League A, Gr. 1",7.0,1787.854725,42.0,1491.223887,35.0,296.6308379999998,1.8,2.0,1.0,1.2,3.0,3.0,1975.0,1704.0,271.0,H
12057885,24/25,2,2024-09-08 18:45:00+00:00,finished,Switzerland,Spain,1.0,4.0,"UEFA Nations League, League A, Gr. 4",14.0,1710.884769,1.0,1995.881879,-13.0,-284.99711,1.8,2.0,0.0,0.6,3.0,3.0,1854.0,2157.0,-303.0,A
12057827,24/25,2,2024-09-08 18:45:00+00:00,finished,Sweden,Estonia,3.0,0.0,"UEFA Nations League, League C, Gr. 1",37.0,1525.578992,127.0,1130.63629,90.0,394.94270200000005,0.8,2.4,-0.6,1.4,3.0,3.0,1702.0,1356.0,346.0,H
12057819,24/25,2,2024-09-09 16:00:00+00:00,finished,Cyprus,Kosovo,0.0,4.0,"UEFA Nations League, League C, Gr. 2",124.0,1133.247165,78.0,1319.120924,-46.0,-185.87375900000006,1.4,1.2,-1.0,-0.2,3.0,2.0,1309.0,1512.0,-203.0,A
12057779,24/25,2,2024-09-09 18:45:00+00:00,finished,Romania,Lithuania,3.0,1.0,"UEFA Nations League, League C, Gr. 2",52.0,1455.894657,149.0,1056.850321,97.0,399.04433600000016,2.0,0.2,0.8,-1.0,3.0,3.0,1713.0,1324.0,389.0,H
12057843,24/25,2,2024-09-09 18:45:00+00:00,finished,Türkiye,Iceland,3.0,1.0,"UEFA Nations League, League B, Gr. 4",27.0,1582.54473,74.0,1342.771961,47.0,239.77276900000015,1.6,1.4,0.6,0.4,3.0,3.0,1812.0,1574.0,238.0,H
12057851,24/25,2,2024-09-09 18:45:00+00:00,finished,Norway,Austria,2.0,1.0,"UEFA Nations League, League B, Gr. 3",19.0,1651.286867,23.0,1598.822839,4.0,52.4640280000001,1.0,0.4,-0.4,-1.2,3.0,3.0,1747.0,1853.0,-106.0,H
12057854,24/25,2,2024-09-09 18:45:00+00:00,finished,Slovenia,Kazakhstan,3.0,0.0,"UEFA Nations League, League B, Gr. 3",56.0,1441.087158,111.0,1180.780449,55.0,260.30670899999996,1.4,1.6,0.2,-0.2,3.0,3.0,1777.0,1457.0,320.0,H
12057837,24/25,2,2024-09-09 18:45:00+00:00,finished,Montenegro,Wales,1.0,2.0,"UEFA Nations League, League B, Gr. 4",80.0,1301.977191,38.0,1516.946629,-42.0,-214.96943800000008,0.8,0.4,-0.4,-0.6,3.0,3.0,1516.0,1701.0,-185.0,A
12057908,24/25,2,2024-09-09 18:45:00+00:00,finished,France,Belgium,2.0,0.0,"UEFA Nations League, League A, Gr. 2",3.0,1948.970817,8.0,1778.355242,5.0,170.6155749999998,0.8,2.0,-0.6,0.6,3.0,3.0,2015.0,1923.0,92.0,H
12057915,24/25,2,2024-09-09 18:45:00+00:00,finished,Israel,Italy,1.0,2.0,"UEFA Nations League, League A, Gr. 2",76.0,1333.904007,15.0,1704.733836,-61.0,-370.829829,1.6,2.0,0.0,0.4,3.0,3.0,1557.0,1943.0,-386.0,A
12057802,24/25,2,2024-09-10 16:00:00+00:00,finished,Latvia,Faroe Islands,1.0,0.0,"UEFA Nations League, League C, Gr. 4",137.0,1085.660758,123.0,1136.585036,-14.0,-50.92427799999996,1.4,1.8,0.0,0.4,3.0,3.0,1319.0,1244.0,75.0,H
12057904,24/25,2,2024-09-10 18:45:00+00:00,finished,Hungary,Bosnia & Herzegovina,0.0,0.0,"UEFA Nations League, League A, Gr. 3",39.0,1506.393663,61.0,1408.930486,22.0,97.46317700000009,1.4,1.4,-0.4,-0.8,3.0,3.0,1766.0,1490.0,276.0,D
12057900,24/25,2,2024-09-10 18:45:00+00:00,finished,Netherlands,Germany,2.0,2.0,"UEFA Nations League, League A, Gr. 3",9.0,1775.54224,12.0,1726.218839,3.0,49.3234010000001,2.6,1.6,1.4,1.4,3.0,3.0,1959.0,1956.0,3.0,D
12057878,24/25,2,2024-09-10 18:45:00+00:00,finished,Albania,Georgia,0.0,1.0,"UEFA Nations League, League B, Gr. 1",67.0,1376.033234,72.0,1355.261687,5.0,20.771547000000055,1.0,2.6,-0.2,1.8,3.0,3.0,1638.0,1754.0,-116.0,A
12057875,24/25,2,2024-09-10 18:45:00+00:00,finished,Czechia,Ukraine,3.0,2.0,"UEFA Nations League, League B, Gr. 1",48.0,1467.260216,33.0,1549.287173,-15.0,-82.02695700000004,0.0,1.0,-2.4,0.2,3.0,3.0,1722.0,1767.0,-45.0,H
12057872,24/25,2,2024-09-10 18:45:00+00:00,finished,England,Finland,2.0,0.0,"UEFA Nations League, League B, Gr. 2",4.0,1922.831632,75.0,1341.922408,71.0,580.909224,1.0,0.8,-0.6,-0.6,3.0,3.0,1995.0,1607.0,388.0,H
12057859,24/25,2,2024-09-10 18:45:00+00:00,finished,Ireland,Greece,0.0,2.0,"UEFA Nations League, League B, Gr. 2",55.0,1441.096901,46.0,1473.187305,-9.0,-32.090404000000035,1.4,2.4,0.2,1.8,3.0,3.0,1582.0,1780.0,-198.0,A
12057800,24/25,2,2024-09-10 18:45:00+00:00,finished,North Macedonia,Armenia,2.0,0.0,"UEFA Nations League, League C, Gr. 4",69.0,1369.159317,107.0,1189.632762,38.0,179.52655500000014,0.8,0.6,-0.4,-1.8,3.0,3.0,1553.0,1458.0,95.0,H
12057782,24/25,2,2024-09-10 18:45:00+00:00,finished,Andorra,Malta,0.0,1.0,"UEFA Nations League, League D, Gr. 2",172.0,946.429826,161.0,992.793497,-11.0,-46.363670999999954,1.6,1.2,0.4,-0.2,716.0,3.0,1083.0,1259.0,-176.0,A
12057788,24/25,3,2024-10-10 16:00:00+00:00,finished,Moldova,Andorra,2.0,0.0,"UEFA Nations League, League D, Gr. 2",159.0,1008.240035,172.0,946.429826,13.0,61.810208999999986,2.4,1.4,0.8,0.2,33.0,29.0,1370.0,1077.0,293.0,H
12057801,24/25,3,2024-10-10 16:00:00+00:00,finished,Latvia,North Macedonia,0.0,3.0,"UEFA Nations League, League C, Gr. 4",137.0,1085.660758,69.0,1369.159317,-68.0,-283.4985590000001,1.4,1.4,-0.2,0.6,30.0,29.0,1297.0,1575.0,-278.0,A
12057905,24/25,3,2024-10-10 18:45:00+00:00,finished,Italy,Belgium,2.0,2.0,"UEFA Nations League, League A, Gr. 2",15.0,1704.733836,8.0,1778.355242,-7.0,-73.62140599999998,2.4,1.8,0.6,0.2,31.0,31.0,1936.0,1930.0,6.0,D
12057862,24/25,3,2024-10-10 18:45:00+00:00,finished,England,Greece,1.0,2.0,"UEFA Nations League, League B, Gr. 2",4.0,1922.831632,46.0,1473.187305,42.0,449.644327,1.4,2.4,-0.2,1.6,30.0,30.0,1961.0,1814.0,147.0,A
12057864,24/25,3,2024-10-10 18:45:00+00:00,finished,Finland,Ireland,1.0,2.0,"UEFA Nations League, League B, Gr. 2",75.0,1341.922408,55.0,1441.096901,-20.0,-99.17449299999998,0.8,0.8,-0.8,-0.8,30.0,30.0,1580.0,1609.0,-29.0,A
12057853,24/25,3,2024-10-10 18:45:00+00:00,finished,Austria,Kazakhstan,4.0,0.0,"UEFA Nations League, League B, Gr. 3",23.0,1598.822839,111.0,1180.780449,88.0,418.04238999999984,0.2,1.4,-1.4,-0.8,31.0,31.0,1857.0,1453.0,404.0,H
12057850,24/25,3,2024-10-10 18:45:00+00:00,finished,Norway,Slovenia,3.0,0.0,"UEFA Nations League, League B, Gr. 3",19.0,1651.286867,56.0,1441.087158,37.0,210.19970899999998,1.4,1.8,-0.2,0.8,31.0,31.0,1775.0,1749.0,26.0,H
12057797,24/25,3,2024-10-10 18:45:00+00:00,finished,Faroe Islands,Armenia,2.0,2.0,"UEFA Nations League, League C, Gr. 4",123.0,1136.585036,107.0,1189.632762,-16.0,-53.04772600000001,1.2,0.6,0.0,-1.6,30.0,30.0,1250.0,1452.0,-202.0,D
12057783,24/25,3,2024-10-10 18:45:00+00:00,finished,Gibraltar,San Marino,1.0,0.0,"UEFA Nations League, League D, Gr. 1",202.0,820.260818,211.0,721.201827,9.0,99.05899099999999,0.4,0.6,-1.8,-1.6,32.0,35.0,1059.0,793.0,266.0,H
12057914,24/25,3,2024-10-10 18:45:00+00:00,finished,Israel,France,1.0,4.0,"UEFA Nations League, League A, Gr. 2",76.0,1333.904007,3.0,1948.970817,-73.0,-615.0668099999998,1.4,1.2,-0.2,-0.2,31.0,31.0,1552.0,2020.0,-468.0,A
12057822,24/25,3,2024-10-11 16:00:00+00:00,finished,Estonia,Azerbaijan,3.0,1.0,"UEFA Nations League, League C, Gr. 1",127.0,1130.63629,126.0,1131.995112,-1.0,-1.3588220000001456,1.8,1.8,0.4,0.4,32.0,33.0,1386.0,1430.0,-44.0,H
12057895,24/25,3,2024-10-11 18:45:00+00:00,finished,Bosnia & Herzegovina,Germany,1.0,2.0,"UEFA Nations League, League A, Gr. 3",61.0,1408.930486,12.0,1726.218839,-49.0,-317.2883529999999,1.4,1.6,-0.8,1.4,31.0,31.0,1486.0,1960.0,-474.0,A
12057897,24/25,3,2024-10-11 18:45:00+00:00,finished,Hungary,Netherlands,1.0,1.0,"UEFA Nations League, League A, Gr. 3",39.0,1506.393663,9.0,1775.54224,-30.0,-269.14857699999993,1.4,2.6,-0.4,1.4,31.0,31.0,1771.0,1954.0,-183.0,D
12057876,24/25,3,2024-10-11 18:45:00+00:00,finished,Czechia,Albania,2.0,0.0,"UEFA Nations League, League B, Gr. 1",48.0,1467.260216,67.0,1376.033234,19.0,91.22698199999991,0.6,0.8,-1.8,-0.4,31.0,31.0,1737.0,1623.0,114.0,H
12057874,24/25,3,2024-10-11 18:45:00+00:00,finished,Ukraine,Georgia,1.0,0.0,"UEFA Nations League, League B, Gr. 1",33.0,1549.287173,72.0,1355.261687,39.0,194.025486,0.8,2.6,0.0,1.4,31.0,31.0,1786.0,1735.0,51.0,H
12057835,24/25,3,2024-10-11 18:45:00+00:00,finished,Iceland,Wales,2.0,2.0,"UEFA Nations League, League B, Gr. 4",74.0,1342.771961,38.0,1516.946629,-36.0,-174.1746680000001,1.2,0.8,0.0,-0.4,32.0,32.0,1576.0,1699.0,-123.0,D
12057842,24/25,3,2024-10-11 18:45:00+00:00,finished,Türkiye,Montenegro,1.0,0.0,"UEFA Nations League, League B, Gr. 4",27.0,1582.54473,80.0,1301.977191,53.0,280.5675390000001,1.6,0.6,0.6,-0.6,32.0,32.0,1816.0,1512.0,304.0,H
12057821,24/25,3,2024-10-11 18:45:00+00:00,finished,Slovakia,Sweden,2.0,2.0,"UEFA Nations League, League C, Gr. 1",45.0,1473.660727,37.0,1525.578992,-8.0,-51.91826500000002,1.4,1.4,0.2,0.2,33.0,33.0,1695.0,1708.0,-13.0,D
12057910,24/25,3,2024-10-12 13:00:00+00:00,finished,Lithuania,Kosovo,1.0,2.0,"UEFA Nations League, League C, Gr. 2",149.0,1056.850321,78.0,1319.120924,-71.0,-262.27060300000016,0.2,1.2,-1.2,0.4,32.0,32.0,1309.0,1527.0,-218.0,A
12057923,24/25,3,2024-10-12 16:00:00+00:00,finished,Croatia,Scotland,2.0,1.0,"UEFA Nations League, League A, Gr. 1",13.0,1723.050142,42.0,1491.223887,29.0,231.82625499999995,2.4,1.4,0.8,0.4,33.0,33.0,1917.0,1698.0,219.0,H
12057813,24/25,3,2024-10-12 16:00:00+00:00,finished,Bulgaria,Luxembourg,0.0,0.0,"UEFA Nations League, League C, Gr. 3",85.0,1271.683325,98.0,1232.81815,13.0,38.86517499999991,2.2,1.0,1.2,-0.4,34.0,34.0,1494.0,1470.0,24.0,D
12057807,24/25,3,2024-10-12 18:45:00+00:00,finished,Belarus,Northern Ireland,0.0,0.0,"UEFA Nations League, League C, Gr. 3",96.0,1242.876029,70.0,1365.296485,-26.0,-122.42045600000006,1.0,1.4,-0.4,0.0,34.0,34.0,1467.0,1518.0,-51.0,D
12057881,24/25,3,2024-10-12 18:45:00+00:00,finished,Spain,Denmark,1.0,0.0,"UEFA Nations League, League A, Gr. 4",1.0,1995.881879,21.0,1619.474248,20.0,376.40763100000004,2.0,2.4,1.0,1.4,34.0,34.0,2161.0,1859.0,302.0,H
12057825,24/25,3,2024-10-12 18:45:00+00:00,finished,Cyprus,Romania,0.0,3.0,"UEFA Nations League, League C, Gr. 2",124.0,1133.247165,52.0,1455.894657,-72.0,-322.64749200000006,1.4,2.0,-1.2,1.0,33.0,33.0,1299.0,1723.0,-424.0,A
12057926,24/25,3,2024-10-12 18:45:00+00:00,finished,Poland,Portugal,1.0,3.0,"UEFA Nations League, League A, Gr. 1",36.0,1526.183359,7.0,1787.854725,-29.0,-261.6713659999998,1.2,1.8,-0.4,0.8,34.0,34.0,1728.0,1994.0,-266.0,A
12057886,24/25,3,2024-10-12 18:45:00+00:00,finished,Serbia,Switzerland,2.0,0.0,"UEFA Nations League, League A, Gr. 4",40.0,1502.133186,14.0,1710.884769,-26.0,-208.75158299999998,1.6,1.8,0.6,-0.4,34.0,34.0,1811.0,1826.0,-15.0,H
12057856,24/25,4,2024-10-13 13:00:00+00:00,finished,Kazakhstan,Slovenia,0.0,1.0,"UEFA Nations League, League B, Gr. 3",111.0,1180.780449,56.0,1441.087158,-55.0,-260.30670899999996,0.8,1.6,-1.8,0.2,2.0,2.0,1443.0,1759.0,-316.0,A
12057785,24/25,4,2024-10-13 16:00:00+00:00,finished,Malta,Moldova,1.0,0.0,"UEFA Nations League, League D, Gr. 2",161.0,992.793497,159.0,1008.240035,-2.0,-15.446538000000032,1.2,3.0,-0.4,1.6,32.0,3.0,1280.0,1349.0,-69.0,H
12057778,24/25,4,2024-10-13 16:00:00+00:00,finished,Liechtenstein,Gibraltar,0.0,0.0,"UEFA Nations League, League D, Gr. 1",206.0,797.701009,202.0,820.260818,-4.0,-22.559808999999973,0.2,0.8,-1.4,-1.6,35.0,2.0,965.0,1059.0,-94.0,D
12057796,24/25,4,2024-10-13 16:00:00+00:00,finished,Armenia,North Macedonia,0.0,2.0,"UEFA Nations League, League C, Gr. 4",107.0,1189.632762,69.0,1369.159317,-38.0,-179.52655500000014,0.8,1.4,-1.0,0.4,2.0,3.0,1424.0,1603.0,-179.0,A
12057867,24/25,4,2024-10-13 16:00:00+00:00,finished,Finland,England,1.0,3.0,"UEFA Nations League, League B, Gr. 2",75.0,1341.922408,4.0,1922.831632,-71.0,-580.909224,0.8,1.4,-0.8,0.4,2.0,2.0,1570.0,1971.0,-401.0,A
12057860,24/25,4,2024-10-13 18:45:00+00:00,finished,Greece,Ireland,2.0,0.0,"UEFA Nations League, League B, Gr. 2",46.0,1473.187305,55.0,1441.096901,9.0,32.090404000000035,2.4,1.2,1.4,-0.6,3.0,3.0,1823.0,1600.0,223.0,H
12057855,24/25,4,2024-10-13 18:45:00+00:00,finished,Austria,Norway,5.0,1.0,"UEFA Nations League, League B, Gr. 3",23.0,1598.822839,19.0,1651.286867,-4.0,-52.4640280000001,0.8,1.4,-0.2,0.2,3.0,3.0,1876.0,1756.0,120.0,H
12057794,24/25,4,2024-10-13 18:45:00+00:00,finished,Faroe Islands,Latvia,1.0,1.0,"UEFA Nations League, League C, Gr. 4",123.0,1136.585036,137.0,1085.660758,14.0,50.92427799999996,1.2,0.8,0.0,-1.2,3.0,3.0,1247.0,1300.0,-53.0,D
12057871,24/25,4,2024-10-14 16:00:00+00:00,finished,Georgia,Albania,0.0,1.0,"UEFA Nations League, League B, Gr. 1",72.0,1355.261687,67.0,1376.033234,-5.0,-20.771547000000055,2.4,0.8,1.2,-0.6,2.0,2.0,1704.0,1654.0,50.0,A
12057823,24/25,4,2024-10-14 16:00:00+00:00,finished,Azerbaijan,Slovakia,1.0,3.0,"UEFA Nations League, League C, Gr. 1",126.0,1131.995112,45.0,1473.660727,-81.0,-341.6656149999999,1.2,1.6,-0.4,0.4,3.0,2.0,1413.0,1712.0,-299.0,A
12057840,24/25,4,2024-10-14 18:45:00+00:00,finished,Iceland,Türkiye,2.0,4.0,"UEFA Nations League, League B, Gr. 4",74.0,1342.771961,27.0,1582.54473,-47.0,-239.77276900000015,1.2,1.6,0.0,0.4,3.0,3.0,1557.0,1835.0,-278.0,A
12057836,24/25,4,2024-10-14 18:45:00+00:00,finished,Wales,Montenegro,1.0,0.0,"UEFA Nations League, League B, Gr. 4",38.0,1516.946629,80.0,1301.977191,42.0,214.96943800000008,1.0,0.0,-0.2,-1.4,3.0,3.0,1705.0,1506.0,199.0,H
12057826,24/25,4,2024-10-14 18:45:00+00:00,finished,Estonia,Sweden,0.0,3.0,"UEFA Nations League, League C, Gr. 1",127.0,1130.63629,37.0,1525.578992,-90.0,-394.94270200000005,1.8,1.6,0.6,0.4,3.0,3.0,1371.0,1723.0,-352.0,A
12057901,24/25,4,2024-10-14 18:45:00+00:00,finished,Germany,Netherlands,1.0,0.0,"UEFA Nations League, League A, Gr. 3",12.0,1726.218839,9.0,1775.54224,-3.0,-49.3234010000001,1.6,2.2,1.0,1.2,3.0,3.0,1974.0,1940.0,34.0,H
12057870,24/25,4,2024-10-14 18:45:00+00:00,finished,Ukraine,Czechia,1.0,1.0,"UEFA Nations League, League B, Gr. 1",33.0,1549.287173,48.0,1467.260216,15.0,82.02695700000004,1.4,1.2,0.8,-1.0,3.0,3.0,1783.0,1740.0,43.0,D
12057913,24/25,4,2024-10-14 18:45:00+00:00,finished,Italy,Israel,4.0,1.0,"UEFA Nations League, League A, Gr. 2",15.0,1704.733836,76.0,1333.904007,61.0,370.829829,2.6,0.8,1.2,-1.0,4.0,4.0,1940.0,1548.0,392.0,H
12057907,24/25,4,2024-10-14 18:45:00+00:00,finished,Belgium,France,1.0,2.0,"UEFA Nations League, League A, Gr. 2",8.0,1778.355242,3.0,1948.970817,-5.0,-170.6155749999998,1.4,1.8,0.0,0.6,4.0,4.0,1909.0,2041.0,-132.0,A
12057902,24/25,4,2024-10-14 18:45:00+00:00,finished,Bosnia & Herzegovina,Hungary,0.0,2.0,"UEFA Nations League, League A, Gr. 3",61.0,1408.930486,39.0,1506.393663,-22.0,-97.46317700000009,0.8,1.0,-1.2,-1.2,3.0,3.0,1471.0,1786.0,-315.0,A
12057804,24/25,4,2024-10-15 18:45:00+00:00,finished,Northern Ireland,Bulgaria,5.0,0.0,"UEFA Nations League, League C, Gr. 3",70.0,1365.296485,85.0,1271.683325,15.0,93.61316000000011,1.4,2.2,0.0,1.2,3.0,3.0,1544.0,1468.0,76.0,H
12057781,24/25,4,2024-10-15 18:45:00+00:00,finished,Lithuania,Romania,1.0,2.0,"UEFA Nations League, League C, Gr. 2",149.0,1056.850321,52.0,1455.894657,-97.0,-399.04433600000016,0.2,2.6,-1.0,2.2,3.0,3.0,1303.0,1729.0,-426.0,A
12057808,24/25,4,2024-10-15 18:45:00+00:00,finished,Belarus,Luxembourg,1.0,1.0,"UEFA Nations League, League C, Gr. 3",96.0,1242.876029,98.0,1232.81815,2.0,10.057878999999957,1.2,1.0,0.0,-0.4,3.0,3.0,1467.0,1470.0,-3.0,D
12057818,24/25,4,2024-10-15 18:45:00+00:00,finished,Kosovo,Cyprus,3.0,0.0,"UEFA Nations League, League C, Gr. 2",78.0,1319.120924,124.0,1133.247165,46.0,185.87375900000006,1.8,1.2,1.0,-1.8,3.0,3.0,1536.0,1290.0,246.0,H
12057922,24/25,4,2024-10-15 18:45:00+00:00,finished,Scotland,Portugal,0.0,0.0,"UEFA Nations League, League A, Gr. 1",42.0,1491.223887,7.0,1787.854725,-35.0,-296.6308379999998,0.8,2.4,-0.4,1.4,3.0,3.0,1708.0,1984.0,-276.0,D
12057888,24/25,4,2024-10-15 18:45:00+00:00,finished,Spain,Serbia,3.0,0.0,"UEFA Nations League, League A, Gr. 4",1.0,1995.881879,40.0,1502.133186,39.0,493.748693,2.0,2.0,0.8,1.0,3.0,3.0,2166.0,1806.0,360.0,H
12057883,24/25,4,2024-10-15 18:45:00+00:00,finished,Switzerland,Denmark,2.0,2.0,"UEFA Nations League, League A, Gr. 4",14.0,1710.884769,21.0,1619.474248,7.0,91.41052100000002,1.2,1.8,-1.0,0.8,3.0,3.0,1822.0,1863.0,-41.0,D
12057927,24/25,4,2024-10-15 18:45:00+00:00,finished,Poland,Croatia,3.0,3.0,"UEFA Nations League, League A, Gr. 1",36.0,1526.183359,13.0,1723.050142,-23.0,-196.86678299999994,1.2,2.4,-0.6,0.8,3.0,3.0,1733.0,1912.0,-179.0,D
12057846,24/25,5,2024-11-14 15:00:00+00:00,finished,Kazakhstan,Austria,0.0,2.0,"UEFA Nations League, League B, Gr. 3",111.0,1180.780449,23.0,1598.822839,-88.0,-418.04238999999984,0.2,1.4,-2.2,1.0,32.0,31.0,1435.0,1884.0,-449.0,A
12057795,24/25,5,2024-11-14 17:00:00+00:00,finished,Armenia,Faroe Islands,0.0,1.0,"UEFA Nations League, League C, Gr. 4",107.0,1189.632762,123.0,1136.585036,16.0,53.04772600000001,0.8,1.2,-0.4,0.0,32.0,31.0,1391.0,1280.0,111.0,A
12057848,24/25,5,2024-11-14 19:45:00+00:00,finished,Slovenia,Norway,1.0,4.0,"UEFA Nations League, League B, Gr. 3",56.0,1441.087158,19.0,1651.286867,-37.0,-210.19970899999998,1.6,1.4,0.2,-0.4,32.0,32.0,1714.0,1801.0,-87.0,A
12057863,24/25,5,2024-11-14 19:45:00+00:00,finished,Ireland,Finland,1.0,0.0,"UEFA Nations League, League B, Gr. 2",55.0,1441.096901,75.0,1341.922408,20.0,99.17449299999998,1.2,0.6,-0.8,-1.2,32.0,32.0,1613.0,1557.0,56.0,H
12057858,24/25,5,2024-11-14 19:45:00+00:00,finished,Greece,England,0.0,3.0,"UEFA Nations League, League B, Gr. 2",46.0,1473.187305,4.0,1922.831632,-42.0,-449.644327,3.0,2.0,2.0,1.0,32.0,32.0,1793.0,2001.0,-208.0,A
12057792,24/25,5,2024-11-14 19:45:00+00:00,finished,North Macedonia,Latvia,1.0,0.0,"UEFA Nations League, League C, Gr. 4",69.0,1369.159317,137.0,1085.660758,68.0,283.4985590000001,2.0,1.0,1.2,-1.0,32.0,32.0,1607.0,1296.0,311.0,H
12057906,24/25,5,2024-11-14 19:45:00+00:00,finished,Belgium,Italy,0.0,1.0,"UEFA Nations League, League A, Gr. 2",8.0,1778.355242,15.0,1704.733836,7.0,73.62140599999998,0.8,2.6,-0.4,1.6,31.0,31.0,1885.0,1964.0,-79.0,A
12057916,24/25,5,2024-11-14 19:45:00+00:00,finished,France,Israel,0.0,0.0,"UEFA Nations League, League A, Gr. 2",3.0,1948.970817,76.0,1333.904007,73.0,615.0668099999998,1.8,0.6,0.4,-1.6,31.0,31.0,2022.0,1567.0,455.0,D
12057777,24/25,5,2024-11-15 17:00:00+00:00,finished,Cyprus,Lithuania,2.0,1.0,"UEFA Nations League, League C, Gr. 2",124.0,1133.247165,149.0,1056.850321,25.0,76.3968440000001,0.6,0.0,-2.6,-1.2,30.0,30.0,1305.0,1288.0,17.0,H
12057930,24/25,5,2024-11-15 19:45:00+00:00,finished,Portugal,Poland,5.0,1.0,"UEFA Nations League, League A, Gr. 1",7.0,1787.854725,36.0,1526.183359,29.0,261.6713659999998,2.0,1.4,0.6,-0.2,31.0,31.0,1993.0,1724.0,269.0,H
12057918,24/25,5,2024-11-15 19:45:00+00:00,finished,Scotland,Croatia,1.0,0.0,"UEFA Nations League, League A, Gr. 1",42.0,1491.223887,13.0,1723.050142,-29.0,-231.82625499999995,0.4,2.0,-0.6,0.6,31.0,31.0,1734.0,1886.0,-152.0,H
12057884,24/25,5,2024-11-15 19:45:00+00:00,finished,Denmark,Spain,1.0,2.0,"UEFA Nations League, League A, Gr. 4",21.0,1619.474248,1.0,1995.881879,-20.0,-376.40763100000004,2.0,2.6,1.0,1.6,31.0,31.0,1854.0,2175.0,-321.0,A
12057889,24/25,5,2024-11-15 19:45:00+00:00,finished,Switzerland,Serbia,1.0,1.0,"UEFA Nations League, League A, Gr. 4",14.0,1710.884769,40.0,1502.133186,26.0,208.75158299999998,0.8,1.4,-1.2,-0.2,31.0,31.0,1816.0,1812.0,4.0,D
12057816,24/25,5,2024-11-15 19:45:00+00:00,canceled,Romania,Kosovo,3.0,0.0,"UEFA Nations League, League C, Gr. 2",52.0,1455.894657,78.0,1319.120924,26.0,136.773733,,,,,,,1715.0,1550.0,165.0,
12057812,24/25,5,2024-11-15 19:45:00+00:00,finished,Luxembourg,Bulgaria,0.0,1.0,"UEFA Nations League, League C, Gr. 3",98.0,1232.81815,85.0,1271.683325,-13.0,-38.86517499999991,1.0,1.6,-0.4,-0.6,31.0,31.0,1444.0,1494.0,-50.0,A
12057803,24/25,5,2024-11-15 19:45:00+00:00,finished,Northern Ireland,Belarus,2.0,0.0,"UEFA Nations League, League C, Gr. 3",70.0,1365.296485,96.0,1242.876029,26.0,122.42045600000006,1.4,1.4,0.8,0.2,31.0,31.0,1560.0,1451.0,109.0,H
12265085,24/25,5,2024-11-15 19:45:00+00:00,finished,San Marino,Gibraltar,1.0,1.0,"UEFA Nations League, League D, Gr. 1",211.0,721.201827,202.0,820.260818,-9.0,-99.05899099999999,0.6,1.0,-1.4,-0.8,36.0,33.0,799.0,1050.0,-251.0,D
12057828,24/25,5,2024-11-16 14:00:00+00:00,finished,Azerbaijan,Estonia,0.0,0.0,"UEFA Nations League, League C, Gr. 1",126.0,1131.995112,127.0,1130.63629,1.0,1.3588220000001456,0.6,1.2,-1.0,-0.2,32.0,32.0,1405.0,1379.0,26.0,D
12057784,24/25,5,2024-11-16 17:00:00+00:00,finished,Andorra,Moldova,0.0,1.0,"UEFA Nations League, League D, Gr. 2",172.0,946.429826,159.0,1008.240035,-13.0,-61.810208999999986,0.8,2.4,-0.4,1.2,37.0,34.0,1069.0,1360.0,-291.0,A
12057838,24/25,5,2024-11-16 17:00:00+00:00,finished,Türkiye,Wales,0.0,0.0,"UEFA Nations League, League B, Gr. 4",27.0,1582.54473,38.0,1516.946629,11.0,65.59810100000004,2.0,1.6,0.8,0.2,32.0,32.0,1823.0,1717.0,106.0,D
12057834,24/25,5,2024-11-16 17:00:00+00:00,finished,Montenegro,Iceland,0.0,2.0,"UEFA Nations League, League B, Gr. 4",80.0,1301.977191,74.0,1342.771961,-6.0,-40.79476999999997,0.0,1.0,-1.4,-0.4,32.0,32.0,1472.0,1591.0,-119.0,A
12057869,24/25,5,2024-11-16 17:00:00+00:00,finished,Georgia,Ukraine,1.0,1.0,"UEFA Nations League, League B, Gr. 1",72.0,1355.261687,33.0,1549.287173,-39.0,-194.025486,1.8,1.0,0.6,-0.2,33.0,32.0,1703.0,1784.0,-81.0,D
12057899,24/25,5,2024-11-16 19:45:00+00:00,finished,Germany,Bosnia & Herzegovina,7.0,0.0,"UEFA Nations League, League A, Gr. 3",12.0,1726.218839,61.0,1408.930486,49.0,317.2883529999999,2.2,0.2,1.4,-1.8,33.0,33.0,1977.0,1468.0,509.0,H
12057892,24/25,5,2024-11-16 19:45:00+00:00,finished,Netherlands,Hungary,4.0,0.0,"UEFA Nations League, League A, Gr. 3",9.0,1775.54224,39.0,1506.393663,30.0,269.14857699999993,1.6,1.0,0.6,-1.0,33.0,33.0,1954.0,1772.0,182.0,H
12057866,24/25,5,2024-11-16 19:45:00+00:00,finished,Albania,Czechia,0.0,0.0,"UEFA Nations League, League B, Gr. 1",67.0,1376.033234,48.0,1467.260216,-19.0,-91.22698199999991,1.4,1.4,-0.2,-0.2,33.0,33.0,1653.0,1741.0,-88.0,D
12057829,24/25,5,2024-11-16 19:45:00+00:00,finished,Sweden,Slovakia,2.0,1.0,"UEFA Nations League, League C, Gr. 1",37.0,1525.578992,45.0,1473.660727,8.0,51.91826500000002,2.2,2.2,1.6,1.0,33.0,33.0,1737.0,1698.0,39.0,H
12057791,24/25,6,2024-11-17 14:00:00+00:00,finished,North Macedonia,Faroe Islands,1.0,0.0,"UEFA Nations League, League C, Gr. 4",69.0,1369.159317,123.0,1136.585036,54.0,232.57428100000016,2.6,1.2,1.6,0.0,2.0,2.0,1610.0,1277.0,333.0,H
12057793,24/25,6,2024-11-17 14:00:00+00:00,finished,Latvia,Armenia,1.0,2.0,"UEFA Nations League, League C, Gr. 4",137.0,1085.660758,107.0,1189.632762,-30.0,-103.97200399999997,0.8,0.8,-1.2,-0.4,2.0,2.0,1276.0,1411.0,-135.0,A
12057845,24/25,6,2024-11-17 17:00:00+00:00,finished,Norway,Kazakhstan,5.0,0.0,"UEFA Nations League, League B, Gr. 3",19.0,1651.286867,111.0,1180.780449,92.0,470.50641799999994,2.0,0.2,0.6,-2.0,2.0,3.0,1806.0,1430.0,376.0,H
12057844,24/25,6,2024-11-17 17:00:00+00:00,finished,Austria,Slovenia,1.0,1.0,"UEFA Nations League, League B, Gr. 3",23.0,1598.822839,56.0,1441.087158,33.0,157.7356809999999,2.0,1.4,1.8,-0.4,3.0,2.0,1871.0,1727.0,144.0,D
12057861,24/25,6,2024-11-17 17:00:00+00:00,finished,England,Ireland,5.0,0.0,"UEFA Nations League, League B, Gr. 2",4.0,1922.831632,55.0,1441.096901,51.0,481.734731,2.4,1.2,1.6,-0.8,2.0,2.0,2006.0,1608.0,398.0,H
12057857,24/25,6,2024-11-17 17:00:00+00:00,finished,Finland,Greece,0.0,2.0,"UEFA Nations League, League B, Gr. 2",75.0,1341.922408,46.0,1473.187305,-29.0,-131.26489700000002,0.0,2.4,-1.8,1.0,2.0,2.0,1538.0,1812.0,-274.0,A
12057965,24/25,6,2024-11-17 19:45:00+00:00,finished,Israel,Belgium,1.0,0.0,"UEFA Nations League, League A, Gr. 2",76.0,1333.904007,8.0,1778.355242,-68.0,-444.451235,0.2,0.8,-1.8,-0.4,3.0,3.0,1601.0,1851.0,-250.0,H
12057911,24/25,6,2024-11-17 19:45:00+00:00,finished,Italy,France,1.0,3.0,"UEFA Nations League, League A, Gr. 2",15.0,1704.733836,3.0,1948.970817,-12.0,-244.2369809999998,2.6,2.0,1.4,0.8,3.0,3.0,1930.0,2056.0,-126.0,A
12057917,24/25,6,2024-11-18 19:45:00+00:00,finished,Croatia,Portugal,1.0,1.0,"UEFA Nations League, League A, Gr. 1",13.0,1723.050142,7.0,1787.854725,-6.0,-64.80458299999987,1.4,2.6,0.0,1.6,3.0,3.0,1886.0,1993.0,-107.0,D
12057920,24/25,6,2024-11-18 19:45:00+00:00,finished,Poland,Scotland,1.0,2.0,"UEFA Nations League, League A, Gr. 1",36.0,1526.183359,42.0,1491.223887,6.0,34.959472000000005,0.8,0.8,-1.2,-0.4,3.0,3.0,1699.0,1759.0,-60.0,A
12057890,24/25,6,2024-11-18 19:45:00+00:00,finished,Serbia,Denmark,0.0,0.0,"UEFA Nations League, League A, Gr. 4",40.0,1502.133186,21.0,1619.474248,-19.0,-117.34106199999997,1.0,1.4,-0.6,0.4,3.0,3.0,1809.0,1857.0,-48.0,D
12057898,24/25,6,2024-11-18 19:45:00+00:00,finished,Spain,Switzerland,3.0,2.0,"UEFA Nations League, League A, Gr. 4",1.0,1995.881879,14.0,1710.884769,13.0,284.99711,2.6,0.4,1.6,-1.4,3.0,3.0,2178.0,1813.0,365.0,H
12057780,24/25,6,2024-11-18 19:45:00+00:00,finished,Kosovo,Lithuania,1.0,0.0,"UEFA Nations League, League C, Gr. 2",78.0,1319.120924,149.0,1056.850321,71.0,262.27060300000016,2.4,0.0,1.8,-1.2,34.0,3.0,1554.0,1284.0,270.0,H
12057811,24/25,6,2024-11-18 19:45:00+00:00,finished,Romania,Cyprus,4.0,1.0,"UEFA Nations League, League C, Gr. 2",52.0,1455.894657,124.0,1133.247165,72.0,322.64749200000006,3.0,1.2,2.4,-1.6,34.0,3.0,1719.0,1301.0,418.0,H
12057809,24/25,6,2024-11-18 19:45:00+00:00,finished,Bulgaria,Belarus,1.0,1.0,"UEFA Nations League, League C, Gr. 3",85.0,1271.683325,96.0,1242.876029,11.0,28.80729599999995,1.6,1.2,-0.6,-0.2,3.0,3.0,1486.0,1459.0,27.0,D
12057806,24/25,6,2024-11-18 19:45:00+00:00,finished,Luxembourg,Northern Ireland,2.0,2.0,"UEFA Nations League, League C, Gr. 3",98.0,1232.81815,70.0,1365.296485,-28.0,-132.47833500000002,0.4,2.0,-0.8,1.6,3.0,3.0,1445.0,1559.0,-114.0,D
12057790,24/25,6,2024-11-18 19:45:00+00:00,finished,Liechtenstein,San Marino,1.0,3.0,"UEFA Nations League, League D, Gr. 1",206.0,797.701009,211.0,721.201827,5.0,76.49918200000002,0.4,0.8,-1.0,-1.0,36.0,3.0,913.0,848.0,65.0,A
12057776,24/25,6,2024-11-19 19:45:00+00:00,finished,Malta,Andorra,0.0,0.0,"UEFA Nations League, League D, Gr. 2",161.0,992.793497,172.0,946.429826,11.0,46.363670999999954,1.8,0.8,0.0,-0.4,37.0,3.0,1269.0,1083.0,186.0,D
12057824,24/25,6,2024-11-19 19:45:00+00:00,finished,Sweden,Azerbaijan,6.0,0.0,"UEFA Nations League, League C, Gr. 1",37.0,1525.578992,126.0,1131.995112,89.0,393.5838799999999,2.6,0.2,1.8,-1.6,3.0,3.0,1744.0,1398.0,346.0,H
12057820,24/25,6,2024-11-19 19:45:00+00:00,finished,Slovakia,Estonia,1.0,0.0,"UEFA Nations League, League C, Gr. 1",45.0,1473.660727,127.0,1130.63629,82.0,343.02443700000003,2.0,0.8,0.8,-1.0,3.0,3.0,1701.0,1376.0,325.0,H
12057833,24/25,6,2024-11-19 19:45:00+00:00,finished,Wales,Iceland,4.0,1.0,"UEFA Nations League, League B, Gr. 4",38.0,1516.946629,74.0,1342.771961,36.0,174.1746680000001,1.8,1.4,0.4,0.0,3.0,3.0,1732.0,1576.0,156.0,H
12057893,24/25,6,2024-11-19 19:45:00+00:00,finished,Bosnia & Herzegovina,Netherlands,1.0,1.0,"UEFA Nations League, League A, Gr. 3",61.0,1408.930486,9.0,1775.54224,-52.0,-366.611754,0.2,1.6,-2.6,1.2,3.0,3.0,1484.0,1938.0,-454.0,D
12057865,24/25,6,2024-11-19 19:45:00+00:00,finished,Czechia,Georgia,2.0,1.0,"UEFA Nations League, League B, Gr. 1",48.0,1467.260216,72.0,1355.261687,24.0,111.99852899999996,1.6,1.4,0.0,0.4,3.0,3.0,1753.0,1691.0,62.0,H
12057877,24/25,6,2024-11-19 19:45:00+00:00,finished,Albania,Ukraine,1.0,2.0,"UEFA Nations League, League B, Gr. 1",67.0,1376.033234,33.0,1549.287173,-34.0,-173.25393899999995,1.4,1.0,-0.2,-0.2,3.0,3.0,1635.0,1802.0,-167.0,A
12057894,24/25,6,2024-11-19 19:45:00+00:00,finished,Hungary,Germany,1.0,1.0,"UEFA Nations League, League A, Gr. 3",39.0,1506.393663,12.0,1726.218839,-27.0,-219.82517599999983,1.0,2.6,-1.4,2.8,3.0,3.0,1778.0,1971.0,-193.0,D
12057839,24/25,6,2024-11-19 19:45:00+00:00,finished,Montenegro,Türkiye,3.0,1.0,"UEFA Nations League, League B, Gr. 4",80.0,1301.977191,27.0,1582.54473,-53.0,-280.5675390000001,0.0,2.2,-1.4,1.0,3.0,3.0,1521.0,1774.0,-253.0,H
15537726,26/27,1,2026-09-24 16:00:00+00:00,notstarted,Andorra,Malta,,,"UEFA Nations League, League D, Gr. 1",172.0,946.429826,161.0,992.793497,-11.0,-46.363670999999954,,,,,,,1080.0,1255.0,-175.0,
15534155,26/27,1,2026-09-24 18:45:00+00:00,notstarted,Austria,Israel,,,"UEFA Nations League, League B, Gr. 3",23.0,1598.822839,76.0,1333.904007,53.0,264.91883199999984,,,,,,,1821.0,1647.0,174.0,
15534241,26/27,1,2026-09-24 18:45:00+00:00,notstarted,Liechtenstein,Lithuania,,,"UEFA Nations League, League D, Gr. 2",206.0,797.701009,149.0,1056.850321,-57.0,-259.1493119999999,,,,,,,895.0,1279.0,-384.0,
15534165,26/27,1,2026-09-24 18:45:00+00:00,notstarted,Kosovo,Ireland,,,"UEFA Nations League, League B, Gr. 3",78.0,1319.120924,55.0,1441.096901,-23.0,-121.97597699999983,,,,,,,1714.0,1699.0,15.0,
15534097,26/27,1,2026-09-24 18:45:00+00:00,notstarted,Portugal,Wales,,,"UEFA Nations League, League A, Gr. 4",7.0,1787.854725,38.0,1516.946629,31.0,270.9080959999999,,,,,,,1995.0,1682.0,313.0,
15534071,26/27,1,2026-09-24 18:45:00+00:00,notstarted,Serbia,Greece,,,"UEFA Nations League, League A, Gr. 2",40.0,1502.133186,46.0,1473.187305,6.0,28.9458810000001,,,,,,,1734.0,1744.0,-10.0,
15534057,26/27,1,2026-09-24 18:45:00+00:00,notstarted,Netherlands,Germany,,,"UEFA Nations League, League A, Gr. 2",9.0,1775.54224,12.0,1726.218839,3.0,49.3234010000001,,,,,,,1971.0,1907.0,64.0,
15534100,26/27,1,2026-09-24 18:45:00+00:00,notstarted,Norway,Denmark,,,"UEFA Nations League, League A, Gr. 4",19.0,1651.286867,21.0,1619.474248,2.0,31.81261900000004,,,,,,,1952.0,1869.0,83.0,
15534138,26/27,1,2026-09-25 16:00:00+00:00,notstarted,Georgia,Northern Ireland,,,"UEFA Nations League, League B, Gr. 2",72.0,1355.261687,70.0,1365.296485,-2.0,-10.034798000000137,,,,,,,1654.0,1605.0,49.0,
15537760,26/27,1,2026-09-25 16:00:00+00:00,notstarted,Armenia,Latvia,,,"UEFA Nations League, League C, Gr. 2",107.0,1189.632762,137.0,1085.660758,30.0,103.97200399999997,,,,,,,1373.0,1288.0,85.0,
15534178,26/27,1,2026-09-25 18:45:00+00:00,notstarted,Sweden,Romania,,,"UEFA Nations League, League B, Gr. 4",37.0,1525.578992,52.0,1455.894657,15.0,69.68433499999992,,,,,,,1731.0,1639.0,92.0,
15534037,26/27,1,2026-09-25 18:45:00+00:00,notstarted,Italy,Belgium,,,"UEFA Nations League, League A, Gr. 1",15.0,1704.733836,8.0,1778.355242,-7.0,-73.62140599999998,,,,,,,1869.0,1947.0,-78.0,
15534031,26/27,1,2026-09-25 18:45:00+00:00,notstarted,Türkiye,France,,,"UEFA Nations League, League A, Gr. 1",27.0,1582.54473,3.0,1948.970817,-24.0,-366.4260869999998,,,,,,,1852.0,2070.0,-218.0,
15534128,26/27,1,2026-09-25 18:45:00+00:00,notstarted,Hungary,Ukraine,,,"UEFA Nations League, League B, Gr. 2",39.0,1506.393663,33.0,1549.287173,-6.0,-42.89350999999988,,,,,,,1710.0,1780.0,-70.0,
15534167,26/27,1,2026-09-25 18:45:00+00:00,notstarted,Poland,Bosnia & Herzegovina,,,"UEFA Nations League, League B, Gr. 4",36.0,1526.183359,61.0,1408.930486,25.0,117.25287300000014,,,,,,,1710.0,1605.0,105.0,
15534183,26/27,1,2026-09-25 18:45:00+00:00,notstarted,Montenegro,Cyprus,,,"UEFA Nations League, League C, Gr. 2",80.0,1301.977191,124.0,1133.247165,44.0,168.73002599999995,,,,,,,1461.0,1314.0,147.0,
15534109,26/27,1,2026-09-26 13:00:00+00:00,notstarted,Slovenia,Scotland,,,"UEFA Nations League, League B, Gr. 1",56.0,1441.087158,42.0,1491.223887,-14.0,-50.13672900000006,,,,,,,1682.0,1745.0,-63.0,
15534152,26/27,1,2026-09-26 16:00:00+00:00,notstarted,San Marino,Finland,,,"UEFA Nations League, League C, Gr. 1",211.0,721.201827,75.0,1341.922408,-136.0,-620.7205809999999,,,,,,,825.0,1536.0,-711.0,
15534194,26/27,1,2026-09-26 16:00:00+00:00,notstarted,Faroe Islands,Kazakhstan,,,"UEFA Nations League, League C, Gr. 3",123.0,1136.585036,111.0,1180.780449,-12.0,-44.195413000000144,,,,,,,1386.0,1428.0,-42.0,
15537761,26/27,1,2026-09-26 16:00:00+00:00,notstarted,Bulgaria,Luxembourg,,,"UEFA Nations League, League C, Gr. 4",85.0,1271.683325,98.0,1232.81815,13.0,38.86517499999991,,,,,,,1458.0,1450.0,8.0,
15534233,26/27,1,2026-09-26 16:00:00+00:00,notstarted,Iceland,Estonia,,,"UEFA Nations League, League C, Gr. 4",74.0,1342.771961,127.0,1130.63629,53.0,212.135671,,,,,,,1568.0,1360.0,208.0,
15534142,26/27,1,2026-09-26 18:45:00+00:00,notstarted,Albania,Belarus,,,"UEFA Nations League, League C, Gr. 1",67.0,1376.033234,96.0,1242.876029,29.0,133.15720499999998,,,,,,,1616.0,1522.0,94.0,
15534115,26/27,1,2026-09-26 18:45:00+00:00,notstarted,North Macedonia,Switzerland,,,"UEFA Nations League, League B, Gr. 1",69.0,1369.159317,14.0,1710.884769,-55.0,-341.7254519999999,,,,,,,1589.0,1928.0,-339.0,
15534193,26/27,1,2026-09-26 18:45:00+00:00,notstarted,Slovakia,Moldova,,,"UEFA Nations League, League C, Gr. 3",45.0,1473.660727,159.0,1008.240035,114.0,465.4206919999999,,,,,,,1667.0,1270.0,397.0,
15534090,26/27,1,2026-09-26 18:45:00+00:00,notstarted,Czechia,Croatia,,,"UEFA Nations League, League A, Gr. 3",48.0,1467.260216,13.0,1723.050142,-35.0,-255.78992600000015,,,,,,,1680.0,1881.0,-201.0,
15534084,26/27,1,2026-09-26 18:45:00+00:00,notstarted,England,Spain,,,"UEFA Nations League, League A, Gr. 3",4.0,1922.831632,1.0,1995.881879,-3.0,-73.05024700000013,,,,,,,2125.0,2259.0,-134.0,
15534242,26/27,2,2026-09-27 13:00:00+00:00,notstarted,Lithuania,Azerbaijan,,,"UEFA Nations League, League D, Gr. 2",149.0,1056.850321,126.0,1131.995112,-23.0,-75.14479100000017,,,,,,,1279.0,1322.0,-43.0,
15534101,26/27,2,2026-09-27 16:00:00+00:00,notstarted,Denmark,Wales,,,"UEFA Nations League, League A, Gr. 4",21.0,1619.474248,38.0,1516.946629,17.0,102.52761899999996,,,,,,,1869.0,1682.0,187.0,
15534068,26/27,2,2026-09-27 16:00:00+00:00,notstarted,Serbia,Netherlands,,,"UEFA Nations League, League A, Gr. 2",40.0,1502.133186,9.0,1775.54224,-31.0,-273.40905399999997,,,,,,,1734.0,1971.0,-237.0,
15534162,26/27,2,2026-09-27 16:00:00+00:00,notstarted,Austria,Kosovo,,,"UEFA Nations League, League B, Gr. 3",23.0,1598.822839,78.0,1319.120924,55.0,279.7019149999999,,,,,,,1821.0,1714.0,107.0,
15537762,26/27,2,2026-09-27 16:00:00+00:00,notstarted,Gibraltar,Andorra,,,"UEFA Nations League, League D, Gr. 1",202.0,820.260818,172.0,946.429826,-30.0,-126.16900800000008,,,,,,,1011.0,1080.0,-69.0,
15534060,26/27,2,2026-09-27 18:45:00+00:00,notstarted,Germany,Greece,,,"UEFA Nations League, League A, Gr. 2",12.0,1726.218839,46.0,1473.187305,34.0,253.03153399999997,,,,,,,1907.0,1744.0,163.0,
15534096,26/27,2,2026-09-27 18:45:00+00:00,notstarted,Norway,Portugal,,,"UEFA Nations League, League A, Gr. 4",19.0,1651.286867,7.0,1787.854725,-12.0,-136.5678579999999,,,,,,,1952.0,1995.0,-43.0,
15534156,26/27,2,2026-09-27 18:45:00+00:00,notstarted,Israel,Ireland,,,"UEFA Nations League, League B, Gr. 3",76.0,1333.904007,55.0,1441.096901,-21.0,-107.1928939999998,,,,,,,1647.0,1699.0,-52.0,
15534135,26/27,2,2026-09-28 16:00:00+00:00,notstarted,Georgia,Ukraine,,,"UEFA Nations League, League B, Gr. 2",72.0,1355.261687,33.0,1549.287173,-39.0,-194.025486,,,,,,,1654.0,1780.0,-126.0,
15534181,26/27,2,2026-09-28 16:00:00+00:00,notstarted,Armenia,Montenegro,,,"UEFA Nations League, League C, Gr. 2",107.0,1189.632762,80.0,1301.977191,-27.0,-112.34442899999999,,,,,,,1373.0,1461.0,-88.0,
15537764,26/27,2,2026-09-28 16:00:00+00:00,notstarted,Latvia,Cyprus,,,"UEFA Nations League, League C, Gr. 2",137.0,1085.660758,124.0,1133.247165,-13.0,-47.58640700000001,,,,,,,1288.0,1314.0,-26.0,
15534172,26/27,2,2026-09-28 18:45:00+00:00,notstarted,Sweden,Poland,,,"UEFA Nations League, League B, Gr. 4",37.0,1525.578992,36.0,1526.183359,-1.0,-0.6043670000001384,,,,,,,1731.0,1710.0,21.0,
15534133,26/27,2,2026-09-28 18:45:00+00:00,notstarted,Northern Ireland,Hungary,,,"UEFA Nations League, League B, Gr. 2",70.0,1365.296485,39.0,1506.393663,-31.0,-141.09717799999999,,,,,,,1605.0,1710.0,-105.0,
15534174,26/27,2,2026-09-28 18:45:00+00:00,notstarted,Romania,Bosnia & Herzegovina,,,"UEFA Nations League, League B, Gr. 4",52.0,1455.894657,61.0,1408.930486,9.0,46.96417100000008,,,,,,,1639.0,1605.0,34.0,
15534026,26/27,2,2026-09-28 18:45:00+00:00,notstarted,Belgium,France,,,"UEFA Nations League, League A, Gr. 1",8.0,1778.355242,3.0,1948.970817,-5.0,-170.6155749999998,,,,,,,1947.0,2070.0,-123.0,
15534051,26/27,2,2026-09-28 18:45:00+00:00,notstarted,Türkiye,Italy,,,"UEFA Nations League, League A, Gr. 1",27.0,1582.54473,15.0,1704.733836,-12.0,-122.18910600000004,,,,,,,1852.0,1869.0,-17.0,
15534150,26/27,2,2026-09-29 16:00:00+00:00,notstarted,Finland,Belarus,,,"UEFA Nations League, League C, Gr. 1",75.0,1341.922408,96.0,1242.876029,21.0,99.04637899999989,,,,,,,1536.0,1522.0,14.0,
15534199,26/27,2,2026-09-29 16:00:00+00:00,notstarted,Moldova,Faroe Islands,,,"UEFA Nations League, League C, Gr. 3",159.0,1008.240035,123.0,1136.585036,-36.0,-128.3450009999999,,,,,,,1270.0,1386.0,-116.0,
15537765,26/27,2,2026-09-29 18:45:00+00:00,notstarted,Luxembourg,Iceland,,,"UEFA Nations League, League C, Gr. 4",98.0,1232.81815,74.0,1342.771961,-24.0,-109.95381099999986,,,,,,,1450.0,1568.0,-118.0,
15534106,26/27,2,2026-09-29 18:45:00+00:00,notstarted,Scotland,Switzerland,,,"UEFA Nations League, League B, Gr. 1",42.0,1491.223887,14.0,1710.884769,-28.0,-219.6608819999999,,,,,,,1745.0,1928.0,-183.0,
15534116,26/27,2,2026-09-29 18:45:00+00:00,notstarted,Slovenia,North Macedonia,,,"UEFA Nations League, League B, Gr. 1",56.0,1441.087158,69.0,1369.159317,13.0,71.92784099999994,,,,,,,1682.0,1589.0,93.0,
15534147,26/27,2,2026-09-29 18:45:00+00:00,notstarted,San Marino,Albania,,,"UEFA Nations League, League C, Gr. 1",211.0,721.201827,67.0,1376.033234,-144.0,-654.831407,,,,,,,825.0,1616.0,-791.0,
15534191,26/27,2,2026-09-29 18:45:00+00:00,notstarted,Slovakia,Kazakhstan,,,"UEFA Nations League, League C, Gr. 3",45.0,1473.660727,111.0,1180.780449,66.0,292.88027799999986,,,,,,,1667.0,1428.0,239.0,
15534235,26/27,2,2026-09-29 18:45:00+00:00,notstarted,Bulgaria,Estonia,,,"UEFA Nations League, League C, Gr. 4",85.0,1271.683325,127.0,1130.63629,42.0,141.04703500000005,,,,,,,1458.0,1360.0,98.0,
15534092,26/27,2,2026-09-29 18:45:00+00:00,notstarted,Czechia,England,,,"UEFA Nations League, League A, Gr. 3",48.0,1467.260216,4.0,1922.831632,-44.0,-455.571416,,,,,,,1680.0,2125.0,-445.0,
15534081,26/27,2,2026-09-29 18:45:00+00:00,notstarted,Spain,Croatia,,,"UEFA Nations League, League A, Gr. 3",1.0,1995.881879,13.0,1723.050142,12.0,272.831737,,,,,,,2259.0,1881.0,378.0,
15534238,26/27,3,2026-10-01 16:00:00+00:00,notstarted,Azerbaijan,Liechtenstein,,,"UEFA Nations League, League D, Gr. 2",126.0,1131.995112,206.0,797.701009,80.0,334.29410300000006,,,,,,,1322.0,895.0,427.0,
15534058,26/27,3,2026-10-01 18:45:00+00:00,notstarted,Germany,Serbia,,,"UEFA Nations League, League A, Gr. 2",12.0,1726.218839,40.0,1502.133186,28.0,224.08565299999987,,,,,,,1907.0,1734.0,173.0,
15534070,26/27,3,2026-10-01 18:45:00+00:00,notstarted,Greece,Netherlands,,,"UEFA Nations League, League A, Gr. 2",46.0,1473.187305,9.0,1775.54224,-37.0,-302.35493500000007,,,,,,,1744.0,1971.0,-227.0,
15534094,26/27,3,2026-10-01 18:45:00+00:00,notstarted,Denmark,Portugal,,,"UEFA Nations League, League A, Gr. 4",21.0,1619.474248,7.0,1787.854725,-14.0,-168.38047699999993,,,,,,,1869.0,1995.0,-126.0,
15534104,26/27,3,2026-10-01 18:45:00+00:00,notstarted,Wales,Norway,,,"UEFA Nations League, League A, Gr. 4",38.0,1516.946629,19.0,1651.286867,-19.0,-134.340238,,,,,,,1682.0,1952.0,-270.0,
15534161,26/27,3,2026-10-01 18:45:00+00:00,notstarted,Ireland,Austria,,,"UEFA Nations League, League B, Gr. 3",55.0,1441.096901,23.0,1598.822839,-32.0,-157.72593800000004,,,,,,,1699.0,1821.0,-122.0,
15534158,26/27,3,2026-10-01 18:45:00+00:00,notstarted,Israel,Kosovo,,,"UEFA Nations League, League B, Gr. 3",76.0,1333.904007,78.0,1319.120924,2.0,14.783083000000033,,,,,,,1647.0,1714.0,-67.0,
15537766,26/27,3,2026-10-01 18:45:00+00:00,notstarted,Malta,Gibraltar,,,"UEFA Nations League, League D, Gr. 1",161.0,992.793497,202.0,820.260818,41.0,172.53267900000003,,,,,,,1255.0,1011.0,244.0,
15534190,26/27,3,2026-10-02 14:00:00+00:00,notstarted,Kazakhstan,Moldova,,,"UEFA Nations League, League C, Gr. 3",111.0,1180.780449,159.0,1008.240035,48.0,172.54041400000006,,,,,,,1428.0,1270.0,158.0,
15534185,26/27,3,2026-10-02 16:00:00+00:00,notstarted,Cyprus,Armenia,,,"UEFA Nations League, League C, Gr. 2",124.0,1133.247165,107.0,1189.632762,-17.0,-56.38559699999996,,,,,,,1314.0,1373.0,-59.0,
15537767,26/27,3,2026-10-02 16:00:00+00:00,notstarted,Latvia,Montenegro,,,"UEFA Nations League, League C, Gr. 2",137.0,1085.660758,80.0,1301.977191,-57.0,-216.31643299999996,,,,,,,1288.0,1461.0,-173.0,
15534040,26/27,3,2026-10-02 18:45:00+00:00,notstarted,Belgium,Türkiye,,,"UEFA Nations League, League A, Gr. 1",8.0,1778.355242,27.0,1582.54473,19.0,195.81051200000002,,,,,,,1947.0,1852.0,95.0,
15534028,26/27,3,2026-10-02 18:45:00+00:00,notstarted,France,Italy,,,"UEFA Nations League, League A, Gr. 1",3.0,1948.970817,15.0,1704.733836,12.0,244.2369809999998,,,,,,,2070.0,1869.0,201.0,
15534130,26/27,3,2026-10-02 18:45:00+00:00,notstarted,Hungary,Georgia,,,"UEFA Nations League, League B, Gr. 2",39.0,1506.393663,72.0,1355.261687,33.0,151.13197600000012,,,,,,,1710.0,1654.0,56.0,
15534136,26/27,3,2026-10-02 18:45:00+00:00,notstarted,Ukraine,Northern Ireland,,,"UEFA Nations League, League B, Gr. 2",33.0,1549.287173,70.0,1365.296485,37.0,183.99068799999986,,,,,,,1780.0,1605.0,175.0,
15534175,26/27,3,2026-10-02 18:45:00+00:00,notstarted,Bosnia & Herzegovina,Sweden,,,"UEFA Nations League, League B, Gr. 4",61.0,1408.930486,37.0,1525.578992,-24.0,-116.648506,,,,,,,1605.0,1731.0,-126.0,
15534169,26/27,3,2026-10-02 18:45:00+00:00,notstarted,Poland,Romania,,,"UEFA Nations League, League B, Gr. 4",36.0,1526.183359,52.0,1455.894657,16.0,70.28870200000006,,,,,,,1710.0,1639.0,71.0,
15534195,26/27,3,2026-10-02 18:45:00+00:00,notstarted,Faroe Islands,Slovakia,,,"UEFA Nations League, League C, Gr. 3",123.0,1136.585036,45.0,1473.660727,-78.0,-337.075691,,,,,,,1386.0,1667.0,-281.0,
15534146,26/27,3,2026-10-03 13:00:00+00:00,notstarted,Finland,Albania,,,"UEFA Nations League, League C, Gr. 1",75.0,1341.922408,67.0,1376.033234,-8.0,-34.11082600000009,,,,,,,1536.0,1616.0,-80.0,
15534149,26/27,3,2026-10-03 16:00:00+00:00,notstarted,Belarus,San Marino,,,"UEFA Nations League, League C, Gr. 1",96.0,1242.876029,211.0,721.201827,115.0,521.674202,,,,,,,1522.0,825.0,697.0,
15534087,26/27,3,2026-10-03 16:00:00+00:00,notstarted,Croatia,England,,,"UEFA Nations League, League A, Gr. 3",13.0,1723.050142,4.0,1922.831632,-9.0,-199.78148999999985,,,,,,,1881.0,2125.0,-244.0,
15537768,26/27,3,2026-10-03 16:00:00+00:00,notstarted,Estonia,Luxembourg,,,"UEFA Nations League, League C, Gr. 4",127.0,1130.63629,98.0,1232.81815,-29.0,-102.18186000000014,,,,,,,1360.0,1450.0,-90.0,
15534232,26/27,3,2026-10-03 16:00:00+00:00,notstarted,Iceland,Bulgaria,,,"UEFA Nations League, League C, Gr. 4",74.0,1342.771961,85.0,1271.683325,11.0,71.08863599999995,,,,,,,1568.0,1458.0,110.0,
15534111,26/27,3,2026-10-03 18:45:00+00:00,notstarted,North Macedonia,Scotland,,,"UEFA Nations League, League B, Gr. 1",69.0,1369.159317,42.0,1491.223887,-27.0,-122.06457,,,,,,,1589.0,1745.0,-156.0,
15534112,26/27,3,2026-10-03 18:45:00+00:00,notstarted,Switzerland,Slovenia,,,"UEFA Nations League, League B, Gr. 1",14.0,1710.884769,56.0,1441.087158,42.0,269.79761099999996,,,,,,,1928.0,1682.0,246.0,
15534085,26/27,3,2026-10-03 18:45:00+00:00,notstarted,Spain,Czechia,,,"UEFA Nations League, League A, Gr. 3",1.0,1995.881879,48.0,1467.260216,47.0,528.6216630000001,,,,,,,2259.0,1680.0,579.0,
15534239,26/27,4,2026-10-04 13:00:00+00:00,notstarted,Azerbaijan,Lithuania,,,"UEFA Nations League, League D, Gr. 2",126.0,1131.995112,149.0,1056.850321,23.0,75.14479100000017,,,,,,,1322.0,1279.0,43.0,
15534163,26/27,4,2026-10-04 16:00:00+00:00,notstarted,Kosovo,Austria,,,"UEFA Nations League, League B, Gr. 3",78.0,1319.120924,23.0,1598.822839,-55.0,-279.7019149999999,,,,,,,1714.0,1821.0,-107.0,
15537769,26/27,4,2026-10-04 16:00:00+00:00,notstarted,Malta,Andorra,,,"UEFA Nations League, League D, Gr. 1",161.0,992.793497,172.0,946.429826,11.0,46.363670999999954,,,,,,,1255.0,1080.0,175.0,
15534102,26/27,4,2026-10-04 18:45:00+00:00,notstarted,Wales,Denmark,,,"UEFA Nations League, League A, Gr. 4",38.0,1516.946629,21.0,1619.474248,-17.0,-102.52761899999996,,,,,,,1682.0,1869.0,-187.0,
15534061,26/27,4,2026-10-04 18:45:00+00:00,notstarted,Greece,Germany,,,"UEFA Nations League, League A, Gr. 2",46.0,1473.187305,12.0,1726.218839,-34.0,-253.03153399999997,,,,,,,1744.0,1907.0,-163.0,
15534067,26/27,4,2026-10-04 18:45:00+00:00,notstarted,Netherlands,Serbia,,,"UEFA Nations League, League A, Gr. 2",9.0,1775.54224,40.0,1502.133186,31.0,273.40905399999997,,,,,,,1971.0,1734.0,237.0,
15534095,26/27,4,2026-10-04 18:45:00+00:00,notstarted,Portugal,Norway,,,"UEFA Nations League, League A, Gr. 4",7.0,1787.854725,19.0,1651.286867,12.0,136.5678579999999,,,,,,,1995.0,1952.0,43.0,
15534157,26/27,4,2026-10-04 18:45:00+00:00,notstarted,Ireland,Israel,,,"UEFA Nations League, League B, Gr. 3",55.0,1441.096901,76.0,1333.904007,21.0,107.1928939999998,,,,,,,1699.0,1647.0,52.0,
15537770,26/27,4,2026-10-05 16:00:00+00:00,notstarted,Cyprus,Latvia,,,"UEFA Nations League, League C, Gr. 2",124.0,1133.247165,137.0,1085.660758,13.0,47.58640700000001,,,,,,,1314.0,1288.0,26.0,
15534129,26/27,4,2026-10-05 18:45:00+00:00,notstarted,Ukraine,Hungary,,,"UEFA Nations League, League B, Gr. 2",33.0,1549.287173,39.0,1506.393663,6.0,42.89350999999988,,,,,,,1780.0,1710.0,70.0,
15534139,26/27,4,2026-10-05 18:45:00+00:00,notstarted,Northern Ireland,Georgia,,,"UEFA Nations League, League B, Gr. 2",70.0,1365.296485,72.0,1355.261687,2.0,10.034798000000137,,,,,,,1605.0,1654.0,-49.0,
15534168,26/27,4,2026-10-05 18:45:00+00:00,notstarted,Bosnia & Herzegovina,Poland,,,"UEFA Nations League, League B, Gr. 4",61.0,1408.930486,36.0,1526.183359,-25.0,-117.25287300000014,,,,,,,1605.0,1710.0,-105.0,
15534027,26/27,4,2026-10-05 18:45:00+00:00,notstarted,France,Belgium,,,"UEFA Nations League, League A, Gr. 1",3.0,1948.970817,8.0,1778.355242,5.0,170.6155749999998,,,,,,,2070.0,1947.0,123.0,
15534182,26/27,4,2026-10-05 18:45:00+00:00,notstarted,Montenegro,Armenia,,,"UEFA Nations League, League C, Gr. 2",80.0,1301.977191,107.0,1189.632762,27.0,112.34442899999999,,,,,,,1461.0,1373.0,88.0,
15534050,26/27,4,2026-10-05 18:45:00+00:00,notstarted,Italy,Türkiye,,,"UEFA Nations League, League A, Gr. 1",15.0,1704.733836,27.0,1582.54473,12.0,122.18910600000004,,,,,,,1869.0,1852.0,17.0,
15534177,26/27,4,2026-10-05 18:45:00+00:00,notstarted,Romania,Sweden,,,"UEFA Nations League, League B, Gr. 4",52.0,1455.894657,37.0,1525.578992,-15.0,-69.68433499999992,,,,,,,1639.0,1731.0,-92.0,
15534189,26/27,4,2026-10-06 14:00:00+00:00,notstarted,Kazakhstan,Faroe Islands,,,"UEFA Nations League, League C, Gr. 3",111.0,1180.780449,123.0,1136.585036,12.0,44.195413000000144,,,,,,,1428.0,1386.0,42.0,
15537771,26/27,4,2026-10-06 18:45:00+00:00,notstarted,Luxembourg,Bulgaria,,,"UEFA Nations League, League C, Gr. 4",98.0,1232.81815,85.0,1271.683325,-13.0,-38.86517499999991,,,,,,,1450.0,1458.0,-8.0,
15534236,26/27,4,2026-10-06 18:45:00+00:00,notstarted,Estonia,Iceland,,,"UEFA Nations League, League C, Gr. 4",127.0,1130.63629,74.0,1342.771961,-53.0,-212.135671,,,,,,,1360.0,1568.0,-208.0,
15534198,26/27,4,2026-10-06 18:45:00+00:00,notstarted,Moldova,Slovakia,,,"UEFA Nations League, League C, Gr. 3",159.0,1008.240035,45.0,1473.660727,-114.0,-465.4206919999999,,,,,,,1270.0,1667.0,-397.0,
15534148,26/27,4,2026-10-06 18:45:00+00:00,notstarted,Belarus,Finland,,,"UEFA Nations League, League C, Gr. 1",96.0,1242.876029,75.0,1341.922408,-21.0,-99.04637899999989,,,,,,,1522.0,1536.0,-14.0,
15534144,26/27,4,2026-10-06 18:45:00+00:00,notstarted,Albania,San Marino,,,"UEFA Nations League, League C, Gr. 1",67.0,1376.033234,211.0,721.201827,144.0,654.831407,,,,,,,1616.0,825.0,791.0,
15534114,26/27,4,2026-10-06 18:45:00+00:00,notstarted,Switzerland,North Macedonia,,,"UEFA Nations League, League B, Gr. 1",14.0,1710.884769,69.0,1369.159317,55.0,341.7254519999999,,,,,,,1928.0,1589.0,339.0,
15534108,26/27,4,2026-10-06 18:45:00+00:00,notstarted,Scotland,Slovenia,,,"UEFA Nations League, League B, Gr. 1",42.0,1491.223887,56.0,1441.087158,14.0,50.13672900000006,,,,,,,1745.0,1682.0,63.0,
15534082,26/27,4,2026-10-06 18:45:00+00:00,notstarted,Croatia,Spain,,,"UEFA Nations League, League A, Gr. 3",13.0,1723.050142,1.0,1995.881879,-12.0,-272.831737,,,,,,,1881.0,2259.0,-378.0,
15534091,26/27,4,2026-10-06 18:45:00+00:00,notstarted,England,Czechia,,,"UEFA Nations League, League A, Gr. 3",4.0,1922.831632,48.0,1467.260216,44.0,455.571416,,,,,,,2125.0,1680.0,445.0,
15534041,26/27,5,2026-11-12 17:00:00+00:00,notstarted,Türkiye,Belgium,,,"UEFA Nations League, League A, Gr. 1",27.0,1582.54473,8.0,1778.355242,-19.0,-195.81051200000002,,,,,,,1852.0,1947.0,-95.0,
15534180,26/27,5,2026-11-12 17:00:00+00:00,notstarted,Armenia,Cyprus,,,"UEFA Nations League, League C, Gr. 2",107.0,1189.632762,124.0,1133.247165,17.0,56.38559699999996,,,,,,,1373.0,1314.0,59.0,
15534030,26/27,5,2026-11-12 19:45:00+00:00,notstarted,Italy,France,,,"UEFA Nations League, League A, Gr. 1",15.0,1704.733836,3.0,1948.970817,-12.0,-244.2369809999998,,,,,,,1869.0,2070.0,-201.0,
15534086,26/27,5,2026-11-12 19:45:00+00:00,notstarted,Czechia,Spain,,,"UEFA Nations League, League A, Gr. 3",48.0,1467.260216,1.0,1995.881879,-47.0,-528.6216630000001,,,,,,,1680.0,2259.0,-579.0,
15534088,26/27,5,2026-11-12 19:45:00+00:00,notstarted,England,Croatia,,,"UEFA Nations League, League A, Gr. 3",4.0,1922.831632,13.0,1723.050142,9.0,199.78148999999985,,,,,,,2125.0,1881.0,244.0,
15534143,26/27,5,2026-11-12 19:45:00+00:00,notstarted,Albania,Finland,,,"UEFA Nations League, League C, Gr. 1",67.0,1376.033234,75.0,1341.922408,8.0,34.11082600000009,,,,,,,1616.0,1536.0,80.0,
15534153,26/27,5,2026-11-12 19:45:00+00:00,notstarted,San Marino,Belarus,,,"UEFA Nations League, League C, Gr. 1",211.0,721.201827,96.0,1242.876029,-115.0,-521.674202,,,,,,,825.0,1522.0,-697.0,
15537773,26/27,5,2026-11-12 19:45:00+00:00,notstarted,Montenegro,Latvia,,,"UEFA Nations League, League C, Gr. 2",80.0,1301.977191,137.0,1085.660758,57.0,216.31643299999996,,,,,,,1461.0,1288.0,173.0,
15534197,26/27,5,2026-11-13 17:00:00+00:00,notstarted,Moldova,Kazakhstan,,,"UEFA Nations League, League C, Gr. 3",159.0,1008.240035,111.0,1180.780449,-48.0,-172.54041400000006,,,,,,,1270.0,1428.0,-158.0,
15534192,26/27,5,2026-11-13 19:45:00+00:00,notstarted,Slovakia,Faroe Islands,,,"UEFA Nations League, League C, Gr. 3",45.0,1473.660727,123.0,1136.585036,78.0,337.075691,,,,,,,1667.0,1386.0,281.0,
15537775,26/27,5,2026-11-13 19:45:00+00:00,notstarted,Andorra,Gibraltar,,,"UEFA Nations League, League D, Gr. 1",172.0,946.429826,202.0,820.260818,30.0,126.16900800000008,,,,,,,1080.0,1011.0,69.0,
15537774,26/27,5,2026-11-13 19:45:00+00:00,notstarted,Luxembourg,Estonia,,,"UEFA Nations League, League C, Gr. 4",98.0,1232.81815,127.0,1130.63629,29.0,102.18186000000014,,,,,,,1450.0,1360.0,90.0,
15534234,26/27,5,2026-11-13 19:45:00+00:00,notstarted,Bulgaria,Iceland,,,"UEFA Nations League, League C, Gr. 4",85.0,1271.683325,74.0,1342.771961,-11.0,-71.08863599999995,,,,,,,1458.0,1568.0,-110.0,
15534059,26/27,5,2026-11-13 19:45:00+00:00,notstarted,Serbia,Germany,,,"UEFA Nations League, League A, Gr. 2",40.0,1502.133186,12.0,1726.218839,-28.0,-224.08565299999987,,,,,,,1734.0,1907.0,-173.0,
15534110,26/27,5,2026-11-13 19:45:00+00:00,notstarted,Scotland,North Macedonia,,,"UEFA Nations League, League B, Gr. 1",42.0,1491.223887,69.0,1369.159317,27.0,122.06457,,,,,,,1745.0,1589.0,156.0,
15534240,26/27,5,2026-11-13 19:45:00+00:00,notstarted,Liechtenstein,Azerbaijan,,,"UEFA Nations League, League D, Gr. 2",206.0,797.701009,126.0,1131.995112,-80.0,-334.29410300000006,,,,,,,895.0,1322.0,-427.0,
15534069,26/27,5,2026-11-13 19:45:00+00:00,notstarted,Netherlands,Greece,,,"UEFA Nations League, League A, Gr. 2",9.0,1775.54224,46.0,1473.187305,37.0,302.35493500000007,,,,,,,1971.0,1744.0,227.0,
15534113,26/27,5,2026-11-13 19:45:00+00:00,notstarted,Slovenia,Switzerland,,,"UEFA Nations League, League B, Gr. 1",56.0,1441.087158,14.0,1710.884769,-42.0,-269.79761099999996,,,,,,,1682.0,1928.0,-246.0,
15534159,26/27,5,2026-11-14 14:00:00+00:00,notstarted,Kosovo,Israel,,,"UEFA Nations League, League B, Gr. 3",78.0,1319.120924,76.0,1333.904007,-2.0,-14.783083000000033,,,,,,,1714.0,1647.0,67.0,
15534103,26/27,5,2026-11-14 17:00:00+00:00,notstarted,Norway,Wales,,,"UEFA Nations League, League A, Gr. 4",19.0,1651.286867,38.0,1516.946629,19.0,134.340238,,,,,,,1952.0,1682.0,270.0,
15534131,26/27,5,2026-11-14 17:00:00+00:00,notstarted,Georgia,Hungary,,,"UEFA Nations League, League B, Gr. 2",72.0,1355.261687,39.0,1506.393663,-33.0,-151.13197600000012,,,,,,,1654.0,1710.0,-56.0,
15534093,26/27,5,2026-11-14 19:45:00+00:00,notstarted,Portugal,Denmark,,,"UEFA Nations League, League A, Gr. 4",7.0,1787.854725,21.0,1619.474248,14.0,168.38047699999993,,,,,,,1995.0,1869.0,126.0,
15534137,26/27,5,2026-11-14 19:45:00+00:00,notstarted,Northern Ireland,Ukraine,,,"UEFA Nations League, League B, Gr. 2",70.0,1365.296485,33.0,1549.287173,-37.0,-183.99068799999986,,,,,,,1605.0,1780.0,-175.0,
15534160,26/27,5,2026-11-14 19:45:00+00:00,notstarted,Austria,Ireland,,,"UEFA Nations League, League B, Gr. 3",23.0,1598.822839,55.0,1441.096901,32.0,157.72593800000004,,,,,,,1821.0,1699.0,122.0,
15534170,26/27,5,2026-11-14 19:45:00+00:00,notstarted,Romania,Poland,,,"UEFA Nations League, League B, Gr. 4",52.0,1455.894657,36.0,1526.183359,-16.0,-70.28870200000006,,,,,,,1639.0,1710.0,-71.0,
15534176,26/27,5,2026-11-14 19:45:00+00:00,notstarted,Sweden,Bosnia & Herzegovina,,,"UEFA Nations League, League B, Gr. 4",37.0,1525.578992,61.0,1408.930486,24.0,116.648506,,,,,,,1731.0,1605.0,126.0,
15537776,26/27,6,2026-11-15 14:00:00+00:00,notstarted,Latvia,Armenia,,,"UEFA Nations League, League C, Gr. 2",137.0,1085.660758,107.0,1189.632762,-30.0,-103.97200399999997,,,,,,,1288.0,1373.0,-85.0,
15534184,26/27,6,2026-11-15 14:00:00+00:00,notstarted,Cyprus,Montenegro,,,"UEFA Nations League, League C, Gr. 2",124.0,1133.247165,80.0,1301.977191,-44.0,-168.73002599999995,,,,,,,1314.0,1461.0,-147.0,
15534145,26/27,6,2026-11-15 17:00:00+00:00,notstarted,Belarus,Albania,,,"UEFA Nations League, League C, Gr. 1",96.0,1242.876029,67.0,1376.033234,-29.0,-133.15720499999998,,,,,,,1522.0,1616.0,-94.0,
15534151,26/27,6,2026-11-15 17:00:00+00:00,notstarted,Finland,San Marino,,,"UEFA Nations League, League C, Gr. 1",75.0,1341.922408,211.0,721.201827,136.0,620.7205809999999,,,,,,,1536.0,825.0,711.0,
15534036,26/27,6,2026-11-15 19:45:00+00:00,notstarted,Belgium,Italy,,,"UEFA Nations League, League A, Gr. 1",8.0,1778.355242,15.0,1704.733836,7.0,73.62140599999998,,,,,,,1947.0,1869.0,78.0,
15534029,26/27,6,2026-11-15 19:45:00+00:00,notstarted,France,Türkiye,,,"UEFA Nations League, League A, Gr. 1",3.0,1948.970817,27.0,1582.54473,24.0,366.4260869999998,,,,,,,2070.0,1852.0,218.0,
15534089,26/27,6,2026-11-15 19:45:00+00:00,notstarted,Croatia,Czechia,,,"UEFA Nations League, League A, Gr. 3",13.0,1723.050142,48.0,1467.260216,35.0,255.78992600000015,,,,,,,1881.0,1680.0,201.0,
15534083,26/27,6,2026-11-15 19:45:00+00:00,notstarted,Spain,England,,,"UEFA Nations League, League A, Gr. 3",1.0,1995.881879,4.0,1922.831632,3.0,73.05024700000013,,,,,,,2259.0,2125.0,134.0,
15534196,26/27,6,2026-11-16 15:00:00+00:00,notstarted,Faroe Islands,Moldova,,,"UEFA Nations League, League C, Gr. 3",123.0,1136.585036,159.0,1008.240035,36.0,128.3450009999999,,,,,,,1386.0,1270.0,116.0,
15534188,26/27,6,2026-11-16 15:00:00+00:00,notstarted,Kazakhstan,Slovakia,,,"UEFA Nations League, League C, Gr. 3",111.0,1180.780449,45.0,1473.660727,-66.0,-292.88027799999986,,,,,,,1428.0,1667.0,-239.0,
15534243,26/27,6,2026-11-16 17:00:00+00:00,notstarted,Lithuania,Liechtenstein,,,"UEFA Nations League, League D, Gr. 2",149.0,1056.850321,206.0,797.701009,57.0,259.1493119999999,,,,,,,1279.0,895.0,384.0,
15534237,26/27,6,2026-11-16 17:00:00+00:00,notstarted,Estonia,Bulgaria,,,"UEFA Nations League, League C, Gr. 4",127.0,1130.63629,85.0,1271.683325,-42.0,-141.04703500000005,,,,,,,1360.0,1458.0,-98.0,
15537777,26/27,6,2026-11-16 17:00:00+00:00,notstarted,Iceland,Luxembourg,,,"UEFA Nations League, League C, Gr. 4",74.0,1342.771961,98.0,1232.81815,24.0,109.95381099999986,,,,,,,1568.0,1450.0,118.0,
15534107,26/27,6,2026-11-16 19:45:00+00:00,notstarted,Switzerland,Scotland,,,"UEFA Nations League, League B, Gr. 1",14.0,1710.884769,42.0,1491.223887,28.0,219.6608819999999,,,,,,,1928.0,1745.0,183.0,
15534117,26/27,6,2026-11-16 19:45:00+00:00,notstarted,North Macedonia,Slovenia,,,"UEFA Nations League, League B, Gr. 1",69.0,1369.159317,56.0,1441.087158,-13.0,-71.92784099999994,,,,,,,1589.0,1682.0,-93.0,
15537778,26/27,6,2026-11-16 19:45:00+00:00,notstarted,Gibraltar,Malta,,,"UEFA Nations League, League D, Gr. 1",202.0,820.260818,161.0,992.793497,-41.0,-172.53267900000003,,,,,,,1011.0,1255.0,-244.0,
15534056,26/27,6,2026-11-16 19:45:00+00:00,notstarted,Germany,Netherlands,,,"UEFA Nations League, League A, Gr. 2",12.0,1726.218839,9.0,1775.54224,-3.0,-49.3234010000001,,,,,,,1907.0,1971.0,-64.0,
15534072,26/27,6,2026-11-16 19:45:00+00:00,notstarted,Greece,Serbia,,,"UEFA Nations League, League A, Gr. 2",46.0,1473.187305,40.0,1502.133186,-6.0,-28.9458810000001,,,,,,,1744.0,1734.0,10.0,
15534099,26/27,6,2026-11-17 19:45:00+00:00,notstarted,Denmark,Norway,,,"UEFA Nations League, League A, Gr. 4",21.0,1619.474248,19.0,1651.286867,-2.0,-31.81261900000004,,,,,,,1869.0,1952.0,-83.0,
15534132,26/27,6,2026-11-17 19:45:00+00:00,notstarted,Hungary,Northern Ireland,,,"UEFA Nations League, League B, Gr. 2",39.0,1506.393663,70.0,1365.296485,31.0,141.09717799999999,,,,,,,1710.0,1605.0,105.0,
15534134,26/27,6,2026-11-17 19:45:00+00:00,notstarted,Ukraine,Georgia,,,"UEFA Nations League, League B, Gr. 2",33.0,1549.287173,72.0,1355.261687,39.0,194.025486,,,,,,,1780.0,1654.0,126.0,
15534164,26/27,6,2026-11-17 19:45:00+00:00,notstarted,Ireland,Kosovo,,,"UEFA Nations League, League B, Gr. 3",55.0,1441.096901,78.0,1319.120924,23.0,121.97597699999983,,,,,,,1699.0,1714.0,-15.0,
15534154,26/27,6,2026-11-17 19:45:00+00:00,notstarted,Israel,Austria,,,"UEFA Nations League, League B, Gr. 3",76.0,1333.904007,23.0,1598.822839,-53.0,-264.91883199999984,,,,,,,1647.0,1821.0,-174.0,
15534173,26/27,6,2026-11-17 19:45:00+00:00,notstarted,Bosnia & Herzegovina,Romania,,,"UEFA Nations League, League B, Gr. 4",61.0,1408.930486,52.0,1455.894657,-9.0,-46.96417100000008,,,,,,,1605.0,1639.0,-34.0,
15534171,26/27,6,2026-11-17 19:45:00+00:00,notstarted,Poland,Sweden,,,"UEFA Nations League, League B, Gr. 4",36.0,1526.183359,37.0,1525.578992,1.0,0.6043670000001384,,,,,,,1710.0,1731.0,-21.0,
15534098,26/27,6,2026-11-17 19:45:00+00:00,notstarted,Wales,Portugal,,,"UEFA Nations League, League A, Gr. 4",38.0,1516.946629,7.0,1787.854725,-31.0,-270.9080959999999,,,,,,,1682.0,1995.0,-313.0,
